index,title,artist,top_genre,year,beats_per_minute_bpm,energy,danceability,loudness_db,liveness,valence,length_duration,acousticness,speechiness,popularity,segmento_popularity,popularity_quartile,decade,artist_match,title_match,artist_grammy_nominations,artist_grammy_wins,artist_has_grammy_record,cluster_asignado,nombre_cluster,pca_1,pca_2,tasa_premium_genero,total_canciones_genero,popularity_promedio_genero
1,sunrise,norah jones,adult standards,2004,157,30,53,-14,11,68,201,94,3,71,rendimiento_medio,q3_medio_alto,2000,norah jones,sunrise,5,5,True,1,Baladas Acusticas,-2.1570016513782,0.8851536338795337,20.32520325203252,123,62.577235772357724
2,black night,deep purple,album rock,2000,135,79,50,-11,17,81,207,17,7,39,zona_critica,q1_bajo,2000,deep purple,black night,0,0,False,0,Canciones Energeticas,0.8771606705687404,0.5296195992878857,20.823244552058114,413,60.69491525423729
3,clint eastwood,gorillaz,alternative hip hop,2001,168,69,66,-9,7,52,341,2,17,69,rendimiento_medio,q3_medio_alto,2000,gorillaz,clint eastwood,0,0,False,0,Canciones Energeticas,1.0039080668046618,0.19266000350281026,50.0,2,74.5
4,the pretender,foo fighters,alternative metal,2007,173,96,43,-4,3,37,269,0,4,76,potencial_premium,q4_alto,2000,foo fighters,the pretender,10,10,True,0,Canciones Energeticas,1.938922792983137,-1.726704572647525,37.142857142857146,70,66.01428571428572
5,waitin' on a sunny day,bruce springsteen,classic rock,2002,106,82,58,-5,10,87,256,1,3,59,rendimiento_medio,q2_medio_bajo,2000,bruce springsteen,waitin on a sunny day,13,13,True,0,Canciones Energeticas,2.257305333900293,0.325293726664765,27.450980392156865,51,62.15686274509804
6,the road ahead (miles of the unknown),city to city,alternative pop rock,2004,99,46,54,-9,14,14,247,0,2,45,zona_critica,q1_bajo,2000,city to city,the road ahead miles of the unknown,0,0,False,0,Canciones Energeticas,-0.20756745937387136,-1.1790899664505388,0.0,7,49.714285714285715
7,she will be loved,maroon 5,pop,2002,102,71,71,-6,13,54,257,6,3,74,potencial_premium,q4_alto,2000,maroon 5,she will be loved,2,2,True,0,Canciones Energeticas,1.5092705734488359,0.13642244166119394,42.5531914893617,47,67.61702127659575
8,knights of cydonia,muse,modern rock,2006,137,96,37,-5,12,21,366,0,14,69,rendimiento_medio,q3_medio_alto,2000,muse,knights of cydonia,2,2,True,0,Canciones Energeticas,1.489228643834582,-2.2213012622627866,48.97959183673469,49,68.59183673469387
9,mr. brightside,the killers,modern rock,2004,148,92,36,-4,10,23,223,0,8,77,potencial_premium,q4_alto,2000,the killers,mr brightside,0,0,False,0,Canciones Energeticas,1.5106831203082123,-2.2269661069820548,48.97959183673469,49,68.59183673469387
10,without me,eminem,detroit hip hop,2002,112,67,91,-3,24,66,290,0,7,82,potencial_premium,q4_alto,2000,eminem,without me,11,11,True,0,Canciones Energeticas,2.3713138510987513,0.8925558913876864,85.71428571428571,7,76.0
11,love me tender,elvis presley,adult standards,2002,109,5,44,-16,11,31,162,88,4,49,zona_critica,q1_bajo,2000,elvis presley,love me tender,3,3,True,1,Baladas Acusticas,-3.624185853769842,-0.04236492456675472,20.32520325203252,123,62.577235772357724
12,seven nation army,the white stripes,alternative rock,2003,124,46,74,-8,26,32,232,1,8,74,potencial_premium,q4_alto,2000,the white stripes,seven nation army,4,4,True,0,Canciones Energeticas,0.4383602014246598,-0.06606265879483272,39.53488372093023,86,66.94186046511628
13,als het golft,de dijk,dutch indie,2000,102,88,54,-6,53,59,214,2,3,34,zona_critica,q1_bajo,2000,de dijk,als het golft,0,0,False,0,Canciones Energeticas,1.8047509992704354,-0.3813166706638614,0.0,75,37.266666666666666
14,i'm going home,ten years after,album rock,2005,117,93,38,-2,81,40,639,18,10,26,zona_critica,q1_bajo,2000,ten years after,i m going home,0,0,False,0,Canciones Energeticas,1.7767695309566047,-1.8922638837687118,20.823244552058114,413,60.69491525423729
15,fluorescent adolescent,arctic monkeys,garage rock,2007,112,81,65,-5,14,82,173,0,3,66,rendimiento_medio,q3_medio_alto,2000,arctic monkeys,fluorescent adolescent,0,0,False,0,Canciones Energeticas,2.3429320217622576,0.3209228222015098,25.0,4,65.75
16,zonder jou,paul de leeuw,dutch cabaret,2006,133,42,42,-10,16,25,236,84,4,48,zona_critica,q1_bajo,2000,paul de leeuw,zonder jou,0,0,False,1,Baladas Acusticas,-1.85138823083119,-1.0505196026240549,0.0,51,46.05882352941177
17,speed of sound,coldplay,permanent wave,2005,123,90,52,-7,7,36,288,0,6,69,rendimiento_medio,q3_medio_alto,2000,coldplay,speed of sound,6,6,True,0,Canciones Energeticas,1.4747491651028122,-1.0804735059903432,34.21052631578947,38,67.65789473684211
18,uninvited,alanis morissette,alternative rock,2005,127,54,38,-5,9,19,276,2,3,57,rendimiento_medio,q2_medio_bajo,2000,alanis morissette,uninvited,5,5,True,0,Canciones Energeticas,0.34824346195059913,-2.0450147502351363,39.53488372093023,86,66.94186046511628
19,music,john miles,classic uk pop,2004,87,31,27,-13,63,12,352,1,3,46,zona_critica,q1_bajo,2000,john miles,music,0,0,False,1,Baladas Acusticas,-1.584541696872389,-1.8027415890535188,4.545454545454546,22,45.77272727272727
20,cry me a river,justin timberlake,dance pop,2002,74,65,62,-7,10,56,288,57,18,74,potencial_premium,q4_alto,2000,justin timberlake,cry me a river,4,4,True,0,Canciones Energeticas,0.2639694749654963,0.1188813786437471,50.602409638554214,83,68.51807228915662
21,fix you,coldplay,permanent wave,2005,138,42,21,-9,11,12,296,16,3,81,potencial_premium,q4_alto,2000,coldplay,fix you,6,6,True,1,Baladas Acusticas,-1.0843633839539941,-2.3982230447625748,34.21052631578947,38,67.65789473684211
22,the cave,mumford & sons,modern folk rock,2009,142,51,60,-10,11,35,218,5,4,67,rendimiento_medio,q3_medio_alto,2000,mumford sons,the cave,1,1,True,0,Canciones Energeticas,0.1286339551485174,-0.5000766963216271,0.0,7,62.142857142857146
23,als de morgen is gekomen,jan smit,dutch pop,2006,96,89,63,-6,9,81,176,5,3,55,rendimiento_medio,q2_medio_bajo,2000,jan smit,als de morgen is gekomen,0,0,False,0,Canciones Energeticas,2.276153373215027,0.3246469835011994,1.1363636363636365,88,45.23863636363637
24,somebody told me,the killers,modern rock,2004,138,99,51,-3,12,65,197,0,9,69,rendimiento_medio,q3_medio_alto,2000,the killers,somebody told me,0,0,False,0,Canciones Energeticas,2.610123547146867,-0.765923997966583,48.97959183673469,49,68.59183673469387
25,dichterbij dan ooit,bløf,dutch pop,2002,112,74,65,-7,23,52,261,18,3,16,zona_critica,q1_bajo,2000,bl f,dichterbij dan ooit,0,0,False,0,Canciones Energeticas,1.135497818272587,-0.018744011817861915,1.1363636363636365,88,45.23863636363637
26,miracle,ilse delange,dutch americana,2008,130,48,55,-8,10,18,270,48,3,50,rendimiento_medio,q2_medio_bajo,2000,ilse delange,miracle,0,0,False,1,Baladas Acusticas,-0.7033795008560989,-1.1081234297863192,0.0,12,42.833333333333336
27,smokers outside the hospital doors,editors,alternative dance,2007,123,68,53,-4,12,55,298,0,4,56,rendimiento_medio,q2_medio_bajo,2000,editors,smokers outside the hospital doors,0,0,False,0,Canciones Energeticas,1.6045897139456191,-0.8178878537716866,6.666666666666667,15,56.8
28,cleanin' out my closet,eminem,detroit hip hop,2002,148,76,91,-5,8,87,298,7,17,71,rendimiento_medio,q3_medio_alto,2000,eminem,cleanin out my closet,11,11,True,0,Canciones Energeticas,2.4953227708351022,1.5702373712983564,85.71428571428571,7,76.0
29,der weg,herbert grönemeyer,german pop,2008,142,24,34,-11,12,19,259,92,4,48,zona_critica,q1_bajo,2000,herbert gr nemeyer,der weg,0,0,False,1,Baladas Acusticas,-2.7614279332871554,-1.366278365703154,11.11111111111111,9,49.666666666666664
30,7 seconds (feat. neneh cherry),youssou n'dour,afropop,2004,154,70,68,-10,33,51,306,8,3,59,rendimiento_medio,q2_medio_bajo,2000,youssou n dour,7 seconds feat neneh cherry,1,1,True,0,Canciones Energeticas,0.8449669798627223,0.2605616130589321,0.0,1,59.0
31,the scientist,coldplay,permanent wave,2002,146,44,56,-7,11,21,310,73,2,84,potencial_premium,q4_alto,2000,coldplay,the scientist,6,6,True,1,Baladas Acusticas,-1.0993695715446101,-0.8311880027946221,34.21052631578947,38,67.65789473684211
32,big log - 2006 remaster,robert plant,album rock,2007,181,59,56,-9,20,68,306,32,3,57,rendimiento_medio,q2_medio_bajo,2000,robert plant,big log 2006 remaster,0,0,False,0,Canciones Energeticas,0.3794614892167582,0.1790895980460647,20.823244552058114,413,60.69491525423729
33,chasing pavements,adele,british soul,2008,80,47,62,-6,11,33,211,31,3,63,rendimiento_medio,q3_medio_alto,2000,adele,chasing pavements,11,11,True,0,Canciones Energeticas,0.1288201627435124,-0.7089034907605564,38.70967741935484,31,66.38709677419355
34,don't know why,norah jones,adult standards,2002,88,20,73,-12,7,62,186,88,3,74,potencial_premium,q4_alto,2000,norah jones,don t know why,5,5,True,1,Baladas Acusticas,-1.8480424594110034,1.3666725764584768,20.32520325203252,123,62.577235772357724
35,tears dry on their own,amy winehouse,british soul,2006,122,87,64,-3,29,45,185,49,12,72,potencial_premium,q4_alto,2000,amy winehouse,tears dry on their own,4,4,True,0,Canciones Energeticas,1.4372934610634134,-0.6456705456627829,38.70967741935484,31,66.38709677419355
36,the eyes of jenny,sandy coast,classic uk pop,2009,119,53,68,-12,8,68,264,34,4,44,zona_critica,q1_bajo,2000,sandy coast,the eyes of jenny,0,0,False,0,Canciones Energeticas,-0.014312666067297032,0.8545783535333914,4.545454545454546,22,45.77272727272727
37,iris,the goo goo dolls,alternative rock,2007,156,79,29,-6,8,51,290,0,4,75,potencial_premium,q4_alto,2000,the goo goo dolls,iris,0,0,False,0,Canciones Energeticas,1.2055355218521029,-1.6562778068299808,39.53488372093023,86,66.94186046511628
38,the saints are coming,u2,irish rock,2006,152,81,32,-7,15,12,202,8,5,40,zona_critica,q1_bajo,2000,u2,the saints are coming,18,18,True,0,Canciones Energeticas,0.5029374070746297,-2.3684421371988975,20.588235294117645,34,58.294117647058826
39,all my life,foo fighters,alternative metal,2002,168,60,58,-6,48,65,263,0,5,72,potencial_premium,q4_alto,2000,foo fighters,all my life,10,10,True,0,Canciones Energeticas,1.2771302567800378,-0.046417604363091385,37.142857142857146,70,66.01428571428572
40,de weg,guus meeuwis,dutch pop,2005,72,21,46,-11,11,26,266,91,3,42,zona_critica,q1_bajo,2000,guus meeuwis,de weg,0,0,False,1,Baladas Acusticas,-2.584162766963854,-0.6657693147698586,1.1363636363636365,88,45.23863636363637
41,don't let me be misunderstood,santa esmeralda,disco,2003,118,82,67,-9,5,78,629,3,8,59,rendimiento_medio,q2_medio_bajo,2000,santa esmeralda,don t let me be misunderstood,0,0,False,0,Canciones Energeticas,1.7067300084088397,0.7648026576108237,11.11111111111111,18,61.666666666666664
42,traffic - radio edit,tiësto,big room,2009,138,64,71,-10,19,10,177,0,9,53,rendimiento_medio,q2_medio_bajo,2000,ti sto,traffic radio edit,0,0,False,0,Canciones Energeticas,0.3789065355813653,-0.7728510246953644,42.857142857142854,7,69.42857142857143
43,take me out,franz ferdinand,alternative rock,2004,105,68,28,-9,14,49,237,0,4,74,potencial_premium,q4_alto,2000,franz ferdinand,take me out,0,0,False,0,Canciones Energeticas,0.43827078946201575,-1.3535041583318377,39.53488372093023,86,66.94186046511628
44,american idiot,green day,modern rock,2004,186,99,38,-2,37,77,176,0,6,78,potencial_premium,q4_alto,2000,green day,american idiot,4,4,True,0,Canciones Energeticas,2.7115914797351097,-1.0352473294893971,48.97959183673469,49,68.59183673469387
45,breaking the habit,linkin park,alternative metal,2003,100,85,58,-5,9,58,197,11,3,65,rendimiento_medio,q3_medio_alto,2000,linkin park,breaking the habit,1,1,True,0,Canciones Energeticas,1.7942101263204375,-0.3930732579110765,37.142857142857146,70,66.01428571428572
46,come undone,robbie williams,dance pop,2002,168,57,38,-5,35,26,278,4,3,56,rendimiento_medio,q2_medio_bajo,2000,robbie williams,come undone,0,0,False,0,Canciones Energeticas,0.45153028084136426,-1.7958851796436992,50.602409638554214,83,68.51807228915662
47,sweet jane,lou reed,art rock,2008,115,46,83,-10,70,88,331,48,6,43,zona_critica,q1_bajo,2000,lou reed,sweet jane,1,1,True,0,Canciones Energeticas,0.3227937996468058,1.8103133058692273,15.0,40,60.2
48,run,snow patrol,irish rock,2004,75,64,37,-6,17,20,355,0,3,65,rendimiento_medio,q3_medio_alto,2000,snow patrol,run,0,0,False,0,Canciones Energeticas,0.49088488205717906,-1.9840753812173404,20.588235294117645,34,58.294117647058826
49,"you're the first, the last, my everything",barry white,adult standards,2009,131,72,64,-7,14,80,213,1,4,67,rendimiento_medio,q3_medio_alto,2000,barry white,you re the first the last my everything,2,2,True,0,Canciones Energeticas,1.8034446160224413,0.3927271431542331,20.32520325203252,123,62.577235772357724
50,the day after tomorrow,saybia,danish pop rock,2005,76,77,46,-5,14,35,234,1,3,51,rendimiento_medio,q2_medio_bajo,2000,saybia,the day after tomorrow,0,0,False,0,Canciones Energeticas,1.2911933621049523,-1.4494219021728671,0.0,2,53.0
51,just breathe,pearl jam,alternative rock,2009,108,35,47,-11,8,28,216,72,3,69,rendimiento_medio,q3_medio_alto,2000,pearl jam,just breathe,1,1,True,1,Baladas Acusticas,-1.8200651258017029,-0.7992756967715275,39.53488372093023,86,66.94186046511628
52,dansen aan zee,bløf,dutch pop,2000,194,43,35,-11,10,26,275,16,3,52,rendimiento_medio,q2_medio_bajo,2000,bl f,dansen aan zee,0,0,False,1,Baladas Acusticas,-0.9918099228225371,-1.2335183867219264,1.1363636363636365,88,45.23863636363637
53,goodbye my lover,james blunt,neo mellow,2005,90,26,43,-13,9,27,259,95,5,69,rendimiento_medio,q3_medio_alto,2000,james blunt,goodbye my lover,0,0,False,1,Baladas Acusticas,-2.8245811191622407,-0.5810182269393023,58.82352941176471,17,71.41176470588235
54,the unforgiven iii,metallica,alternative metal,2008,122,77,30,-3,12,9,467,0,3,52,rendimiento_medio,q2_medio_bajo,2000,metallica,the unforgiven iii,7,7,True,0,Canciones Energeticas,1.0287664382408912,-2.9320111472730432,37.142857142857146,70,66.01428571428572
55,hurt,christina aguilera,dance pop,2006,149,30,33,-7,11,14,243,78,3,67,rendimiento_medio,q3_medio_alto,2000,christina aguilera,hurt,2,2,True,1,Baladas Acusticas,-1.9349183936125993,-1.88634212976004,50.602409638554214,83,68.51807228915662
56,grounds for divorce,elbow,britpop,2009,92,76,52,-5,57,63,219,42,3,43,zona_critica,q1_bajo,2000,elbow,grounds for divorce,0,0,False,0,Canciones Energeticas,1.0923124111878388,-0.5303832359017251,0.0,11,53.63636363636363
57,sometimes you can't make it on your own,u2,irish rock,2004,96,60,53,-6,11,35,305,0,2,57,rendimiento_medio,q2_medio_bajo,2000,u2,sometimes you can t make it on your own,18,18,True,0,Canciones Energeticas,0.8260271591482123,-1.0181756397452832,20.588235294117645,34,58.294117647058826
58,"listen (from the motion picture ""dreamgirls"")",beyoncé,dance pop,2006,123,59,48,-5,18,20,218,27,5,44,zona_critica,q1_bajo,2000,beyonc,listen from the motion picture dreamgirls,13,13,True,0,Canciones Energeticas,0.23624557191474646,-1.6271409563315369,50.602409638554214,83,68.51807228915662
59,i want it that way,backstreet boys,boy band,2001,99,70,69,-6,16,48,214,22,3,77,potencial_premium,q4_alto,2000,backstreet boys,i want it that way,0,0,False,0,Canciones Energeticas,1.0967082365063474,-0.004379924238156413,66.66666666666666,6,72.83333333333333
60,goin to the run,golden earring,album rock,2008,124,59,47,-8,28,18,236,42,3,38,zona_critica,q1_bajo,2000,golden earring,goin to the run,0,0,False,1,Baladas Acusticas,-0.4390847819656368,-1.4587011639064318,20.823244552058114,413,60.69491525423729
61,de neus umhoeg,rowwen hèze,carnaval limburg,2005,132,41,62,-14,10,51,215,7,3,32,zona_critica,q1_bajo,2000,rowwen h ze,de neus umhoeg,0,0,False,1,Baladas Acusticas,-0.5089048630574409,0.4706695304466016,0.0,10,36.5
62,solitary man,johnny cash,arkansas country,2000,86,56,44,-7,25,70,144,35,3,47,zona_critica,q1_bajo,2000,johnny cash,solitary man,8,8,True,0,Canciones Energeticas,0.2916668770314561,-0.17280208680804635,11.11111111111111,9,52.0
63,smoorverliefd,doe maar,dutch cabaret,2008,166,75,70,-9,19,91,195,13,10,48,zona_critica,q1_bajo,2000,doe maar,smoorverliefd,0,0,False,0,Canciones Energeticas,1.6345855731311683,1.1095821903275769,0.0,51,46.05882352941177
64,me gustas tu,manu chao,latin alternative,2001,176,74,66,-7,22,91,240,66,8,70,rendimiento_medio,q3_medio_alto,2000,manu chao,me gustas tu,0,0,False,0,Canciones Energeticas,0.861068384289738,1.1423205277200918,0.0,1,70.0
65,kryptonite,3 doors down,alternative metal,2000,99,87,55,-6,17,54,234,1,3,77,potencial_premium,q4_alto,2000,3 doors down,kryptonite,0,0,False,0,Canciones Energeticas,1.743917665193765,-0.4663955766893612,37.142857142857146,70,66.01428571428572
66,crazy,seal,british soul,2004,103,86,63,-7,7,73,357,21,5,63,rendimiento_medio,q3_medio_alto,2000,seal,crazy,2,2,True,0,Canciones Energeticas,1.6679669602567742,0.33119745963520075,38.70967741935484,31,66.38709677419355
67,family portrait,p!nk,dance pop,2001,92,69,76,-5,57,73,297,3,5,56,rendimiento_medio,q2_medio_bajo,2000,p nk,family portrait,0,0,False,0,Canciones Energeticas,1.959359156695291,0.7216929491381249,50.602409638554214,83,68.51807228915662
68,in the army now,status quo,album rock,2002,105,73,68,-8,14,94,281,11,2,59,rendimiento_medio,q2_medio_bajo,2000,status quo,in the army now,0,0,False,0,Canciones Energeticas,1.6937629237390286,1.1892245101344459,20.823244552058114,413,60.69491525423729
69,i surrender,saybia,danish pop rock,2004,136,43,28,-7,6,7,219,28,3,55,rendimiento_medio,q2_medio_bajo,2000,saybia,i surrender,0,0,False,1,Baladas Acusticas,-0.9595439936810187,-2.38162000364641,0.0,2,53.0
70,maybe tomorrow,stereophonics,britpop,2003,81,65,50,-7,33,57,273,22,4,64,rendimiento_medio,q3_medio_alto,2000,stereophonics,maybe tomorrow,0,0,False,0,Canciones Energeticas,0.6906546056622325,-0.4266708584639792,0.0,11,53.63636363636363
71,make you feel my love,adele,british soul,2008,77,18,55,-11,11,9,212,89,3,73,potencial_premium,q4_alto,2000,adele,make you feel my love,11,11,True,1,Baladas Acusticas,-2.6861801008898856,-0.8308962044364375,38.70967741935484,31,66.38709677419355
72,no one knows,queens of the stone age,alternative metal,2002,171,58,51,-5,37,67,279,3,6,65,rendimiento_medio,q3_medio_alto,2000,queens of the stone age,no one knows,0,0,False,0,Canciones Energeticas,1.2336225085036627,-0.3249632310691949,37.142857142857146,70,66.01428571428572
73,where do you go to (my lovely) - re-recorded,peter sarstedt,british folk,2008,183,44,56,-8,12,44,288,29,3,58,rendimiento_medio,q2_medio_bajo,2000,peter sarstedt,where do you go to my lovely re recorded,0,0,False,0,Canciones Energeticas,-0.1302947237738598,-0.4773996910889397,25.0,4,64.25
74,the wild rover,the dubliners,celtic,2008,178,68,30,-8,43,77,249,83,25,46,zona_critica,q1_bajo,2000,the dubliners,the wild rover,0,0,False,1,Baladas Acusticas,-0.35601086311709246,-0.5473817240420792,0.0,5,48.6
75,little lion man,mumford & sons,modern folk rock,2009,139,48,52,-8,9,46,247,3,3,67,rendimiento_medio,q3_medio_alto,2000,mumford sons,little lion man,1,1,True,0,Canciones Energeticas,0.38298926335117495,-0.694364543379992,0.0,7,62.142857142857146
76,dirty diana,michael jackson,pop,2003,131,80,75,-5,42,37,281,24,5,55,rendimiento_medio,q2_medio_bajo,2000,michael jackson,dirty diana,9,9,True,0,Canciones Energeticas,1.4235358520499501,-0.2288853271691223,42.5531914893617,47,67.61702127659575
77,ne me quitte pas,jacques brel,chanson,2004,101,24,42,-11,19,30,229,82,5,58,rendimiento_medio,q2_medio_bajo,2000,jacques brel,ne me quitte pas,0,0,False,1,Baladas Acusticas,-2.375109424808245,-0.7241677945139389,0.0,9,50.55555555555556
78,sad man's tongue,volbeat,alternative metal,2007,110,96,43,-4,17,56,186,0,4,57,rendimiento_medio,q2_medio_bajo,2000,volbeat,sad man s tongue,0,0,False,0,Canciones Energeticas,2.191765832545937,-1.2619363330568933,37.142857142857146,70,66.01428571428572
79,wat zou je doen - live,marco borsato,dutch cabaret,2006,104,92,66,-6,61,46,229,38,17,30,zona_critica,q1_bajo,2000,marco borsato,wat zou je doen live,0,0,False,0,Canciones Energeticas,1.384733341384965,-0.3348125996628198,0.0,51,46.05882352941177
80,one day like this,elbow,britpop,2009,159,67,43,-6,14,38,394,9,3,45,zona_critica,q1_bajo,2000,elbow,one day like this,0,0,False,0,Canciones Energeticas,0.8049277223773891,-1.447347091228072,0.0,11,53.63636363636363
81,bagagedrager,spinvis,dutch indie,2002,160,71,50,-8,43,33,375,8,5,45,zona_critica,q1_bajo,2000,spinvis,bagagedrager,0,0,False,0,Canciones Energeticas,0.6114719360781317,-0.9617069665467595,0.0,75,37.266666666666666
82,wêr bisto,twarres,dutch pop,2001,88,32,52,-11,9,18,226,33,2,48,zona_critica,q1_bajo,2000,twarres,w r bisto,0,0,False,1,Baladas Acusticas,-1.399479889023879,-0.7449458659640521,1.1363636363636365,88,45.23863636363637
83,only time,enya,celtic,2000,83,25,42,-14,11,21,219,84,3,70,rendimiento_medio,q3_medio_alto,2000,enya,only time,4,4,True,1,Baladas Acusticas,-2.955268766514234,-0.5667895479326709,0.0,5,48.6
84,sorry seems to be the hardest word,blue,boy band,2004,79,60,56,-7,38,44,210,18,3,58,rendimiento_medio,q2_medio_bajo,2000,blue,sorry seems to be the hardest word,0,0,False,0,Canciones Energeticas,0.5558812813513954,-0.5467119098042615,66.66666666666666,6,72.83333333333333
85,self esteem,the offspring,alternative metal,2005,105,91,46,-4,36,61,258,2,6,72,potencial_premium,q4_alto,2000,the offspring,self esteem,0,0,False,0,Canciones Energeticas,2.117986965475407,-0.9503276656016201,37.142857142857146,70,66.01428571428572
86,aanzoek zonder ringen,bløf,dutch pop,2006,160,85,55,-8,32,46,283,2,4,42,zona_critica,q1_bajo,2000,bl f,aanzoek zonder ringen,0,0,False,0,Canciones Energeticas,1.3658148986528729,-0.6413882422057772,1.1363636363636365,88,45.23863636363637
87,modern world,anouk,dutch indie,2007,120,76,70,-5,13,68,210,12,6,42,zona_critica,q1_bajo,2000,anouk,modern world,0,0,False,0,Canciones Energeticas,1.9028876474663503,0.21520777681699363,0.0,75,37.266666666666666
88,rosie,claw boys claw,dutch indie,2007,100,55,59,-12,11,64,264,47,3,43,zona_critica,q1_bajo,2000,claw boys claw,rosie,0,0,False,1,Baladas Acusticas,-0.3888396659895936,0.5147752841910694,0.0,75,37.266666666666666
89,this is not america - 2002 remaster,david bowie,album rock,2002,115,67,72,-12,5,65,231,6,4,43,zona_critica,q1_bajo,2000,david bowie,this is not america 2002 remaster,3,3,True,0,Canciones Energeticas,0.7522879069773467,0.9859286203166565,20.823244552058114,413,60.69491525423729
90,times like these,foo fighters,alternative metal,2002,145,91,38,-4,24,27,266,0,9,65,rendimiento_medio,q3_medio_alto,2000,foo fighters,times like these,10,10,True,0,Canciones Energeticas,1.5451824415248123,-1.9970537764934981,37.142857142857146,70,66.01428571428572
91,de vondeling van ameland,boudewijn de groot,dutch indie,2007,110,35,39,-10,11,16,306,67,3,19,zona_critica,q1_bajo,2000,boudewijn de groot,de vondeling van ameland,0,0,False,1,Baladas Acusticas,-1.9030828301667857,-1.4326445279502253,0.0,75,37.266666666666666
92,i'm gonna be (500 miles),the proclaimers,celtic rock,2003,132,55,85,-5,8,81,219,15,4,74,potencial_premium,q4_alto,2000,the proclaimers,i m gonna be 500 miles,0,0,False,0,Canciones Energeticas,1.6621098946511872,1.2780637799516066,42.857142857142854,7,66.71428571428571
93,afscheid nemen bestaat niet,marco borsato,dutch cabaret,2006,128,40,40,-9,9,22,240,3,3,49,zona_critica,q1_bajo,2000,marco borsato,afscheid nemen bestaat niet,0,0,False,1,Baladas Acusticas,-0.49209861667720184,-1.5188463811546038,0.0,51,46.05882352941177
94,blauwe ruis,bløf,dutch pop,2002,130,70,52,-7,13,35,268,4,4,41,zona_critica,q1_bajo,2000,bl f,blauwe ruis,0,0,False,0,Canciones Energeticas,0.8443603236374295,-0.9361637546398464,1.1363636363636365,88,45.23863636363637
95,limburg - live,rowwen hèze,carnaval limburg,2008,157,93,23,-5,93,28,403,29,17,32,zona_critica,q1_bajo,2000,rowwen h ze,limburg live,0,0,False,0,Canciones Energeticas,0.8371767490590086,-2.519202492624158,0.0,10,36.5
96,21 guns,green day,modern rock,2009,160,74,27,-5,63,42,321,5,4,75,potencial_premium,q4_alto,2000,green day,21 guns,4,4,True,0,Canciones Energeticas,1.0023532161844313,-2.0596529548336786,48.97959183673469,49,68.59183673469387
97,valerie (feat. amy winehouse) - version revisited,mark ronson,dance pop,2007,106,84,70,-5,12,89,219,0,5,62,rendimiento_medio,q2_medio_bajo,2000,mark ronson,valerie feat amy winehouse version revisited,0,0,False,0,Canciones Energeticas,2.588200048549099,0.663642168272308,50.602409638554214,83,68.51807228915662
98,blaosmuziek,gé reinders,carnaval limburg,2005,61,13,27,-14,33,18,232,94,4,38,zona_critica,q1_bajo,2000,g reinders,blaosmuziek,0,0,False,1,Baladas Acusticas,-3.638155436139619,-1.2521682834294001,0.0,10,36.5
99,binnen,marco borsato,dutch cabaret,2002,92,90,50,-7,15,67,275,1,6,30,zona_critica,q1_bajo,2000,marco borsato,binnen,0,0,False,0,Canciones Energeticas,1.806686486976251,-0.30919468008883116,0.0,51,46.05882352941177
100,motorcycle emptiness,manic street preachers,alternative rock,2002,112,81,53,-4,16,21,306,0,3,39,zona_critica,q1_bajo,2000,manic street preachers,motorcycle emptiness,0,0,False,0,Canciones Energeticas,1.4309807352010222,-1.5592055873554478,39.53488372093023,86,66.94186046511628
101,in the end,linkin park,alternative metal,2000,105,86,56,-6,21,40,217,1,6,83,potencial_premium,q4_alto,2000,linkin park,in the end,1,1,True,0,Canciones Energeticas,1.5467130157528912,-0.7686512043332725,37.142857142857146,70,66.01428571428572
102,halt mich,herbert grönemeyer,german pop,2008,104,44,29,-7,8,16,207,79,3,44,zona_critica,q1_bajo,2000,herbert gr nemeyer,halt mich,0,0,False,1,Baladas Acusticas,-1.6002866678909944,-2.087532568908177,11.11111111111111,9,49.666666666666664
103,girl,anouk,dutch indie,2004,136,80,67,-5,6,79,211,1,3,56,rendimiento_medio,q2_medio_bajo,2000,anouk,girl,0,0,False,0,Canciones Energeticas,2.2562957158823647,0.41025547586333355,0.0,75,37.266666666666666
104,"trapped - live at meadowlands arena, e. rutherford, nj - august 1984",bruce springsteen,classic rock,2003,162,62,32,-6,60,36,308,3,3,40,zona_critica,q1_bajo,2000,bruce springsteen,trapped live at meadowlands arena e rutherford nj august 1984,13,13,True,0,Canciones Energeticas,0.5163264089692058,-1.7312686252737957,27.450980392156865,51,62.15686274509804
105,ik wou dat ik jou was,veldhuis & kemper,dutch cabaret,2003,160,61,36,-6,11,49,237,54,4,58,rendimiento_medio,q2_medio_bajo,2000,veldhuis kemper,ik wou dat ik jou was,0,0,False,0,Canciones Energeticas,-0.12357493294920051,-1.1117155351651227,0.0,51,46.05882352941177
106,empire state of mind (part ii) broken down,alicia keys,hip pop,2009,93,37,48,-8,12,14,216,74,3,75,potencial_premium,q4_alto,2000,alicia keys,empire state of mind part ii broken down,7,7,True,1,Baladas Acusticas,-1.5655041086887727,-1.3712285188962166,100.0,1,75.0
107,numb / encore,jay-z,east coast hip hop,2004,107,79,69,-4,58,75,206,6,17,75,potencial_premium,q4_alto,2000,jay z,numb encore,3,3,True,0,Canciones Energeticas,2.259906895016989,0.3158196652728261,66.66666666666666,6,69.83333333333333
108,ben ik te min,armand,dutch rock,2009,101,69,62,-7,6,56,208,28,3,47,zona_critica,q1_bajo,2000,armand,ben ik te min,0,0,False,0,Canciones Energeticas,0.9284340820080049,-0.1759286028254852,0.0,18,44.111111111111114
109,all summer long,kid rock,alternative metal,2007,103,86,70,-4,10,89,298,2,3,72,potencial_premium,q4_alto,2000,kid rock,all summer long,0,0,False,0,Canciones Energeticas,2.7424769727756804,0.5740198567726232,37.142857142857146,70,66.01428571428572
110,forever autumn,jeff wayne,classic uk pop,2007,122,49,35,-7,21,21,273,47,3,41,zona_critica,q1_bajo,2000,jeff wayne,forever autumn,0,0,False,1,Baladas Acusticas,-0.7951190600252692,-1.8321862638376178,4.545454545454546,22,45.77272727272727
111,waiting on the world to change,john mayer,neo mellow,2006,177,76,58,-6,25,66,201,16,12,74,potencial_premium,q4_alto,2000,john mayer,waiting on the world to change,6,6,True,0,Canciones Energeticas,1.483521477466317,-0.14409984713792254,58.82352941176471,17,71.41176470588235
112,everybody's changing,keane,modern rock,2004,94,84,52,-4,10,46,215,0,3,54,rendimiento_medio,q2_medio_bajo,2000,keane,everybody s changing,0,0,False,0,Canciones Energeticas,1.848979830912598,-1.05060599497284,48.97959183673469,49,68.59183673469387
113,how to save a life,the fray,modern rock,2005,122,74,64,-4,10,36,263,27,4,80,potencial_premium,q4_alto,2000,the fray,how to save a life,0,0,False,0,Canciones Energeticas,1.1998496757673642,-0.7674473186999287,48.97959183673469,49,68.59183673469387
114,"bloed, zweet en tranen",andre hazes,dutch pop,2002,68,72,60,-4,35,37,242,8,3,59,rendimiento_medio,q2_medio_bajo,2000,andre hazes,bloed zweet en tranen,0,0,False,0,Canciones Energeticas,1.3831250514016156,-0.8551880629891735,1.1363636363636365,88,45.23863636363637
115,"lose yourself - from ""8 mile"" soundtrack",eminem,detroit hip hop,2005,171,74,69,-5,36,6,326,1,26,77,potencial_premium,q4_alto,2000,eminem,lose yourself from 8 mile soundtrack,11,11,True,0,Canciones Energeticas,1.1711212139461098,-1.3079282546854416,85.71428571428571,7,76.0
116,europa (earth's cry heaven's smile),santana,blues rock,2007,75,67,30,-5,15,68,306,3,5,59,rendimiento_medio,q2_medio_bajo,2000,santana,europa earth s cry heaven s smile,4,4,True,0,Canciones Energeticas,1.2227937877645911,-1.238875455226812,6.666666666666667,15,55.53333333333333
117,feeling good,muse,modern rock,2001,109,42,35,-8,10,27,199,30,3,51,rendimiento_medio,q2_medio_bajo,2000,muse,feeling good,2,2,True,1,Baladas Acusticas,-0.8179058703951978,-1.455939826571054,48.97959183673469,49,68.59183673469387
118,"harder, better, faster, stronger",daft punk,electro,2001,123,72,82,-9,36,69,225,4,14,71,rendimiento_medio,q3_medio_alto,2000,daft punk,harder better faster stronger,4,4,True,0,Canciones Energeticas,1.5132434200523532,1.187591187302306,42.857142857142854,7,71.14285714285714
119,use somebody,kings of leon,modern rock,2008,137,72,28,-5,20,17,231,1,4,76,potencial_premium,q4_alto,2000,kings of leon,use somebody,3,3,True,0,Canciones Energeticas,0.687974176546273,-2.611525359584409,48.97959183673469,49,68.59183673469387
120,sweet disposition,the temper trap,alternative dance,2009,129,82,53,-7,12,34,231,7,4,64,rendimiento_medio,q3_medio_alto,2000,the temper trap,sweet disposition,0,0,False,0,Canciones Energeticas,1.1857422731549403,-1.1532061613870006,6.666666666666667,15,56.8
121,single ladies (put a ring on it),beyoncé,dance pop,2008,193,58,43,-5,19,27,193,4,30,70,rendimiento_medio,q3_medio_alto,2000,beyonc,single ladies put a ring on it,13,13,True,0,Canciones Energeticas,0.6335764515746988,-1.7585949444659028,50.602409638554214,83,68.51807228915662
122,you're the voice,john farnham,australian pop,2008,85,76,37,-9,58,64,302,22,5,62,rendimiento_medio,q2_medio_bajo,2000,john farnham,you re the voice,0,0,False,0,Canciones Energeticas,0.6590792306331225,-0.7327111585748499,37.5,8,63.375
123,voltooid verleden tijd,ios,dutch pop,2009,138,44,46,-9,10,15,294,66,3,39,zona_critica,q1_bajo,2000,ios,voltooid verleden tijd,0,0,False,1,Baladas Acusticas,-1.4042685031655724,-1.3812598525525996,1.1363636363636365,88,45.23863636363637
124,eternal flame,the bangles,album rock,2004,79,36,53,-7,9,40,238,53,2,70,rendimiento_medio,q3_medio_alto,2000,the bangles,eternal flame,0,0,False,1,Baladas Acusticas,-0.7430897762789263,-0.5613032291287028,20.823244552058114,413,60.69491525423729
125,papa was a rolling stone,the temptations,adult standards,2001,120,60,85,-12,19,87,433,6,4,44,zona_critica,q1_bajo,2000,the temptations,papa was a rolling stone,3,3,True,0,Canciones Energeticas,1.0469425794246783,2.052270016899918,20.32520325203252,123,62.577235772357724
126,crazy in love (feat. jay-z),beyoncé,dance pop,2003,99,77,65,-7,7,68,236,0,23,75,potencial_premium,q4_alto,2000,beyonc,crazy in love feat jay z,13,13,True,0,Canciones Energeticas,1.7361410624957148,0.2803095460133583,50.602409638554214,83,68.51807228915662
127,best of you,foo fighters,alternative metal,2005,130,94,37,-5,19,37,256,0,7,75,potencial_premium,q4_alto,2000,foo fighters,best of you,10,10,True,0,Canciones Energeticas,1.639116832839391,-1.7948591692600915,37.142857142857146,70,66.01428571428572
128,daughters,john mayer,neo mellow,2003,125,41,67,-8,10,50,238,84,3,68,rendimiento_medio,q3_medio_alto,2000,john mayer,daughters,6,6,True,1,Baladas Acusticas,-0.933822367236985,0.3841756391946101,58.82352941176471,17,71.41176470588235
129,de wedstrijd,bram vermeulen,belgian rock,2006,136,85,58,-6,79,58,302,53,5,42,zona_critica,q1_bajo,2000,bram vermeulen,de wedstrijd,0,0,False,0,Canciones Energeticas,0.9951675741141857,-0.26288458180214047,0.0,8,43.875
130,papillon,editors,alternative dance,2009,126,95,51,-5,30,63,324,0,6,56,rendimiento_medio,q2_medio_bajo,2000,editors,papillon,0,0,False,0,Canciones Energeticas,2.2654372454121865,-0.7620660884525242,6.666666666666667,15,56.8
131,sadeness,enigma,downtempo,2001,96,64,59,-10,9,49,256,9,3,58,rendimiento_medio,q2_medio_bajo,2000,enigma,sadeness,0,0,False,0,Canciones Energeticas,0.4783067982480629,-0.008827311482685308,0.0,4,49.5
132,red mij niet - single edit,maarten van roozendaal,dutch indie,2001,119,38,52,-9,10,13,270,76,4,36,zona_critica,q1_bajo,2000,maarten van roozendaal,red mij niet single edit,0,0,False,1,Baladas Acusticas,-1.7533496172165934,-0.9377926143647294,0.0,75,37.266666666666666
133,love is a losing game,amy winehouse,british soul,2006,165,56,48,-6,18,54,154,32,3,67,rendimiento_medio,q3_medio_alto,2000,amy winehouse,love is a losing game,4,4,True,0,Canciones Energeticas,0.3923732463310788,-0.6812994055732848,38.70967741935484,31,66.38709677419355
134,zij,marco borsato,dutch cabaret,2002,58,40,25,-9,9,11,245,45,4,52,rendimiento_medio,q2_medio_bajo,2000,marco borsato,zij,0,0,False,1,Baladas Acusticas,-1.6052563622477145,-2.099902836773154,0.0,51,46.05882352941177
135,tribute,tenacious d,alternative metal,2001,94,77,37,-6,9,42,248,18,7,59,rendimiento_medio,q2_medio_bajo,2000,tenacious d,tribute,1,1,True,0,Canciones Energeticas,0.786392154586844,-1.3573182361937477,37.142857142857146,70,66.01428571428572
136,you know i'm no good,amy winehouse,british soul,2006,103,81,71,-4,7,73,257,1,3,74,potencial_premium,q4_alto,2000,amy winehouse,you know i m no good,4,4,True,0,Canciones Energeticas,2.4205756641211886,0.2623071538968403,38.70967741935484,31,66.38709677419355
137,talk,coldplay,permanent wave,2005,120,56,41,-11,16,16,311,1,3,63,rendimiento_medio,q3_medio_alto,2000,coldplay,talk,6,6,True,1,Baladas Acusticas,-0.3936279587062548,-1.4900726341442816,34.21052631578947,38,67.65789473684211
138,love is a battlefield,pat benatar,album rock,2001,91,63,67,-12,10,86,245,1,5,54,rendimiento_medio,q2_medio_bajo,2000,pat benatar,love is a battlefield,4,4,True,0,Canciones Energeticas,0.9254426572986885,1.3446138075847647,20.823244552058114,413,60.69491525423729
139,home,michael bublé,adult standards,2005,128,37,61,-9,11,35,226,84,3,64,rendimiento_medio,q3_medio_alto,2000,michael bubl,home,5,5,True,1,Baladas Acusticas,-1.4393766760733633,-0.15421330055277133,20.32520325203252,123,62.577235772357724
140,sonne,rammstein,alternative metal,2001,75,92,51,-5,40,31,272,1,9,60,rendimiento_medio,q2_medio_bajo,2000,rammstein,sonne,0,0,False,0,Canciones Energeticas,1.6544784834127921,-1.309388057075612,37.142857142857146,70,66.01428571428572
141,i gotta feeling,the black eyed peas,dance pop,2009,128,77,74,-6,51,61,289,9,3,69,rendimiento_medio,q3_medio_alto,2000,the black eyed peas,i gotta feeling,6,6,True,0,Canciones Energeticas,1.8320084527431297,0.21025076640220045,50.602409638554214,83,68.51807228915662
142,she sells sanctuary,the cult,album rock,2000,139,77,55,-9,13,42,253,0,3,63,rendimiento_medio,q3_medio_alto,2000,the cult,she sells sanctuary,0,0,False,0,Canciones Energeticas,0.9350729591574082,-0.46141472238911235,20.823244552058114,413,60.69491525423729
143,alie,normaal,dutch rock,2008,93,77,52,-11,6,93,181,14,6,42,zona_critica,q1_bajo,2000,normaal,alie,0,0,False,0,Canciones Energeticas,1.1558981351811344,0.6732452530549421,0.0,18,44.111111111111114
144,red red wine,ub40,reggae fusion,2000,89,47,86,-9,27,84,184,0,5,74,potencial_premium,q4_alto,2000,ub40,red red wine,0,0,False,0,Canciones Energeticas,1.1819387923761029,1.8086361766638706,25.0,4,59.5
145,a little less conversation - jxl radio edit remix,elvis presley,adult standards,2002,115,97,60,-6,13,72,212,0,5,64,rendimiento_medio,q3_medio_alto,2000,elvis presley,a little less conversation jxl radio edit remix,3,3,True,0,Canciones Energeticas,2.355715940121863,0.06123047886134115,20.32520325203252,123,62.577235772357724
146,love you more,racoon,dutch indie,2005,171,20,34,-11,11,30,197,76,3,43,zona_critica,q1_bajo,2000,racoon,love you more,0,0,False,1,Baladas Acusticas,-2.486832063655602,-1.0470378001502123,0.0,75,37.266666666666666
147,old man,neil young,album rock,2004,141,30,71,-12,10,48,203,44,3,44,zona_critica,q1_bajo,2000,neil young,old man,0,0,False,1,Baladas Acusticas,-1.0526223984480267,0.727943481304837,20.823244552058114,413,60.69491525423729
148,zij maakt het verschil,de poema's,dutch pop,2003,173,55,34,-8,12,36,280,33,4,54,rendimiento_medio,q2_medio_bajo,2000,de poema s,zij maakt het verschil,0,0,False,1,Baladas Acusticas,-0.4043734242203082,-1.3667152502650188,1.1363636363636365,88,45.23863636363637
149,i want to hold your hand - remastered 2015,the beatles,british invasion,2000,131,72,49,-6,31,87,146,39,5,75,potencial_premium,q4_alto,2000,the beatles,i want to hold your hand remastered 2015,8,8,True,0,Canciones Energeticas,1.0751709250568584,0.2902498002612481,27.77777777777778,36,68.08333333333333
150,black magic woman,santana,blues rock,2007,124,55,50,-7,9,63,196,68,3,62,rendimiento_medio,q2_medio_bajo,2000,santana,black magic woman,4,4,True,0,Canciones Energeticas,-0.20601098397741535,-0.21675089768326722,6.666666666666667,15,55.53333333333333
151,set the fire to the third bar,snow patrol,irish rock,2006,96,38,54,-7,8,39,204,52,3,49,zona_critica,q1_bajo,2000,snow patrol,set the fire to the third bar,0,0,False,1,Baladas Acusticas,-0.6504549144534438,-0.6149606945210145,20.588235294117645,34,58.294117647058826
152,ghost love score,nightwish,finnish metal,2004,101,78,44,-5,29,19,602,1,4,38,zona_critica,q1_bajo,2000,nightwish,ghost love score,0,0,False,0,Canciones Energeticas,1.062865594526728,-1.8898498515827782,0.0,2,48.0
153,going to a town,rufus wainwright,canadian pop,2007,124,46,56,-7,10,19,245,72,3,38,zona_critica,q1_bajo,2000,rufus wainwright,going to a town,0,0,False,1,Baladas Acusticas,-1.0008313290815125,-1.0288422315204486,60.0,5,63.0
154,is dit alles,doe maar,dutch cabaret,2008,121,41,83,-14,5,88,324,46,13,44,zona_critica,q1_bajo,2000,doe maar,is dit alles,0,0,False,1,Baladas Acusticas,-0.3164559106972286,2.1755861219092547,0.0,51,46.05882352941177
155,a gentleman's excuse me,fish,album rock,2008,126,17,33,-14,32,19,259,86,4,44,zona_critica,q1_bajo,2000,fish,a gentleman s excuse me,0,0,False,1,Baladas Acusticas,-3.2650123509341076,-1.1302323715879978,20.823244552058114,413,60.69491525423729
156,god put a smile upon your face,coldplay,permanent wave,2002,127,56,61,-6,4,24,297,18,3,64,rendimiento_medio,q3_medio_alto,2000,coldplay,god put a smile upon your face,6,6,True,0,Canciones Energeticas,0.37413331236486874,-0.8714510904186961,34.21052631578947,38,67.65789473684211
157,heartbreak warfare,john mayer,neo mellow,2009,97,55,62,-8,30,31,270,19,2,66,rendimiento_medio,q3_medio_alto,2000,john mayer,heartbreak warfare,6,6,True,0,Canciones Energeticas,0.24777648529018906,-0.6743745933407481,58.82352941176471,17,71.41176470588235
158,sailing to philadelphia,mark knopfler,classic rock,2005,99,48,59,-10,9,15,353,64,2,39,zona_critica,q1_bajo,2000,mark knopfler,sailing to philadelphia,0,0,False,1,Baladas Acusticas,-1.2550506558561676,-0.7284241869288707,27.450980392156865,51,62.15686274509804
159,accidentally in love,counting crows,alternative rock,2004,138,93,55,-4,9,81,189,4,4,59,rendimiento_medio,q2_medio_bajo,2000,counting crows,accidentally in love,0,0,False,0,Canciones Energeticas,2.525548711124874,-0.10623725367829737,39.53488372093023,86,66.94186046511628
160,it's raining men,the weather girls,disco,2008,136,93,66,-6,70,46,212,46,16,58,rendimiento_medio,q2_medio_bajo,2000,the weather girls,it s raining men,0,0,False,0,Canciones Energeticas,1.3004900486048603,-0.3700396238767434,11.11111111111111,18,61.666666666666664
161,one word,anouk,dutch indie,2004,92,57,62,-8,11,34,243,10,3,52,rendimiento_medio,q2_medio_bajo,2000,anouk,one word,0,0,False,0,Canciones Energeticas,0.43188716271436395,-0.49679390880170987,0.0,75,37.266666666666666
162,goodnight saigon,billy joel,album rock,2001,129,39,59,-14,7,15,423,13,6,46,zona_critica,q1_bajo,2000,billy joel,goodnight saigon,4,4,True,1,Baladas Acusticas,-1.229549204675274,-0.3835426983522123,20.823244552058114,413,60.69491525423729
163,moonlight shadow,mike oldfield,album rock,2009,129,72,61,-8,36,80,218,29,3,64,rendimiento_medio,q3_medio_alto,2000,mike oldfield,moonlight shadow,0,0,False,0,Canciones Energeticas,1.1579322055282297,0.45472568416668807,20.823244552058114,413,60.69491525423729
164,zing - vecht - huil - bid - lach - werk en bewonder,ramses shaffy,dutch cabaret,2006,130,32,53,-17,97,46,281,53,8,41,zona_critica,q1_bajo,2000,ramses shaffy,zing vecht huil bid lach werk en bewonder,0,0,False,1,Baladas Acusticas,-2.1021031320522945,0.42679983909004277,0.0,51,46.05882352941177
165,uprising,muse,modern rock,2009,128,91,60,-4,12,41,305,0,8,76,potencial_premium,q4_alto,2000,muse,uprising,2,2,True,0,Canciones Energeticas,2.139541742884168,-1.0450241443430293,48.97959183673469,49,68.59183673469387
166,my immortal,evanescence,alternative metal,2003,79,27,19,-9,13,10,263,86,4,74,potencial_premium,q4_alto,2000,evanescence,my immortal,0,0,False,1,Baladas Acusticas,-2.7132374818996614,-2.2010763410322802,37.142857142857146,70,66.01428571428572
167,feel like flying,racoon,dutch indie,2005,98,69,67,-7,10,83,213,6,3,41,zona_critica,q1_bajo,2000,racoon,feel like flying,0,0,False,0,Canciones Energeticas,1.6821341725890993,0.712306707425143,0.0,75,37.266666666666666
168,everything,michael bublé,adult standards,2007,123,69,69,-5,9,49,212,39,3,73,potencial_premium,q4_alto,2000,michael bubl,everything,5,5,True,0,Canciones Energeticas,1.0060361583206014,-0.1798589970785982,20.32520325203252,123,62.577235772357724
169,hey there delilah,plain white t's,neo mellow,2005,104,29,66,-11,11,30,233,87,3,80,potencial_premium,q4_alto,2000,plain white t s,hey there delilah,0,0,False,1,Baladas Acusticas,-1.9593628959131852,0.12089425851556171,58.82352941176471,17,71.41176470588235
170,speeltuin,marco borsato,dutch cabaret,2002,112,8,53,-16,11,31,135,92,5,50,rendimiento_medio,q2_medio_bajo,2000,marco borsato,speeltuin,0,0,False,1,Baladas Acusticas,-3.4787759786987467,0.2870828792822648,0.0,51,46.05882352941177
171,"comptine d'un autre été, l'après-midi",yann tiersen,bow pop,2001,100,19,48,-15,11,6,141,99,5,56,rendimiento_medio,q2_medio_bajo,2000,yann tiersen,comptine d un autre t l apr s midi,0,0,False,1,Baladas Acusticas,-3.5937823788483074,-0.5873136247821271,0.0,2,62.0
172,sweet goodbyes,krezip,dutch indie,2009,110,33,63,-9,11,47,193,74,3,56,rendimiento_medio,q2_medio_bajo,2000,krezip,sweet goodbyes,0,0,False,1,Baladas Acusticas,-1.1415846639371812,0.08665629691017443,0.0,75,37.266666666666666
173,the man who can't be moved,the script,celtic rock,2008,100,63,61,-5,10,33,241,43,3,64,rendimiento_medio,q3_medio_alto,2000,the script,the man who can t be moved,0,0,False,0,Canciones Energeticas,0.4637045704508324,-0.8569619930333439,42.857142857142854,7,66.71428571428571
174,"free fallin' - live at the nokia theatre, los angeles, ca - december 2007",john mayer,neo mellow,2008,173,30,32,-13,70,44,264,77,3,75,potencial_premium,q4_alto,2000,john mayer,free fallin live at the nokia theatre los angeles ca december 2007,6,6,True,1,Baladas Acusticas,-2.326244323110657,-0.7181871119927162,58.82352941176471,17,71.41176470588235
175,halo,beyoncé,dance pop,2008,80,72,51,-6,6,47,262,27,6,78,potencial_premium,q4_alto,2000,beyonc,halo,13,13,True,0,Canciones Energeticas,0.8630018478429763,-0.8722959686320174,50.602409638554214,83,68.51807228915662
176,hollereer,de jeugd van tegenwoordig,dutch hip hop,2008,190,76,79,-7,10,49,346,3,24,46,zona_critica,q1_bajo,2000,de jeugd van tegenwoordig,hollereer,0,0,False,0,Canciones Energeticas,1.6735384895040226,0.2009758765577164,0.0,13,53.84615384615385
177,hier,bløf,dutch pop,2000,164,76,50,-8,14,58,248,0,3,40,zona_critica,q1_bajo,2000,bl f,hier,0,0,False,0,Canciones Energeticas,1.1833621293157661,-0.33709550525155335,1.1363636363636365,88,45.23863636363637
178,ice queen,within temptation,dutch metal,2003,92,57,26,-8,11,15,319,4,3,47,zona_critica,q1_bajo,2000,within temptation,ice queen,0,0,False,0,Canciones Energeticas,-0.2700929624664801,-2.266218181837029,0.0,4,50.25
179,another 45 miles,golden earring,album rock,2008,91,59,56,-10,23,48,284,28,3,50,rendimiento_medio,q2_medio_bajo,2000,golden earring,another 45 miles,0,0,False,0,Canciones Energeticas,0.05527338195684904,-0.2615294386934854,20.823244552058114,413,60.69491525423729
180,like a hurricane - 2003 remaster,neil young,album rock,2004,114,83,42,-5,16,61,501,1,4,49,zona_critica,q1_bajo,2000,neil young,like a hurricane 2003 remaster,0,0,False,0,Canciones Energeticas,1.7210596362343045,-0.9539541483129487,20.823244552058114,413,60.69491525423729
181,father & friend,alain clark,dutch pop,2007,98,62,66,-9,7,66,256,51,3,35,zona_critica,q1_bajo,2000,alain clark,father friend,0,0,False,0,Canciones Energeticas,0.2641301073138615,0.5407773151830327,1.1363636363636365,88,45.23863636363637
182,"(i've had) the time of my life - from ""dirty dancing"" soundtrack",bill medley,soft rock,2004,109,78,70,-8,6,39,289,9,5,70,rendimiento_medio,q3_medio_alto,2000,bill medley,i ve had the time of my life from dirty dancing soundtrack,0,0,False,0,Canciones Energeticas,1.1768013536547615,-0.16289316988451863,0.0,1,70.0
183,the blower's daughter,damien rice,acoustic pop,2003,133,20,34,-14,34,7,287,13,3,56,rendimiento_medio,q2_medio_bajo,2000,damien rice,the blower s daughter,0,0,False,1,Baladas Acusticas,-2.1771331284765822,-1.477258962984794,50.0,4,66.75
184,magnificent,u2,irish rock,2009,115,72,53,-6,11,59,324,0,3,44,zona_critica,q1_bajo,2000,u2,magnificent,18,18,True,0,Canciones Energeticas,1.5122220643560418,-0.6137757702490093,20.588235294117645,34,58.294117647058826
185,virtual insanity - remastered,jamiroquai,acid jazz,2006,92,95,66,-5,14,52,229,13,11,69,rendimiento_medio,q3_medio_alto,2000,jamiroquai,virtual insanity remastered,1,1,True,0,Canciones Energeticas,2.092977998526809,-0.3617277992469694,0.0,1,69.0
186,belle hélène,doe maar,dutch cabaret,2008,138,56,74,-10,8,98,170,11,4,49,zona_critica,q1_bajo,2000,doe maar,belle h l ne,0,0,False,0,Canciones Energeticas,1.1941205107870436,1.5792531883843997,0.0,51,46.05882352941177
187,go with the flow,queens of the stone age,alternative metal,2002,159,99,24,-4,83,37,187,1,10,58,rendimiento_medio,q2_medio_bajo,2000,queens of the stone age,go with the flow,0,0,False,0,Canciones Energeticas,1.6592850013729148,-2.290182064903487,37.142857142857146,70,66.01428571428572
188,sound of the screameng day,golden earrings,dutch prog,2008,138,55,59,-8,29,50,171,0,3,26,zona_critica,q1_bajo,2000,golden earrings,sound of the screameng day,0,0,False,0,Canciones Energeticas,0.7599262025308987,-0.34802790840189063,0.0,5,31.2
189,plug in baby,muse,modern rock,2001,136,97,41,-4,11,35,218,0,5,53,rendimiento_medio,q2_medio_bajo,2000,muse,plug in baby,2,2,True,0,Canciones Energeticas,1.840003580335638,-1.6863013529220703,48.97959183673469,49,68.59183673469387
190,heavy cross,gossip,alternative dance,2009,120,69,79,-4,14,22,243,8,3,59,rendimiento_medio,q2_medio_bajo,2000,gossip,heavy cross,0,0,False,0,Canciones Energeticas,1.4693050943161274,-0.7110043545234669,6.666666666666667,15,56.8
191,nederwiet,doe maar,dutch cabaret,2008,131,71,78,-9,6,61,414,46,19,39,zona_critica,q1_bajo,2000,doe maar,nederwiet,0,0,False,0,Canciones Energeticas,0.7035540271144018,0.7808401811038878,0.0,51,46.05882352941177
192,heart of glass,blondie,candy pop,2006,115,70,73,-8,6,41,252,0,3,52,rendimiento_medio,q2_medio_bajo,2000,blondie,heart of glass,0,0,False,0,Canciones Energeticas,1.2137771878504287,-0.057032095314939656,0.0,2,47.0
193,the real slim shady,eminem,detroit hip hop,2000,105,66,95,-4,5,76,284,3,6,80,potencial_premium,q4_alto,2000,eminem,the real slim shady,11,11,True,0,Canciones Energeticas,2.3298709095023145,1.4393846070580985,85.71428571428571,7,76.0
194,stuck in a moment you can't get out of,u2,irish rock,2000,159,64,52,-5,17,32,272,39,2,52,rendimiento_medio,q2_medio_bajo,2000,u2,stuck in a moment you can t get out of,18,18,True,0,Canciones Energeticas,0.31725801242569596,-1.0042471857342907,20.588235294117645,34,58.294117647058826
195,tumble and fall,johan,dutch indie,2001,170,61,45,-7,9,48,209,2,3,36,zona_critica,q1_bajo,2000,johan,tumble and fall,0,0,False,0,Canciones Energeticas,0.7022575322413065,-0.8188060132667305,0.0,75,37.266666666666666
196,les lacs du connemara,michel sardou,chanson,2004,112,59,30,-10,63,40,364,57,5,59,rendimiento_medio,q2_medio_bajo,2000,michel sardou,les lacs du connemara,0,0,False,1,Baladas Acusticas,-0.9663146632998952,-1.2095416155431709,0.0,9,50.55555555555556
197,hier kom ik weg,daniël lohues,dutch indie,2008,92,38,57,-10,13,53,208,85,3,39,zona_critica,q1_bajo,2000,dani l lohues,hier kom ik weg,0,0,False,1,Baladas Acusticas,-1.3520201038401496,0.1444949108668729,0.0,75,37.266666666666666
198,starlight,muse,modern rock,2006,122,87,55,-4,21,32,240,0,3,73,potencial_premium,q4_alto,2000,muse,starlight,2,2,True,0,Canciones Energeticas,1.807694105298378,-1.3499521263469414,48.97959183673469,49,68.59183673469387
199,dakota,stereophonics,britpop,2005,147,93,51,-3,9,31,297,13,7,68,rendimiento_medio,q3_medio_alto,2000,stereophonics,dakota,0,0,False,0,Canciones Energeticas,1.7982419824716116,-1.5644393685120783,0.0,11,53.63636363636363
200,time to say goodbye (con te partirò),sarah brightman,operatic pop,2006,105,44,29,-7,10,45,246,91,3,59,rendimiento_medio,q2_medio_bajo,2000,sarah brightman,time to say goodbye con te partir,0,0,False,1,Baladas Acusticas,-1.4363697987864137,-1.2870814616113373,0.0,1,59.0
201,green eyes,coldplay,permanent wave,2002,130,41,61,-9,23,23,223,54,3,63,rendimiento_medio,q3_medio_alto,2000,coldplay,green eyes,6,6,True,1,Baladas Acusticas,-1.0317925353092656,-0.4687970505508057,34.21052631578947,38,67.65789473684211
202,silence (feat. sarah mclachlan) - dj tiësto's in search of sunrise edit,delerium,trance,2004,138,85,60,-6,6,9,235,1,6,58,rendimiento_medio,q2_medio_bajo,2000,delerium,silence feat sarah mclachlan dj ti sto s in search of sunrise edit,0,0,False,0,Canciones Energeticas,1.213579447307178,-1.4879092065029915,0.0,1,58.0
203,de kapitein deel ii,acda en de munnik,dutch cabaret,2000,115,61,67,-11,11,67,181,41,3,51,rendimiento_medio,q2_medio_bajo,2000,acda en de munnik,de kapitein deel ii,0,0,False,0,Canciones Energeticas,0.0812561080537775,0.9457787000125786,0.0,51,46.05882352941177
204,supermassive black hole,muse,modern rock,2006,120,92,67,-4,9,78,212,5,4,73,potencial_premium,q4_alto,2000,muse,supermassive black hole,2,2,True,0,Canciones Energeticas,2.645081213381462,0.209855643264569,48.97959183673469,49,68.59183673469387
205,pak maar m'n hand,nick & simon,dutch pop,2007,166,57,32,-5,11,38,212,38,3,59,rendimiento_medio,q2_medio_bajo,2000,nick simon,pak maar m n hand,0,0,False,0,Canciones Energeticas,0.014033252380928866,-1.7585897966943214,1.1363636363636365,88,45.23863636363637
206,de bom,doe maar,dutch cabaret,2008,133,81,86,-8,12,85,161,31,4,49,zona_critica,q1_bajo,2000,doe maar,de bom,0,0,False,0,Canciones Energeticas,1.7855013089226741,1.4902579282309327,0.0,51,46.05882352941177
207,bombay,golden earring,album rock,2008,125,92,52,-7,2,73,234,2,5,34,zona_critica,q1_bajo,2000,golden earring,bombay,0,0,False,0,Canciones Energeticas,2.019711598687332,-0.25985165974493424,20.823244552058114,413,60.69491525423729
208,mary jane's last dance,tom petty and the heartbreakers,album rock,2008,170,66,46,-9,33,53,274,3,6,72,potencial_premium,q4_alto,2000,tom petty and the heartbreakers,mary jane s last dance,0,0,False,0,Canciones Energeticas,0.7042443388770195,-0.6928052090520821,20.823244552058114,413,60.69491525423729
209,oerend hard,normaal,dutch rock,2008,127,66,66,-10,8,84,225,12,10,52,rendimiento_medio,q2_medio_bajo,2000,normaal,oerend hard,0,0,False,0,Canciones Energeticas,1.130058465214398,0.9107433513991531,0.0,18,44.111111111111114
210,society,eddie vedder,permanent wave,2007,162,33,56,-11,11,30,236,90,3,67,rendimiento_medio,q3_medio_alto,2000,eddie vedder,society,0,0,False,1,Baladas Acusticas,-2.032381010025545,-0.3054230052816753,34.21052631578947,38,67.65789473684211
211,white flag,dido,dance pop,2003,170,54,51,-7,9,28,241,31,4,54,rendimiento_medio,q2_medio_bajo,2000,dido,white flag,0,0,False,0,Canciones Energeticas,-0.1138594919631563,-1.0321376847954855,50.602409638554214,83,68.51807228915662
212,heaven must be missing an angel - pt. 1,tavares,adult standards,2004,117,75,61,-9,39,97,394,1,3,49,zona_critica,q1_bajo,2000,tavares,heaven must be missing an angel pt 1,0,0,False,0,Canciones Energeticas,1.7338112178426697,1.0027099926811167,20.32520325203252,123,62.577235772357724
213,wake me up when september ends,green day,modern rock,2004,105,81,55,-5,10,15,286,2,3,77,potencial_premium,q4_alto,2000,green day,wake me up when september ends,4,4,True,0,Canciones Energeticas,1.2347104284500514,-1.594151837140682,48.97959183673469,49,68.59183673469387
214,can't stop,red hot chili peppers,alternative rock,2002,91,94,62,-3,17,88,269,2,5,80,potencial_premium,q4_alto,2000,red hot chili peppers,can t stop,3,3,True,0,Canciones Energeticas,2.895297763636788,0.2780959062226745,39.53488372093023,86,66.94186046511628
215,driving home for christmas,chris rea,art rock,2007,180,66,50,-9,21,89,240,33,4,80,potencial_premium,q4_alto,2000,chris rea,driving home for christmas,0,0,False,0,Canciones Energeticas,0.7335379854212714,0.4508342623561554,15.0,40,60.2
216,mutter,rammstein,alternative metal,2001,116,62,49,-7,13,8,269,2,3,51,rendimiento_medio,q2_medio_bajo,2000,rammstein,mutter,0,0,False,0,Canciones Energeticas,0.25549163093521443,-1.6549053433634855,37.142857142857146,70,66.01428571428572
217,pa,doe maar,dutch cabaret,2008,129,59,93,-12,11,96,219,43,5,41,zona_critica,q1_bajo,2000,doe maar,pa,0,0,False,0,Canciones Energeticas,0.7256253267561055,2.4846377277111262,0.0,51,46.05882352941177
218,blauw,the scene,belgian rock,2007,135,75,51,-7,14,28,236,0,3,47,zona_critica,q1_bajo,2000,the scene,blauw,0,0,False,0,Canciones Energeticas,0.9887237521595673,-1.3126448004933444,0.0,8,43.875
219,spicks and specks,bee gees,adult standards,2001,123,63,65,-7,28,71,172,78,3,47,zona_critica,q1_bajo,2000,bee gees,spicks and specks,2,2,True,0,Canciones Energeticas,0.09665696980233111,0.6929109222667278,20.32520325203252,123,62.577235772357724
220,stan,eminem,detroit hip hop,2000,80,77,78,-4,52,51,404,4,24,75,potencial_premium,q4_alto,2000,eminem,stan,11,11,True,0,Canciones Energeticas,2.0109077310237975,0.1694887569230723,85.71428571428571,7,76.0
221,beautiful,christina aguilera,dance pop,2002,76,57,46,-4,11,10,239,58,3,71,rendimiento_medio,q3_medio_alto,2000,christina aguilera,beautiful,2,2,True,1,Baladas Acusticas,-0.40273368239540625,-1.8226164867733978,50.602409638554214,83,68.51807228915662
222,gravity,john mayer,neo mellow,2006,124,33,76,-10,24,24,246,73,3,75,potencial_premium,q4_alto,2000,john mayer,gravity,6,6,True,1,Baladas Acusticas,-1.4069699547071817,0.1669488407760963,58.82352941176471,17,71.41176470588235
223,leave the light on,beth hart,blues rock,2009,142,48,57,-6,10,16,244,26,3,32,zona_critica,q1_bajo,2000,beth hart,leave the light on,0,0,False,0,Canciones Energeticas,-0.05182018691526952,-1.3535635273091027,6.666666666666667,15,55.53333333333333
224,ruthless queen,kayak,dutch prog,2009,124,46,53,-10,20,22,291,8,3,32,zona_critica,q1_bajo,2000,kayak,ruthless queen,0,0,False,0,Canciones Energeticas,-0.32779721130646594,-1.0462768758363357,0.0,5,31.2
225,everlong - acoustic version,foo fighters,alternative metal,2009,144,34,64,-11,11,55,251,91,3,69,rendimiento_medio,q3_medio_alto,2000,foo fighters,everlong acoustic version,10,10,True,1,Baladas Acusticas,-1.548293601986131,0.5421550260896146,37.142857142857146,70,66.01428571428572
226,here without you,3 doors down,alternative metal,2002,144,55,54,-7,13,23,239,5,2,75,potencial_premium,q4_alto,2000,3 doors down,here without you,0,0,False,0,Canciones Energeticas,0.3105240899118305,-1.0983170135945604,37.142857142857146,70,66.01428571428572
227,one,mary j. blige,dance pop,2005,186,87,34,-3,13,27,260,8,8,61,rendimiento_medio,q2_medio_bajo,2000,mary j blige,one,4,4,True,0,Canciones Energeticas,1.419308635941242,-2.275737895868046,50.602409638554214,83,68.51807228915662
228,mijn houten hart,de poema's,dutch pop,2003,70,59,43,-6,9,25,259,46,3,45,zona_critica,q1_bajo,2000,de poema s,mijn houten hart,0,0,False,0,Canciones Energeticas,-0.25728965723687547,-1.459628783365732,1.1363636363636365,88,45.23863636363637
229,mad world (feat. michael andrews),gary jules,neo mellow,2002,174,6,35,-17,10,30,190,98,4,70,rendimiento_medio,q3_medio_alto,2000,gary jules,mad world feat michael andrews,0,0,False,1,Baladas Acusticas,-4.047878447468276,-0.2811781430086264,58.82352941176471,17,71.41176470588235
230,sinds 1 dag of 2 (32 jaar),doe maar,dutch cabaret,2008,114,60,88,-11,14,96,201,28,4,53,rendimiento_medio,q2_medio_bajo,2000,doe maar,sinds 1 dag of 2 32 jaar,0,0,False,0,Canciones Energeticas,1.0617003361086506,2.1655390986024443,0.0,51,46.05882352941177
231,feeling good,michael bublé,adult standards,2005,115,55,54,-7,12,48,237,53,4,64,rendimiento_medio,q3_medio_alto,2000,michael bubl,feeling good,5,5,True,0,Canciones Energeticas,-0.1196204640795778,-0.426922631418481,20.32520325203252,123,62.577235772357724
232,the wall street shuffle,10cc,album rock,2004,98,50,52,-11,11,66,242,16,3,46,zona_critica,q1_bajo,2000,10cc,the wall street shuffle,0,0,False,0,Canciones Energeticas,0.020556167477710108,0.22912196321934072,20.823244552058114,413,60.69491525423729
233,song 2,blur,alternative rock,2000,130,71,66,-7,7,86,122,0,9,64,rendimiento_medio,q3_medio_alto,2000,blur,song 2,0,0,False,0,Canciones Energeticas,1.8015069741183385,0.8623042966238292,39.53488372093023,86,66.94186046511628
234,i would stay,krezip,dutch indie,2000,95,26,47,-11,12,27,232,82,4,55,rendimiento_medio,q2_medio_bajo,2000,krezip,i would stay,0,0,False,1,Baladas Acusticas,-2.334260604533063,-0.5116749025270143,0.0,75,37.266666666666666
235,piano man,billy joel,album rock,2001,179,47,33,-9,32,43,336,60,3,70,rendimiento_medio,q3_medio_alto,2000,billy joel,piano man,4,4,True,1,Baladas Acusticas,-1.1396455074461924,-0.978551734590444,20.823244552058114,413,60.69491525423729
236,fireflies,owl city,pop,2009,180,66,51,-7,12,46,228,3,4,79,potencial_premium,q4_alto,2000,owl city,fireflies,0,0,False,0,Canciones Energeticas,0.9687692852758821,-0.8855271461017726,42.5531914893617,47,67.61702127659575
237,lost,anouk,dutch indie,2004,90,25,52,-10,14,14,222,22,3,51,rendimiento_medio,q2_medio_bajo,2000,anouk,lost,0,0,False,1,Baladas Acusticas,-1.280886731400343,-1.0209037742252371,0.0,75,37.266666666666666
238,woman,wolfmother,alternative rock,2006,113,95,22,-4,16,17,176,0,18,62,rendimiento_medio,q2_medio_bajo,2000,wolfmother,woman,1,1,True,0,Canciones Energeticas,1.3220952805374815,-2.9513423753070978,39.53488372093023,86,66.94186046511628
239,where is the love?,the black eyed peas,dance pop,2003,94,70,83,-3,13,80,273,11,20,66,rendimiento_medio,q3_medio_alto,2000,the black eyed peas,where is the love,6,6,True,0,Canciones Energeticas,2.3444212324571887,0.9369049890565132,50.602409638554214,83,68.51807228915662
240,yellow,coldplay,permanent wave,2000,173,66,43,-7,23,28,267,0,3,82,potencial_premium,q4_alto,2000,coldplay,yellow,6,6,True,0,Canciones Energeticas,0.5572125643055479,-1.3778016980963894,34.21052631578947,38,67.65789473684211
241,this is the life,amy macdonald,scottish singer-songwriter,2007,95,88,62,-5,7,86,184,27,3,41,zona_critica,q1_bajo,2000,amy macdonald,this is the life,0,0,False,0,Canciones Energeticas,2.083869570521,0.3637544315728981,0.0,2,35.5
242,wicked game,chris isaak,mellow gold,2006,113,55,67,-8,9,29,287,74,3,70,rendimiento_medio,q3_medio_alto,2000,chris isaak,wicked game,0,0,False,1,Baladas Acusticas,-0.6515364823440584,-0.29399402053313267,36.36363636363637,11,64.63636363636364
243,breakeven,the script,celtic rock,2008,94,70,63,-5,8,53,261,17,2,74,potencial_premium,q4_alto,2000,the script,breakeven,0,0,False,0,Canciones Energeticas,1.3721872247622604,-0.3979440173840263,42.857142857142854,7,66.71428571428571
244,not an addict,k's choice,alternative pop,2009,169,65,26,-7,12,34,288,0,4,43,zona_critica,q1_bajo,2000,k s choice,not an addict,0,0,False,0,Canciones Energeticas,0.45988326169056387,-2.0971293374187314,0.0,1,43.0
245,so incredible,ilse delange,dutch americana,2008,104,86,54,-6,72,75,177,11,3,54,rendimiento_medio,q2_medio_bajo,2000,ilse delange,so incredible,0,0,False,0,Canciones Energeticas,1.90762146699418,-0.17715133222183946,0.0,12,42.833333333333336
246,mr rock & roll,amy macdonald,scottish singer-songwriter,2007,111,87,60,-5,11,44,215,3,3,30,zona_critica,q1_bajo,2000,amy macdonald,mr rock roll,0,0,False,0,Canciones Energeticas,1.867757971050352,-0.804401714313716,0.0,2,35.5
247,will you be there - single version,michael jackson,pop,2005,83,63,41,-7,8,44,220,51,7,53,rendimiento_medio,q2_medio_bajo,2000,michael jackson,will you be there single version,9,9,True,0,Canciones Energeticas,-0.12708542590912905,-1.0349286326075307,42.5531914893617,47,67.61702127659575
248,vlinder,rowwen hèze,carnaval limburg,2003,175,79,35,-5,38,80,231,16,4,33,zona_critica,q1_bajo,2000,rowwen h ze,vlinder,0,0,False,0,Canciones Energeticas,1.5056737410241468,-0.6576849538970787,0.0,10,36.5
249,cambodia,kim wilde,dance pop,2006,111,57,70,-8,11,71,236,1,3,51,rendimiento_medio,q2_medio_bajo,2000,kim wilde,cambodia,0,0,False,0,Canciones Energeticas,1.2158740609307828,0.6182475278484831,50.602409638554214,83,68.51807228915662
250,back to black,amy winehouse,british soul,2006,123,73,49,-3,10,34,240,12,4,77,potencial_premium,q4_alto,2000,amy winehouse,back to black,4,4,True,0,Canciones Energeticas,1.3197641345220894,-1.5208893568056796,38.70967741935484,31,66.38709677419355
251,dochters,marco borsato,dutch cabaret,2008,128,52,64,-10,11,36,270,57,3,57,rendimiento_medio,q2_medio_bajo,2000,marco borsato,dochters,0,0,False,1,Baladas Acusticas,-0.6472877590210994,-0.15079495460251016,0.0,51,46.05882352941177
252,hocus pocus,focus,album rock,2001,184,82,26,-6,28,40,403,2,15,53,rendimiento_medio,q2_medio_bajo,2000,focus,hocus pocus,0,0,False,0,Canciones Energeticas,0.9903671343446061,-1.8739719542144588,20.823244552058114,413,60.69491525423729
253,mensch,herbert grönemeyer,german pop,2008,174,78,68,-6,8,87,270,3,8,47,zona_critica,q1_bajo,2000,herbert gr nemeyer,mensch,0,0,False,0,Canciones Energeticas,2.202509450375775,0.6332930694530353,11.11111111111111,9,49.666666666666664
254,amsterdam,coldplay,permanent wave,2002,73,18,26,-10,12,11,319,84,3,57,rendimiento_medio,q2_medio_bajo,2000,coldplay,amsterdam,6,6,True,1,Baladas Acusticas,-2.9418810093345655,-1.777882207706651,34.21052631578947,38,67.65789473684211
255,time is running out,muse,modern rock,2004,118,84,59,-6,9,43,237,0,6,69,rendimiento_medio,q3_medio_alto,2000,muse,time is running out,2,2,True,0,Canciones Energeticas,1.6418853276552265,-0.6920162679123835,48.97959183673469,49,68.59183673469387
256,rain down on me,kane,dutch pop,2003,133,88,46,-3,11,33,247,0,6,47,zona_critica,q1_bajo,2000,kane,rain down on me,0,0,False,0,Canciones Energeticas,1.8141763545386302,-1.6629694688238692,1.1363636363636365,88,45.23863636363637
257,denis,blondie,candy pop,2006,139,77,53,-7,6,86,139,0,5,42,zona_critica,q1_bajo,2000,blondie,denis,0,0,False,0,Canciones Energeticas,1.8306883206520526,0.19943735754378014,0.0,2,47.0
258,hometown glory,adele,british soul,2008,123,34,45,-9,10,21,269,96,4,59,rendimiento_medio,q2_medio_bajo,2000,adele,hometown glory,11,11,True,1,Baladas Acusticas,-2.1071011754873537,-1.1171090716621532,38.70967741935484,31,66.38709677419355
259,live and let die - live,paul mccartney,album rock,2003,150,93,24,-3,97,23,185,36,8,60,rendimiento_medio,q2_medio_bajo,2000,paul mccartney,live and let die live,4,4,True,0,Canciones Energeticas,0.8841068364130991,-2.6221726803765386,20.823244552058114,413,60.69491525423729
260,i still cry,ilse delange,dutch americana,2000,98,35,54,-9,13,16,274,32,3,30,zona_critica,q1_bajo,2000,ilse delange,i still cry,0,0,False,1,Baladas Acusticas,-1.0418747223048734,-0.8836044235924294,0.0,12,42.833333333333336
261,ren lenny ren,acda en de munnik,dutch cabaret,2002,110,87,51,-5,33,43,233,1,5,43,zona_critica,q1_bajo,2000,acda en de munnik,ren lenny ren,0,0,False,0,Canciones Energeticas,1.6964159506289396,-1.0250636935188675,0.0,51,46.05882352941177
262,in my place,coldplay,permanent wave,2002,145,59,43,-5,30,19,227,6,3,70,rendimiento_medio,q3_medio_alto,2000,coldplay,in my place,6,6,True,0,Canciones Energeticas,0.4514593420742206,-1.7859812115869471,34.21052631578947,38,67.65789473684211
263,numb,linkin park,alternative metal,2003,110,86,50,-4,64,24,186,0,4,81,potencial_premium,q4_alto,2000,linkin park,numb,1,1,True,0,Canciones Energeticas,1.5666333413638673,-1.6414949821940155,37.142857142857146,70,66.01428571428572
264,slow dancing in a burning room,john mayer,neo mellow,2006,134,36,67,-9,8,29,242,57,3,76,potencial_premium,q4_alto,2000,john mayer,slow dancing in a burning room,6,6,True,1,Baladas Acusticas,-0.9958096329449555,-0.18625549370155098,58.82352941176471,17,71.41176470588235
265,empire state of mind,jay-z,east coast hip hop,2009,174,96,49,-2,46,81,277,3,39,77,potencial_premium,q4_alto,2000,jay z,empire state of mind,3,3,True,0,Canciones Energeticas,2.858627573414508,-0.6541217553749268,66.66666666666666,6,69.83333333333333
266,drops of jupiter,train,dance pop,2001,79,64,47,-6,15,50,260,15,3,77,potencial_premium,q4_alto,2000,train,drops of jupiter,1,1,True,0,Canciones Energeticas,0.756191197180571,-0.7574281460367239,50.602409638554214,83,68.51807228915662
267,omarm,bløf,dutch pop,2003,184,44,27,-9,10,8,252,41,3,46,zona_critica,q1_bajo,2000,bl f,omarm,0,0,False,1,Baladas Acusticas,-1.4342251530162615,-2.1546103473020146,1.1363636363636365,88,45.23863636363637
268,(what a) wonderful world,sam cooke,adult standards,2000,129,51,69,-10,46,89,125,63,3,71,rendimiento_medio,q3_medio_alto,2000,sam cooke,what a wonderful world,1,1,True,0,Canciones Energeticas,-0.08383552651323692,1.5711737489909285,20.32520325203252,123,62.577235772357724
269,teardrops,womack & womack,disco,2001,133,72,87,-10,18,97,229,9,5,61,rendimiento_medio,q2_medio_bajo,2000,womack womack,teardrops,0,0,False,0,Canciones Energeticas,1.7416412520809792,2.158152762306187,11.11111111111111,18,61.666666666666664
270,the rising,bruce springsteen,classic rock,2002,110,76,50,-6,9,33,287,7,3,53,rendimiento_medio,q2_medio_bajo,2000,bruce springsteen,the rising,13,13,True,0,Canciones Energeticas,1.0288700318581634,-1.159526984740843,27.450980392156865,51,62.15686274509804
271,snow (hey oh),red hot chili peppers,alternative rock,2006,105,90,43,-4,12,60,335,12,5,80,potencial_premium,q4_alto,2000,red hot chili peppers,snow hey oh,3,3,True,0,Canciones Energeticas,1.879415169721361,-1.0785437350445266,39.53488372093023,86,66.94186046511628
272,i don't wanna hurt,anouk,dutch indie,2007,79,48,48,-7,10,22,213,60,3,46,zona_critica,q1_bajo,2000,anouk,i don t wanna hurt,0,0,False,1,Baladas Acusticas,-0.8294307020656919,-1.2906663565243066,0.0,75,37.266666666666666
273,ordinary people,john legend,neo mellow,2005,67,13,47,-14,9,36,281,93,8,69,rendimiento_medio,q3_medio_alto,2000,john legend,ordinary people,4,4,True,1,Baladas Acusticas,-3.0834724342038036,-0.08457697656880384,58.82352941176471,17,71.41176470588235
274,iedereen is van de wereld,the scene,belgian rock,2007,118,73,45,-7,29,38,228,0,4,50,rendimiento_medio,q2_medio_bajo,2000,the scene,iedereen is van de wereld,0,0,False,0,Canciones Energeticas,0.9805829600077264,-1.2797240600375,0.0,8,43.875
275,gold,spandau ballet,dance rock,2000,143,74,71,-8,10,64,231,26,4,66,rendimiento_medio,q3_medio_alto,2000,spandau ballet,gold,0,0,False,0,Canciones Energeticas,1.0933329760797814,0.6612249524035467,15.384615384615385,52,59.38461538461539
276,all night long (all night) - single version,lionel richie,adult standards,2003,109,58,74,-12,5,78,260,12,5,64,rendimiento_medio,q3_medio_alto,2000,lionel richie,all night long all night single version,2,2,True,0,Canciones Energeticas,0.6344601433285275,1.4003690013889463,20.32520325203252,123,62.577235772357724
277,can't stop loving you - 2016 remaster,phil collins,mellow gold,2002,100,78,60,-6,11,42,256,1,3,62,rendimiento_medio,q2_medio_bajo,2000,phil collins,can t stop loving you 2016 remaster,5,5,True,0,Canciones Energeticas,1.4491840084615986,-0.5994871740659523,36.36363636363637,11,64.63636363636364
278,city of blinding lights,u2,irish rock,2004,139,77,44,-4,11,20,346,0,3,60,rendimiento_medio,q2_medio_bajo,2000,u2,city of blinding lights,18,18,True,0,Canciones Energeticas,1.202781381243587,-1.9528642817401605,20.588235294117645,34,58.294117647058826
279,munich,editors,alternative dance,2005,149,88,18,-4,32,39,226,0,5,61,rendimiento_medio,q2_medio_bajo,2000,editors,munich,0,0,False,0,Canciones Energeticas,1.3629876116439659,-2.5057230060287288,6.666666666666667,15,56.8
280,hey ya!,outkast,atl hip hop,2003,80,97,73,-2,18,97,235,10,7,79,potencial_premium,q4_alto,2000,outkast,hey ya,5,5,True,0,Canciones Energeticas,3.2711260637449975,0.7967643740275806,100.0,1,79.0
281,there must be an angel (playing with my heart),eurythmics,dance pop,2005,112,78,58,-5,8,60,281,28,4,40,zona_critica,q1_bajo,2000,eurythmics,there must be an angel playing with my heart,0,0,False,0,Canciones Energeticas,1.380538264958027,-0.323050453902055,50.602409638554214,83,68.51807228915662
282,laat me / vivre - lange versie,alderliefste met ramses shaffy en liesbeth list,dutch pop,2005,81,41,66,-9,16,37,386,60,3,43,zona_critica,q1_bajo,2000,alderliefste met ramses shaffy en liesbeth list,laat me vivre lange versie,0,0,False,1,Baladas Acusticas,-0.8363344080951962,-0.008933226713772358,1.1363636363636365,88,45.23863636363637
283,watskeburt?!,de jeugd van tegenwoordig,dutch hip hop,2008,130,49,95,-8,23,59,376,1,23,55,rendimiento_medio,q2_medio_bajo,2000,de jeugd van tegenwoordig,watskeburt,0,0,False,0,Canciones Energeticas,1.2455107836055948,1.211725019020081,0.0,13,53.84615384615385
284,feel,robbie williams,dance pop,2002,98,73,60,-7,14,29,264,1,3,72,potencial_premium,q4_alto,2000,robbie williams,feel,0,0,False,0,Canciones Energeticas,1.0112227502435822,-0.8108345141944658,50.602409638554214,83,68.51807228915662
285,lady jane - (original single mono version),the rolling stones,album rock,2004,205,47,38,-12,9,31,190,34,5,34,zona_critica,q1_bajo,2000,the rolling stones,lady jane original single mono version,3,3,True,1,Baladas Acusticas,-1.1663626464270458,-0.9853653709538496,20.823244552058114,413,60.69491525423729
286,la isla bonita,madonna,dance pop,2009,100,83,71,-5,6,97,243,39,4,66,rendimiento_medio,q3_medio_alto,2000,madonna,la isla bonita,6,6,True,0,Canciones Energeticas,2.058980929430738,0.9602806408568932,50.602409638554214,83,68.51807228915662
287,go like elijah,chi coltrane,alternative pop rock,2009,134,88,63,-5,17,49,242,4,4,40,zona_critica,q1_bajo,2000,chi coltrane,go like elijah,0,0,False,0,Canciones Energeticas,2.011058828381615,-0.6286187109757991,0.0,7,49.714285714285715
288,chop suey!,system of a down,alternative metal,2001,127,93,42,-4,13,29,210,0,12,80,potencial_premium,q4_alto,2000,system of a down,chop suey,1,1,True,0,Canciones Energeticas,1.671779812825862,-1.7817887300746256,37.142857142857146,70,66.01428571428572
289,sorry - (live in tivoli),kyteman,dutch indie,2009,68,47,35,-9,66,20,150,94,4,47,zona_critica,q1_bajo,2000,kyteman,sorry live in tivoli,0,0,False,1,Baladas Acusticas,-1.8893503518572898,-1.5883261051115733,0.0,75,37.266666666666666
290,black or white - single version,michael jackson,pop,2005,115,89,74,-4,9,96,203,8,5,64,rendimiento_medio,q3_medio_alto,2000,michael jackson,black or white single version,9,9,True,0,Canciones Energeticas,2.8504377072653666,0.9534342169987975,42.5531914893617,47,67.61702127659575
291,shut your eyes,snow patrol,irish rock,2006,125,74,69,-6,8,84,197,15,3,42,zona_critica,q1_bajo,2000,snow patrol,shut your eyes,0,0,False,0,Canciones Energeticas,1.8522068136214853,0.7022581559469818,20.588235294117645,34,58.294117647058826
292,ironic,alanis morissette,alternative rock,2005,171,64,46,-6,19,29,229,25,6,62,rendimiento_medio,q2_medio_bajo,2000,alanis morissette,ironic,5,5,True,0,Canciones Energeticas,0.34128778056747106,-1.3885621571604805,39.53488372093023,86,66.94186046511628
293,i bet you look good on the dancefloor,arctic monkeys,garage rock,2006,103,95,54,-4,38,78,174,0,4,58,rendimiento_medio,q2_medio_bajo,2000,arctic monkeys,i bet you look good on the dancefloor,0,0,False,0,Canciones Energeticas,2.6115248024008224,-0.290773777607843,25.0,4,65.75
294,hurt,johnny cash,arkansas country,2002,90,39,53,-8,9,16,217,65,3,75,potencial_premium,q4_alto,2000,johnny cash,hurt,8,8,True,1,Baladas Acusticas,-1.3428237139720778,-0.9801958740965434,11.11111111111111,9,52.0
295,vogue,madonna,dance pop,2009,116,88,74,-6,42,33,317,0,4,66,rendimiento_medio,q3_medio_alto,2000,madonna,vogue,6,6,True,0,Canciones Energeticas,1.8929206282295796,-0.5420740656084887,50.602409638554214,83,68.51807228915662
296,if i were a boy,beyoncé,dance pop,2008,90,52,63,-6,35,43,249,11,3,68,rendimiento_medio,q3_medio_alto,2000,beyonc,if i were a boy,13,13,True,0,Canciones Energeticas,0.7380260809986178,-0.5057692682130775,50.602409638554214,83,68.51807228915662
297,dyna-mite,mud,classic uk pop,2005,141,92,58,-5,20,77,177,0,6,40,zona_critica,q1_bajo,2000,mud,dyna mite,0,0,False,0,Canciones Energeticas,2.433236199464277,-0.04224120837504649,4.545454545454546,22,45.77272727272727
298,une belle histoire (een mooi verhaal),alderliefste,dutch pop,2008,87,68,57,-8,18,67,268,36,3,38,zona_critica,q1_bajo,2000,alderliefste,une belle histoire een mooi verhaal,0,0,False,0,Canciones Energeticas,0.694315469483706,0.05395325821759631,1.1363636363636365,88,45.23863636363637
299,sandstorm - radio edit,darude,eurodance,2007,136,98,54,-8,8,52,225,17,5,61,rendimiento_medio,q2_medio_bajo,2000,darude,sandstorm radio edit,0,0,False,0,Canciones Energeticas,1.5288026737233682,-0.5621541922218938,0.0,3,66.0
300,right next door (because of me),robert cray,blues,2002,87,65,61,-8,5,79,259,23,5,52,rendimiento_medio,q2_medio_bajo,2000,robert cray,right next door because of me,0,0,False,0,Canciones Energeticas,0.9838053171983011,0.6319676134366974,0.0,8,59.125
301,hald mich 's vas,neet oét lottum,carnaval limburg,2004,179,54,29,-8,12,16,251,29,4,39,zona_critica,q1_bajo,2000,neet o t lottum,hald mich s vas,0,0,False,1,Baladas Acusticas,-0.6931928156905335,-2.0743988505749105,0.0,10,36.5
302,like a prayer,madonna,dance pop,2009,111,84,62,-5,18,26,343,26,4,71,rendimiento_medio,q3_medio_alto,2000,madonna,like a prayer,6,6,True,0,Canciones Energeticas,1.2214743698060595,-1.147491065334684,50.602409638554214,83,68.51807228915662
303,rockin' all over the world,status quo,album rock,2005,131,96,62,-5,51,97,217,13,4,47,zona_critica,q1_bajo,2000,status quo,rockin all over the world,0,0,False,0,Canciones Energeticas,2.646555070130231,0.6169687944325908,20.823244552058114,413,60.69491525423729
304,blue hotel,chris isaak,mellow gold,2006,149,81,52,-4,12,53,192,0,3,42,zona_critica,q1_bajo,2000,chris isaak,blue hotel,0,0,False,0,Canciones Energeticas,1.8874119215024006,-0.9236473751821087,36.36363636363637,11,64.63636363636364
305,dear mr. president,p!nk,dance pop,2009,128,30,48,-9,11,30,281,85,4,43,zona_critica,q1_bajo,2000,p nk,dear mr president,0,0,False,1,Baladas Acusticas,-1.8518390977991306,-0.8330653110724501,50.602409638554214,83,68.51807228915662
306,stiekem gedanst,toontje lager,dutch rock,2008,96,63,66,-10,60,84,215,21,6,53,rendimiento_medio,q2_medio_bajo,2000,toontje lager,stiekem gedanst,0,0,False,0,Canciones Energeticas,0.9031470819247382,0.9486096068046007,0.0,18,44.111111111111114
307,human,the killers,modern rock,2008,135,80,56,-8,9,58,245,0,6,73,potencial_premium,q4_alto,2000,the killers,human,0,0,False,0,Canciones Energeticas,1.4672660505105044,-0.35417820048208837,48.97959183673469,49,68.59183673469387
308,lady madonna - remastered 2015,the beatles,british invasion,2000,110,78,65,-5,22,57,137,14,3,63,rendimiento_medio,q3_medio_alto,2000,the beatles,lady madonna remastered 2015,8,8,True,0,Canciones Energeticas,1.620659049913811,-0.044146299177890806,27.77777777777778,36,68.08333333333333
309,both sides now,joni mitchell,canadian folk,2000,78,14,26,-14,10,14,345,87,3,65,rendimiento_medio,q3_medio_alto,2000,joni mitchell,both sides now,4,4,True,1,Baladas Acusticas,-3.6211582220325966,-1.272685633274401,0.0,7,60.857142857142854
310,god is a dj,faithless,big beat,2005,131,90,61,-7,17,39,209,18,4,57,rendimiento_medio,q2_medio_bajo,2000,faithless,god is a dj,0,0,False,0,Canciones Energeticas,1.3501524431692504,-0.6248917127042325,0.0,11,57.36363636363637
311,viva la vida,coldplay,permanent wave,2008,138,62,49,-7,11,42,242,9,3,78,potencial_premium,q4_alto,2000,coldplay,viva la vida,6,6,True,0,Canciones Energeticas,0.6713782576944854,-0.9960967295730537,34.21052631578947,38,67.65789473684211
312,kids,mgmt,alternative dance,2007,123,93,45,-4,36,17,303,0,7,76,potencial_premium,q4_alto,2000,mgmt,kids,0,0,False,0,Canciones Energeticas,1.6251472728679797,-2.1318318175355957,6.666666666666667,15,56.8
313,bend & break,keane,modern rock,2004,138,84,47,-4,16,48,220,0,3,43,zona_critica,q1_bajo,2000,keane,bend break,0,0,False,0,Canciones Energeticas,1.8009589049613741,-1.1842483245328501,48.97959183673469,49,68.59183673469387
314,we can work it out - remastered 2015,the beatles,british invasion,2000,106,68,38,-9,18,65,136,6,3,63,rendimiento_medio,q3_medio_alto,2000,the beatles,we can work it out remastered 2015,8,8,True,0,Canciones Energeticas,0.6553243765208663,-0.4684335543354852,27.77777777777778,36,68.08333333333333
315,sing for absolution,muse,modern rock,2004,170,68,44,-7,9,19,295,46,3,57,rendimiento_medio,q2_medio_bajo,2000,muse,sing for absolution,2,2,True,0,Canciones Energeticas,-0.21422137374231645,-1.5425964118492577,48.97959183673469,49,68.59183673469387
316,superstition - single version,stevie wonder,adult standards,2002,100,63,63,-12,4,87,245,4,7,77,potencial_premium,q4_alto,2000,stevie wonder,superstition single version,13,13,True,0,Canciones Energeticas,0.8406100886817832,1.204278945046367,20.32520325203252,123,62.577235772357724
317,vertigo,u2,irish rock,2004,140,82,42,-4,15,63,194,0,6,65,rendimiento_medio,q3_medio_alto,2000,u2,vertigo,18,18,True,0,Canciones Energeticas,1.8742829513492054,-0.9925070921760871,20.588235294117645,34,58.294117647058826
318,by the way,red hot chili peppers,alternative rock,2002,122,97,45,-5,10,20,217,3,11,74,potencial_premium,q4_alto,2000,red hot chili peppers,by the way,3,3,True,0,Canciones Energeticas,1.5258369827910134,-1.8377241312631265,39.53488372093023,86,66.94186046511628
319,hey jude,the beatles,british invasion,2006,74,63,46,-7,40,59,239,9,2,63,rendimiento_medio,q3_medio_alto,2000,the beatles,hey jude,8,8,True,0,Canciones Energeticas,0.8558923621738166,-0.6381346194994291,27.77777777777778,36,68.08333333333333
320,november,rowwen hèze,carnaval limburg,2005,186,40,32,-9,22,23,296,63,4,35,zona_critica,q1_bajo,2000,rowwen h ze,november,0,0,False,1,Baladas Acusticas,-1.6058016161127011,-1.58021600430782,0.0,10,36.5
321,geef mij je angst,guus meeuwis,dutch pop,2006,81,56,37,-11,97,42,224,75,5,54,rendimiento_medio,q2_medio_bajo,2000,guus meeuwis,geef mij je angst,0,0,False,1,Baladas Acusticas,-1.3246250618816529,-0.8075278322120324,1.1363636363636365,88,45.23863636363637
322,stuck in the middle with you,stealers wheel,classic rock,2009,124,56,80,-10,6,96,204,9,4,72,potencial_premium,q4_alto,2000,stealers wheel,stuck in the middle with you,0,0,False,0,Canciones Energeticas,1.3016551213797514,1.7157811961113536,27.450980392156865,51,62.15686274509804
323,het regent zonnestralen,acda en de munnik,dutch cabaret,2005,108,75,62,-6,11,83,226,41,3,57,rendimiento_medio,q2_medio_bajo,2000,acda en de munnik,het regent zonnestralen,0,0,False,0,Canciones Energeticas,1.3171634349391454,0.5235802295765731,0.0,51,46.05882352941177
324,violet hill,coldplay,permanent wave,2008,76,58,35,-8,12,11,223,6,4,61,rendimiento_medio,q2_medio_bajo,2000,coldplay,violet hill,6,6,True,0,Canciones Energeticas,-0.13946213561753212,-2.171555754148898,34.21052631578947,38,67.65789473684211
325,dog days are over,florence + the machine,art pop,2009,150,81,49,-5,12,25,252,4,8,69,rendimiento_medio,q3_medio_alto,2000,florence the machine,dog days are over,0,0,False,0,Canciones Energeticas,1.3019122562119188,-1.7010323877328293,7.142857142857142,14,59.42857142857143
326,beautiful day,u2,irish rock,2000,136,93,54,-6,36,45,246,1,5,63,rendimiento_medio,q3_medio_alto,2000,u2,beautiful day,18,18,True,0,Canciones Energeticas,1.764181403568401,-0.7452147340420665,20.588235294117645,34,58.294117647058826
327,major tom,peter schilling,german pop,2005,164,54,78,-6,22,68,274,3,6,48,zona_critica,q1_bajo,2000,peter schilling,major tom,0,0,False,0,Canciones Energeticas,1.444965508696565,0.705288531868218,11.11111111111111,9,49.666666666666664
328,an end has a start,editors,alternative dance,2007,150,92,35,-2,34,54,226,0,5,53,rendimiento_medio,q2_medio_bajo,2000,editors,an end has a start,0,0,False,0,Canciones Energeticas,2.2140897035926517,-1.7645780718350605,6.666666666666667,15,56.8
329,lost!,coldplay,permanent wave,2008,87,78,36,-8,38,58,236,1,4,53,rendimiento_medio,q2_medio_bajo,2000,coldplay,lost,6,6,True,0,Canciones Energeticas,1.100465662903955,-1.0740785139546924,34.21052631578947,38,67.65789473684211
330,what it is,mark knopfler,classic rock,2000,122,67,63,-7,28,48,298,64,3,43,zona_critica,q1_bajo,2000,mark knopfler,what it is,0,0,False,0,Canciones Energeticas,0.08510568563659512,0.028503038242750557,27.450980392156865,51,62.15686274509804
331,blue monday - 2016 remaster,new order,alternative rock,2005,130,70,79,-10,8,86,451,0,6,73,potencial_premium,q4_alto,2000,new order,blue monday 2016 remaster,0,0,False,0,Canciones Energeticas,1.619137482621244,1.4668699856427092,39.53488372093023,86,66.94186046511628
332,behind blue eyes,limp bizkit,alternative metal,2003,120,49,60,-7,12,9,270,50,3,72,potencial_premium,q4_alto,2000,limp bizkit,behind blue eyes,0,0,False,1,Baladas Acusticas,-0.6769576405241998,-1.0932713347239453,37.142857142857146,70,66.01428571428572
333,rehab,amy winehouse,british soul,2006,72,87,43,-3,40,73,214,5,7,74,potencial_premium,q4_alto,2000,amy winehouse,rehab,4,4,True,0,Canciones Energeticas,2.22698975907018,-0.8584960197580744,38.70967741935484,31,66.38709677419355
334,bird of paradise,snowy white,blues rock,2003,144,44,47,-11,32,31,281,60,4,52,rendimiento_medio,q2_medio_bajo,2000,snowy white,bird of paradise,0,0,False,1,Baladas Acusticas,-1.4167379986362039,-0.6287957454392596,6.666666666666667,15,55.53333333333333
335,i'm yours,jason mraz,acoustic pop,2008,151,46,69,-8,11,72,242,60,5,82,potencial_premium,q4_alto,2000,jason mraz,i m yours,1,1,True,0,Canciones Energeticas,-0.026687829886749392,0.7670837765676312,50.0,4,66.75
336,onderweg,abel,dutch rock,2000,98,68,62,-6,8,41,190,35,2,59,rendimiento_medio,q2_medio_bajo,2000,abel,onderweg,0,0,False,0,Canciones Energeticas,0.6201866193462361,-0.35744692362379343,0.0,18,44.111111111111114
337,mr. bojangles - single version,sammy davis jr.,adult standards,2002,117,18,54,-13,11,13,343,75,5,56,rendimiento_medio,q2_medio_bajo,2000,sammy davis jr,mr bojangles single version,0,0,False,1,Baladas Acusticas,-2.755365851981349,-0.4688092939516814,20.32520325203252,123,62.577235772357724
338,unwritten,natasha bedingfield,dance pop,2004,100,80,71,-6,8,63,259,1,4,76,potencial_premium,q4_alto,2000,natasha bedingfield,unwritten,0,0,False,0,Canciones Energeticas,1.9672529007567994,0.25311531834187695,50.602409638554214,83,68.51807228915662
339,resistance,muse,modern rock,2009,135,77,47,-7,11,9,347,6,5,63,rendimiento_medio,q3_medio_alto,2000,muse,resistance,2,2,True,0,Canciones Energeticas,0.6509622016002112,-1.9683377361220646,48.97959183673469,49,68.59183673469387
340,bedshaped,keane,modern rock,2004,75,41,33,-7,10,7,276,61,3,41,zona_critica,q1_bajo,2000,keane,bedshaped,0,0,False,1,Baladas Acusticas,-1.4844783805694142,-2.0934408454234883,48.97959183673469,49,68.59183673469387
341,mia,gorki,belgian rock,2002,114,30,70,-17,10,23,332,4,3,52,rendimiento_medio,q2_medio_bajo,2000,gorki,mia,0,0,False,1,Baladas Acusticas,-1.4380098855059948,0.45713211407235516,0.0,8,43.875
342,you oughta know,alanis morissette,alternative rock,2005,105,86,64,-7,87,47,250,23,7,52,rendimiento_medio,q2_medio_bajo,2000,alanis morissette,you oughta know,5,5,True,0,Canciones Energeticas,1.3150706674218648,-0.2900088857290636,39.53488372093023,86,66.94186046511628
343,overcome,live,alternative metal,2001,146,40,38,-7,10,19,256,78,3,49,zona_critica,q1_bajo,2000,live,overcome,0,0,False,1,Baladas Acusticas,-1.5923771273394842,-1.4800202355823904,37.142857142857146,70,66.01428571428572
344,stand my ground,within temptation,dutch metal,2004,88,87,25,-4,12,13,268,5,5,56,rendimiento_medio,q2_medio_bajo,2000,within temptation,stand my ground,0,0,False,0,Canciones Energeticas,1.00125863328586,-2.8398807592732656,0.0,4,50.25
345,chasing cars,snow patrol,irish rock,2006,104,59,56,-5,13,14,268,21,3,78,potencial_premium,q4_alto,2000,snow patrol,chasing cars,0,0,False,0,Canciones Energeticas,0.3754393326131343,-1.4996653208380977,20.588235294117645,34,58.294117647058826
346,dani california,red hot chili peppers,alternative rock,2006,96,91,56,-2,35,73,282,2,4,76,potencial_premium,q4_alto,2000,red hot chili peppers,dani california,3,3,True,0,Canciones Energeticas,2.7099909341843778,-0.4957160609121812,39.53488372093023,86,66.94186046511628
347,unfinished sympathy,massive attack,big beat,2006,114,89,59,-6,51,70,312,1,3,53,rendimiento_medio,q2_medio_bajo,2000,massive attack,unfinished sympathy,0,0,False,0,Canciones Energeticas,2.1364760137660155,-0.10238822757340996,0.0,11,57.36363636363637
348,nine million bicycles,katie melua,uk pop,2005,82,25,53,-16,12,34,197,52,3,61,rendimiento_medio,q2_medio_bajo,2000,katie melua,nine million bicycles,0,0,False,1,Baladas Acusticas,-2.3015232735448334,0.09561287958549372,0.0,1,61.0
349,you're beautiful,james blunt,neo mellow,2005,82,48,68,-10,9,45,209,63,3,76,potencial_premium,q4_alto,2000,james blunt,you re beautiful,0,0,False,1,Baladas Acusticas,-0.7048764751879251,0.33106129073595586,58.82352941176471,17,71.41176470588235
350,it's my life,bon jovi,glam metal,2000,120,91,55,-4,35,54,224,3,5,77,potencial_premium,q4_alto,2000,bon jovi,it s my life,0,0,False,0,Canciones Energeticas,2.0856786332105766,-0.6515935097482956,64.70588235294117,17,71.94117647058823
351,politik,coldplay,permanent wave,2002,171,48,26,-8,11,7,319,4,3,62,rendimiento_medio,q2_medio_bajo,2000,coldplay,politik,6,6,True,1,Baladas Acusticas,-0.6203705939389053,-2.4010069195755706,34.21052631578947,38,67.65789473684211
352,mooie dag,bløf,dutch pop,2002,85,58,50,-11,14,30,279,11,3,40,zona_critica,q1_bajo,2000,bl f,mooie dag,0,0,False,0,Canciones Energeticas,-0.2214985987563832,-0.713589755341781,1.1363636363636365,88,45.23863636363637
353,in nije dei,de kast,dutch pop,2004,130,49,41,-9,96,15,296,51,3,38,zona_critica,q1_bajo,2000,de kast,in nije dei,0,0,False,1,Baladas Acusticas,-1.1576156897386458,-1.4885652193608907,1.1363636363636365,88,45.23863636363637
354,sex on fire,kings of leon,modern rock,2008,153,91,54,-6,14,37,203,0,5,79,potencial_premium,q4_alto,2000,kings of leon,sex on fire,3,3,True,0,Canciones Energeticas,1.7137067875573806,-1.1578916169597195,48.97959183673469,49,68.59183673469387
355,hallelujah,lisa lois,dutch pop,2009,182,24,19,-13,11,11,226,24,3,49,zona_critica,q1_bajo,2000,lisa lois,hallelujah,0,0,False,1,Baladas Acusticas,-2.2230369689304483,-2.1633700137957024,1.1363636363636365,88,45.23863636363637
356,somewhere only we know,keane,modern rock,2004,172,66,45,-4,8,37,236,8,3,67,rendimiento_medio,q3_medio_alto,2000,keane,somewhere only we know,0,0,False,0,Canciones Energeticas,1.02701714970996,-1.4360793935662357,48.97959183673469,49,68.59183673469387
357,sunrise,simply red,british soul,2004,106,73,79,-5,10,94,200,0,3,55,rendimiento_medio,q2_medio_bajo,2000,simply red,sunrise,0,0,False,0,Canciones Energeticas,2.4708534213041373,1.2382026807242161,38.70967741935484,31,66.38709677419355
358,how you remind me,nickelback,alternative metal,2001,172,76,45,-5,10,54,224,0,3,78,potencial_premium,q4_alto,2000,nickelback,how you remind me,0,0,False,0,Canciones Energeticas,1.4743688423688772,-0.9097549691831536,37.142857142857146,70,66.01428571428572
359,when you say nothing at all,ronan keating,dance pop,2000,174,45,46,-11,8,42,257,16,3,74,potencial_premium,q4_alto,2000,ronan keating,when you say nothing at all,0,0,False,1,Baladas Acusticas,-0.5630374095742932,-0.44787518137893495,50.602409638554214,83,68.51807228915662
360,hard sun,eddie vedder,permanent wave,2007,143,83,44,-7,32,65,322,5,3,66,rendimiento_medio,q3_medio_alto,2000,eddie vedder,hard sun,0,0,False,0,Canciones Energeticas,1.5002057154737403,-0.6778149158317252,34.21052631578947,38,67.65789473684211
361,belfast child,simple minds,art rock,2008,81,39,14,-13,10,30,404,30,5,43,zona_critica,q1_bajo,2000,simple minds,belfast child,0,0,False,1,Baladas Acusticas,-1.7684339130680842,-1.8910148746587123,15.0,40,60.2
362,feel good inc.,gorillaz,alternative hip hop,2005,139,71,82,-7,61,77,223,1,18,80,potencial_premium,q4_alto,2000,gorillaz,feel good inc,0,0,False,0,Canciones Energeticas,1.9608676461873864,1.0909661808646578,50.0,2,74.5
363,alles is liefde,bløf,dutch pop,2007,144,77,51,-6,17,57,210,0,4,36,zona_critica,q1_bajo,2000,bl f,alles is liefde,0,0,False,0,Canciones Energeticas,1.562126119493019,-0.6988373195195247,1.1363636363636365,88,45.23863636363637
364,jerusalem,anouk,dutch indie,2004,132,84,61,-7,8,54,236,0,4,40,zona_critica,q1_bajo,2000,anouk,jerusalem,0,0,False,0,Canciones Energeticas,1.682291386177875,-0.2617224163486571,0.0,75,37.266666666666666
365,mr bojangles,robbie williams,dance pop,2001,137,33,51,-11,18,27,198,72,11,58,rendimiento_medio,q2_medio_bajo,2000,robbie williams,mr bojangles,0,0,False,1,Baladas Acusticas,-1.9163517130643748,-0.4489081236298447,50.602409638554214,83,68.51807228915662
366,tranen gelachen,guus meeuwis,dutch pop,2007,186,54,30,-8,12,54,203,16,4,50,rendimiento_medio,q2_medio_bajo,2000,guus meeuwis,tranen gelachen,0,0,False,0,Canciones Energeticas,0.07740484273336731,-1.2300680429606907,1.1363636363636365,88,45.23863636363637
367,when the sun goes down,arctic monkeys,garage rock,2006,169,88,35,-5,12,41,202,3,20,57,rendimiento_medio,q2_medio_bajo,2000,arctic monkeys,when the sun goes down,0,0,False,0,Canciones Energeticas,1.4691025520090586,-1.766630731781547,25.0,4,65.75
368,frozen,madonna,dance pop,2009,108,74,59,-8,18,29,379,51,3,55,rendimiento_medio,q2_medio_bajo,2000,madonna,frozen,6,6,True,0,Canciones Energeticas,0.13576844576450992,-0.8077340671355341,50.602409638554214,83,68.51807228915662
369,the racing rats,editors,alternative dance,2007,153,84,32,-4,8,22,258,0,5,43,zona_critica,q1_bajo,2000,editors,the racing rats,0,0,False,0,Canciones Energeticas,1.2651933239554738,-2.4509650912382526,6.666666666666667,15,56.8
370,poker face,lady gaga,dance pop,2008,119,81,85,-5,12,78,237,12,8,69,rendimiento_medio,q3_medio_alto,2000,lady gaga,poker face,6,6,True,0,Canciones Energeticas,2.400382490305799,0.9613838737727237,50.602409638554214,83,68.51807228915662
371,life in technicolor ii,coldplay,permanent wave,2008,131,91,47,-7,25,29,245,0,4,47,zona_critica,q1_bajo,2000,coldplay,life in technicolor ii,6,6,True,0,Canciones Energeticas,1.3669250375720743,-1.520983548853921,34.21052631578947,38,67.65789473684211
372,one,johnny cash,arkansas country,2000,94,50,51,-8,39,42,232,61,3,47,zona_critica,q1_bajo,2000,johnny cash,one,8,8,True,1,Baladas Acusticas,-0.6989359340561462,-0.4143951475221746,11.11111111111111,9,52.0
373,ruby,kaiser chiefs,alternative rock,2007,93,93,44,-3,8,40,203,1,5,62,rendimiento_medio,q2_medio_bajo,2000,kaiser chiefs,ruby,0,0,False,0,Canciones Energeticas,2.0355208166464003,-1.6909454196355516,39.53488372093023,86,66.94186046511628
374,het land van,lange frans,dutch hip hop,2005,83,53,66,-9,14,61,230,89,17,49,zona_critica,q1_bajo,2000,lange frans,het land van,0,0,False,1,Baladas Acusticas,-0.6885395792021449,0.6201599996621451,0.0,13,53.84615384615385
375,bad romance,lady gaga,dance pop,2009,119,92,70,-4,8,71,295,0,4,79,potencial_premium,q4_alto,2000,lady gaga,bad romance,6,6,True,0,Canciones Energeticas,2.713866008737794,0.05025892873547747,50.602409638554214,83,68.51807228915662
376,elevation,u2,irish rock,2000,110,80,58,-8,5,42,226,0,4,49,zona_critica,q1_bajo,2000,u2,elevation,18,18,True,0,Canciones Energeticas,1.1931650410137695,-0.4511432827050654,20.588235294117645,34,58.294117647058826
377,trouble,coldplay,permanent wave,2000,140,55,56,-7,17,19,273,19,3,71,rendimiento_medio,q3_medio_alto,2000,coldplay,trouble,6,6,True,0,Canciones Energeticas,0.03193979541629505,-1.0261155230888013,34.21052631578947,38,67.65789473684211
378,de peel in brand,rowwen hèze,carnaval limburg,2005,199,36,28,-13,14,33,205,61,4,33,zona_critica,q1_bajo,2000,rowwen h ze,de peel in brand,0,0,False,1,Baladas Acusticas,-2.145858380256415,-1.1200726870899549,0.0,10,36.5
379,black betty,ram jam,album rock,2005,117,73,49,-9,16,83,236,0,9,61,rendimiento_medio,q2_medio_bajo,2000,ram jam,black betty,0,0,False,0,Canciones Energeticas,1.3447094931512458,0.1988259722639403,20.823244552058114,413,60.69491525423729
380,wrong,novastar,belgian rock,2000,90,66,54,-8,55,49,214,14,4,48,zona_critica,q1_bajo,2000,novastar,wrong,0,0,False,0,Canciones Energeticas,0.6325888388082277,-0.3326022693059754,0.0,8,43.875
381,never be clever,herman brood & his wild romance,dutch indie,2001,138,89,56,-5,32,96,183,54,4,41,zona_critica,q1_bajo,2000,herman brood his wild romance,never be clever,0,0,False,0,Canciones Energeticas,1.6366357983428959,0.6320129309146055,0.0,75,37.266666666666666
382,undisclosed desires,muse,modern rock,2009,116,59,68,-7,8,64,235,1,3,65,rendimiento_medio,q3_medio_alto,2000,muse,undisclosed desires,2,2,True,0,Canciones Energeticas,1.3144891184209142,0.19539316476055638,48.97959183673469,49,68.59183673469387
383,auto vliegtuug,rowwen hèze,carnaval limburg,2005,96,52,32,-7,16,25,238,48,2,34,zona_critica,q1_bajo,2000,rowwen h ze,auto vliegtuug,0,0,False,1,Baladas Acusticas,-0.7485534876668178,-1.7966310606509839,0.0,10,36.5
384,meer dan een ander,van dik hout,dutch cabaret,2009,94,18,56,-13,7,25,223,81,3,34,zona_critica,q1_bajo,2000,van dik hout,meer dan een ander,0,0,False,1,Baladas Acusticas,-2.5857868970982567,-0.2781039128049963,0.0,51,46.05882352941177
385,brabant,guus meeuwis,dutch pop,2002,82,47,41,-7,10,39,210,56,3,61,rendimiento_medio,q2_medio_bajo,2000,guus meeuwis,brabant,0,0,False,1,Baladas Acusticas,-0.72400214707752,-1.000256651587434,1.1363636363636365,88,45.23863636363637
386,mother earth,within temptation,dutch metal,2003,105,59,43,-6,24,15,330,2,3,45,zona_critica,q1_bajo,2000,within temptation,mother earth,0,0,False,0,Canciones Energeticas,0.34019168918298526,-1.835216467618597,0.0,4,50.25
387,one more time,daft punk,electro,2001,123,70,61,-9,33,48,320,2,13,75,potencial_premium,q4_alto,2000,daft punk,one more time,4,4,True,0,Canciones Energeticas,0.9018684188829315,-0.09144336386846447,42.857142857142854,7,71.14285714285714
388,(you're the) devil in disguise,elvis presley,adult standards,2002,123,73,48,-8,11,87,140,57,17,65,rendimiento_medio,q3_medio_alto,2000,elvis presley,you re the devil in disguise,3,3,True,0,Canciones Energeticas,0.5383025439995699,0.4246590288507404,20.32520325203252,123,62.577235772357724
389,true - single edit,spandau ballet,dance rock,2008,97,55,74,-9,6,35,328,51,3,72,potencial_premium,q4_alto,2000,spandau ballet,true single edit,0,0,False,0,Canciones Energeticas,-0.19839147102560112,0.07274649161649524,15.384615384615385,52,59.38461538461539
390,make it wit chu,queens of the stone age,alternative metal,2007,92,81,70,-5,13,58,290,36,3,59,rendimiento_medio,q2_medio_bajo,2000,queens of the stone age,make it wit chu,0,0,False,0,Canciones Energeticas,1.5004591708108694,0.023572034360324325,37.142857142857146,70,66.01428571428572
391,bring me to life,evanescence,alternative metal,2003,95,94,33,-3,24,30,236,1,7,78,potencial_premium,q4_alto,2000,evanescence,bring me to life,0,0,False,0,Canciones Energeticas,1.7185553449261555,-2.2301997785377234,37.142857142857146,70,66.01428571428572
392,clocks,coldplay,permanent wave,2002,131,75,58,-7,18,26,308,60,3,76,potencial_premium,q4_alto,2000,coldplay,clocks,6,6,True,0,Canciones Energeticas,0.013488641658373794,-0.7890066872710367,34.21052631578947,38,67.65789473684211
393,farewell to the fairground,white lies,alternative dance,2009,118,77,53,-5,12,30,257,0,4,54,rendimiento_medio,q2_medio_bajo,2000,white lies,farewell to the fairground,0,0,False,0,Canciones Energeticas,1.3912671298562898,-1.429810854478734,6.666666666666667,15,56.8
394,bliss,muse,modern rock,2001,128,80,45,-9,11,25,251,0,5,46,zona_critica,q1_bajo,2000,muse,bliss,2,2,True,0,Canciones Energeticas,0.6484317246776874,-1.2811410260288483,48.97959183673469,49,68.59183673469387
395,kijk omhoog,nick & simon,dutch pop,2007,166,56,41,-5,19,47,176,5,3,48,zona_critica,q1_bajo,2000,nick simon,kijk omhoog,0,0,False,0,Canciones Energeticas,0.7902368012909278,-1.3043563721158498,1.1363636363636365,88,45.23863636363637
396,9 crimes,damien rice,acoustic pop,2006,74,17,33,-13,9,10,219,91,3,57,rendimiento_medio,q2_medio_bajo,2000,damien rice,9 crimes,0,0,False,1,Baladas Acusticas,-3.354725495527617,-1.3683457101485441,50.0,4,66.75
397,working on a dream,bruce springsteen,classic rock,2009,110,77,56,-7,22,71,209,0,3,48,zona_critica,q1_bajo,2000,bruce springsteen,working on a dream,13,13,True,0,Canciones Energeticas,1.709995089914925,-0.1409679721903496,27.450980392156865,51,62.15686274509804
398,nutbush city limits,ike & tina turner,brill building pop,2008,77,89,69,-6,3,91,182,9,3,56,rendimiento_medio,q2_medio_bajo,2000,ike tina turner,nutbush city limits,1,1,True,0,Canciones Energeticas,2.4551363344216655,0.744898684734583,16.666666666666664,6,60.0
399,do they know it's christmas? - 1984 version,band aid,electro,2004,115,64,60,-7,10,35,223,16,4,84,potencial_premium,q4_alto,2000,band aid,do they know it s christmas 1984 version,0,0,False,0,Canciones Energeticas,0.6323352252014965,-0.6415348349764302,42.857142857142854,7,71.14285714285714
400,changes,2pac,g funk,2007,111,66,87,-7,14,32,269,4,8,72,potencial_premium,q4_alto,2000,2pac,changes,0,0,False,0,Canciones Energeticas,1.2804806666453405,0.14480702068416137,60.0,5,67.0
401,mag ik dan bij jou,claudia de breij,dutch cabaret,2010,132,29,54,-10,71,19,206,97,3,53,rendimiento_medio,q2_medio_bajo,2010,claudia de breij,mag ik dan bij jou,0,0,False,1,Baladas Acusticas,-2.2581796751068315,-0.7831340080632883,0.0,51,46.05882352941177
402,sterrenstof,de jeugd van tegenwoordig,dutch hip hop,2010,97,79,71,-4,20,90,221,32,11,48,zona_critica,q1_bajo,2010,de jeugd van tegenwoordig,sterrenstof,0,0,False,0,Canciones Energeticas,2.125957870929342,0.6671166781010814,0.0,13,53.84615384615385
403,love will tear us apart - 2010 remaster,joy division,alternative rock,2010,147,90,53,-9,14,91,205,0,4,64,rendimiento_medio,q3_medio_alto,2010,joy division,love will tear us apart 2010 remaster,0,0,False,0,Canciones Energeticas,2.0068249722769784,0.33943370254210237,39.53488372093023,86,66.94186046511628
404,mag het licht uit,de dijk,dutch indie,2010,113,42,74,-10,10,58,259,36,3,43,zona_critica,q1_bajo,2010,de dijk,mag het licht uit,0,0,False,0,Canciones Energeticas,-0.0920811604719558,0.6715516485940557,0.0,75,37.266666666666666
405,why tell me why,anita meyer,dutch pop,2010,112,77,65,-6,59,38,214,23,6,54,rendimiento_medio,q2_medio_bajo,2010,anita meyer,why tell me why,0,0,False,0,Canciones Energeticas,1.1705200622258352,-0.6669818640189386,1.1363636363636365,88,45.23863636363637
406,wonderful days,charly lownoise,happy hardcore,2010,174,92,55,-11,99,11,332,1,7,37,zona_critica,q1_bajo,2010,charly lownoise,wonderful days,0,0,False,0,Canciones Energeticas,0.7354641366767237,-1.3724839022645308,0.0,1,37.0
407,dat komt door jou,guus meeuwis,dutch pop,2010,134,53,59,-10,12,31,287,38,4,57,rendimiento_medio,q2_medio_bajo,2010,guus meeuwis,dat komt door jou,0,0,False,1,Baladas Acusticas,-0.42440856242945874,-0.571264398240276,1.1363636363636365,88,45.23863636363637
408,don't give up the fight,racoon,dutch indie,2010,91,30,28,-13,12,26,210,88,3,27,zona_critica,q1_bajo,2010,racoon,don t give up the fight,0,0,False,1,Baladas Acusticas,-2.7853690410165863,-1.3271510460866764,0.0,75,37.266666666666666
409,i follow rivers - live @ giel!,triggerfinger,belgian rock,2010,110,41,67,-9,3,71,214,15,6,42,zona_critica,q1_bajo,2010,triggerfinger,i follow rivers live giel,0,0,False,0,Canciones Energeticas,0.43510578681166884,0.5869505303640535,0.0,8,43.875
410,liverpool rain,racoon,dutch indie,2010,183,50,45,-7,11,21,266,25,3,26,zona_critica,q1_bajo,2010,racoon,liverpool rain,0,0,False,0,Canciones Energeticas,-0.22060422532764673,-1.6192564068512096,0.0,75,37.266666666666666
411,no mercy,racoon,dutch indie,2010,104,57,77,-6,11,61,165,9,3,36,zona_critica,q1_bajo,2010,racoon,no mercy,0,0,False,0,Canciones Energeticas,1.3716404425649644,0.3659582764041479,0.0,75,37.266666666666666
412,peter gunn theme,"emerson, lake & palmer",album rock,2010,131,83,43,-7,92,71,217,1,3,14,zona_critica,q1_bajo,2010,emerson lake palmer,peter gunn theme,0,0,False,0,Canciones Energeticas,1.6656760340249486,-0.6624878952246634,20.823244552058114,413,60.69491525423729
413,alors on danse,stromae,belgian pop,2010,120,59,79,-9,7,73,206,9,8,61,rendimiento_medio,q2_medio_bajo,2010,stromae,alors on danse,0,0,False,0,Canciones Energeticas,1.2053446324116708,0.9897121371058054,0.0,4,54.5
414,the eve of the war,jeff wayne,classic uk pop,2010,127,59,40,-9,11,37,263,8,4,28,zona_critica,q1_bajo,2010,jeff wayne,the eve of the war,0,0,False,0,Canciones Energeticas,0.16071650443497587,-1.3178873812750347,4.545454545454546,22,45.77272727272727
415,a night like this,caro emerald,dutch pop,2010,123,71,87,-6,10,96,226,57,4,40,zona_critica,q1_bajo,2010,caro emerald,a night like this,0,0,False,0,Canciones Energeticas,1.551275310311921,1.6784306617880047,1.1363636363636365,88,45.23863636363637
416,raise your glass,p!nk,dance pop,2010,122,71,70,-5,3,63,203,0,8,76,potencial_premium,q4_alto,2010,p nk,raise your glass,0,0,False,0,Canciones Energeticas,1.9405985863544233,-0.007381131392176244,50.602409638554214,83,68.51807228915662
417,verdammt ich lieb dich - remastered,matthias reim,classic schlager,2010,100,80,59,-7,9,32,220,50,7,38,zona_critica,q1_bajo,2010,matthias reim,verdammt ich lieb dich remastered,0,0,False,0,Canciones Energeticas,0.49446379673004887,-0.8753444372282332,0.0,3,45.333333333333336
418,christmas lights,coldplay,permanent wave,2010,131,42,31,-9,8,24,242,13,3,84,potencial_premium,q4_alto,2010,coldplay,christmas lights,6,6,True,1,Baladas Acusticas,-0.6686935556955336,-1.8868549310399538,34.21052631578947,38,67.65789473684211
419,the promise you made,cock robin,dance rock,2010,117,41,71,-14,15,65,227,38,4,48,zona_critica,q1_bajo,2010,cock robin,the promise you made,0,0,False,1,Baladas Acusticas,-0.646068207134394,1.095653827340613,15.384615384615385,52,59.38461538461539
420,back home,golden earring,album rock,2010,123,84,47,-6,10,74,232,6,5,37,zona_critica,q1_bajo,2010,golden earring,back home,0,0,False,0,Canciones Energeticas,1.8439472018802832,-0.5200514209876694,20.823244552058114,413,60.69491525423729
421,times are changing,di-rect,dutch indie,2010,123,81,50,-6,15,28,206,4,4,47,zona_critica,q1_bajo,2010,di rect,times are changing,0,0,False,0,Canciones Energeticas,1.2323102595291415,-1.5306175591559434,0.0,75,37.266666666666666
422,proosten,guus meeuwis,dutch pop,2010,136,65,64,-6,12,76,232,43,3,49,zona_critica,q1_bajo,2010,guus meeuwis,proosten,0,0,False,0,Canciones Energeticas,1.0192903681525285,0.3298800958778977,1.1363636363636365,88,45.23863636363637
423,just the way you are,bruno mars,dance pop,2010,109,84,64,-5,9,43,221,2,4,80,potencial_premium,q4_alto,2010,bruno mars,just the way you are,6,6,True,0,Canciones Energeticas,1.8874215489638617,-0.7577334703911098,50.602409638554214,83,68.51807228915662
424,need you now,lady antebellum,contemporary country,2010,108,72,58,-4,24,32,236,3,3,53,rendimiento_medio,q2_medio_bajo,2010,lady antebellum,need you now,5,5,True,0,Canciones Energeticas,1.4607857634485886,-1.286797468094228,50.0,2,65.5
425,man down,rihanna,barbadian pop,2010,156,91,48,-4,5,54,267,4,19,59,rendimiento_medio,q2_medio_bajo,2010,rihanna,man down,2,2,True,0,Canciones Energeticas,2.078378382866251,-1.1809489997583151,0.0,3,64.0
426,pyro,kings of leon,modern rock,2010,115,61,37,-7,10,19,251,1,4,66,rendimiento_medio,q3_medio_alto,2010,kings of leon,pyro,3,3,True,0,Canciones Energeticas,0.3159395128395737,-2.072336904095893,48.97959183673469,49,68.59183673469387
427,you got it,roy orbison,adult standards,2010,115,59,66,-12,31,67,204,60,3,44,zona_critica,q1_bajo,2010,roy orbison,you got it,1,1,True,1,Baladas Acusticas,-0.3228290828568518,0.7846569846760895,20.32520325203252,123,62.577235772357724
428,atmosphere - 2010 remaster,joy division,alternative rock,2010,120,39,62,-12,12,44,249,23,3,51,rendimiento_medio,q2_medio_bajo,2010,joy division,atmosphere 2010 remaster,0,0,False,1,Baladas Acusticas,-0.5908082786370801,0.039696723003774005,39.53488372093023,86,66.94186046511628
429,grenade,bruno mars,dance pop,2010,110,56,71,-7,12,23,223,15,6,75,potencial_premium,q4_alto,2010,bruno mars,grenade,6,6,True,0,Canciones Energeticas,0.5151122300791625,-0.6729131336631704,50.602409638554214,83,68.51807228915662
430,have you ever been mellow,party animals,gabba,2010,172,96,60,-4,25,57,188,20,5,47,zona_critica,q1_bajo,2010,party animals,have you ever been mellow,0,0,False,0,Canciones Energeticas,2.160902612233454,-0.6402419354716806,0.0,2,53.5
431,back down south,kings of leon,modern rock,2010,117,62,48,-7,26,15,241,6,4,58,rendimiento_medio,q2_medio_bajo,2010,kings of leon,back down south,3,3,True,0,Canciones Energeticas,0.3697172108001063,-1.7573480294430637,48.97959183673469,49,68.59183673469387
432,riverside,agnes obel,chamber pop,2010,99,19,65,-14,13,23,231,98,3,48,zona_critica,q1_bajo,2010,agnes obel,riverside,0,0,False,1,Baladas Acusticas,-2.8589430312488235,0.10901898319876632,0.0,7,56.0
433,hold on tight,solomon burke,brill building pop,2010,89,73,63,-6,16,50,324,9,3,38,zona_critica,q1_bajo,2010,solomon burke,hold on tight,1,1,True,0,Canciones Energeticas,1.4295000531779771,-0.4733748395811585,16.666666666666664,6,60.0
434,someone like you,adele,british soul,2011,135,33,56,-8,10,28,285,89,3,79,potencial_premium,q4_alto,2010,adele,someone like you,11,11,True,1,Baladas Acusticas,-1.5893815920620977,-0.7325930661156445,38.70967741935484,31,66.38709677419355
435,set fire to the rain,adele,british soul,2011,108,68,61,-4,13,47,242,0,3,75,potencial_premium,q4_alto,2010,adele,set fire to the rain,11,11,True,0,Canciones Energeticas,1.6630645332704677,-0.8321715495008027,38.70967741935484,31,66.38709677419355
436,rainbow in the sky - k & a's radio blast,dj paul elstak,gabba,2011,168,94,48,-7,28,26,213,0,3,60,rendimiento_medio,q2_medio_bajo,2010,dj paul elstak,rainbow in the sky k a s radio blast,0,0,False,0,Canciones Energeticas,1.4535470997657671,-1.6519535240539303,0.0,2,53.5
437,levels,avicii,big room,2011,126,83,60,-7,34,35,339,3,4,58,rendimiento_medio,q2_medio_bajo,2010,avicii,levels,0,0,False,0,Canciones Energeticas,1.4185396020010042,-0.9441001366561731,42.857142857142854,7,69.42857142857143
438,somebody that i used to know,gotye,australian pop,2011,129,50,86,-7,10,72,245,59,4,76,potencial_premium,q4_alto,2010,gotye,somebody that i used to know,1,1,True,0,Canciones Energeticas,0.5169531174467648,1.1988470705823158,37.5,8,63.375
439,paradise,coldplay,permanent wave,2011,140,59,45,-7,8,20,279,5,3,78,potencial_premium,q4_alto,2010,coldplay,paradise,6,6,True,0,Canciones Energeticas,0.34197684619889107,-1.7641541463565105,34.21052631578947,38,67.65789473684211
440,rood,marco borsato,dutch cabaret,2011,138,78,48,-8,8,18,319,1,5,53,rendimiento_medio,q2_medio_bajo,2010,marco borsato,rood,0,0,False,0,Canciones Energeticas,0.7814289911609289,-1.697403457177621,0.0,51,46.05882352941177
441,a boy named sue (live),johnny cash,arkansas country,2011,105,46,52,-16,78,89,218,93,5,18,zona_critica,q1_bajo,2010,johnny cash,a boy named sue live,8,8,True,1,Baladas Acusticas,-1.654650731313879,1.2829454673792968,11.11111111111111,9,52.0
442,still loving you,scorpions,album rock,2011,104,61,28,-5,10,8,403,0,3,72,potencial_premium,q4_alto,2010,scorpions,still loving you,0,0,False,0,Canciones Energeticas,0.3348571537356299,-2.877064287368135,20.823244552058114,413,60.69491525423729
443,little black submarines,the black keys,alternative rock,2011,95,47,37,-8,11,49,251,16,4,65,rendimiento_medio,q3_medio_alto,2010,the black keys,little black submarines,3,3,True,0,Canciones Energeticas,-0.01991008822134302,-1.1816354999161613,39.53488372093023,86,66.94186046511628
444,walk,foo fighters,alternative metal,2011,138,87,23,-5,29,19,256,0,5,69,rendimiento_medio,q3_medio_alto,2010,foo fighters,walk,10,10,True,0,Canciones Energeticas,1.078091642228185,-2.886548361470802,37.142857142857146,70,66.01428571428572
445,the a team,ed sheeran,pop,2011,85,29,64,-10,18,41,258,67,4,76,potencial_premium,q4_alto,2010,ed sheeran,the a team,4,4,True,1,Baladas Acusticas,-1.3066559228721772,0.0031755716104065242,42.5531914893617,47,67.61702127659575
446,kom terug,spinvis,dutch indie,2011,97,73,50,-6,20,24,231,2,3,47,zona_critica,q1_bajo,2010,spinvis,kom terug,0,0,False,0,Canciones Energeticas,1.0170550466870258,-1.6325539262292583,0.0,75,37.266666666666666
447,prachtig mooie dag,daniël lohues,dutch indie,2011,103,69,55,-4,8,56,161,10,3,42,zona_critica,q1_bajo,2010,dani l lohues,prachtig mooie dag,0,0,False,0,Canciones Energeticas,1.553059960155577,-0.8050221051787837,0.0,75,37.266666666666666
448,lippy kids,elbow,britpop,2011,155,20,42,-15,8,10,366,96,3,29,zona_critica,q1_bajo,2010,elbow,lippy kids,0,0,False,1,Baladas Acusticas,-3.440684631505958,-0.9979088493504038,0.0,11,53.63636363636363
449,titanium (feat. sia),david guetta,dance pop,2011,126,79,60,-4,13,30,245,7,10,67,rendimiento_medio,q3_medio_alto,2010,david guetta,titanium feat sia,0,0,False,0,Canciones Energeticas,1.5897753680767255,-1.304306612227991,50.602409638554214,83,68.51807228915662
450,faster,within temptation,dutch metal,2011,120,93,51,-3,14,48,264,0,4,53,rendimiento_medio,q2_medio_bajo,2010,within temptation,faster,0,0,False,0,Canciones Energeticas,2.308592453572285,-1.353335050116249,0.0,4,50.25
451,lonely boy,the black keys,alternative rock,2011,166,87,36,-8,10,61,194,0,7,73,potencial_premium,q4_alto,2010,the black keys,lonely boy,3,3,True,0,Canciones Energeticas,1.4235679492247404,-1.1199220071235332,39.53488372093023,86,66.94186046511628
452,turning tables,adele,british soul,2011,80,45,31,-6,13,21,250,95,3,66,rendimiento_medio,q3_medio_alto,2010,adele,turning tables,11,11,True,1,Baladas Acusticas,-1.5737558883534501,-2.0194782542240595,38.70967741935484,31,66.38709677419355
453,luv u more - k&a's radio blast,dj paul,electro,2011,168,82,51,-11,14,7,232,0,3,51,rendimiento_medio,q2_medio_bajo,2010,dj paul,luv u more k a s radio blast,0,0,False,0,Canciones Energeticas,0.3922436810194449,-1.6101116159352573,42.857142857142854,7,71.14285714285714
454,kan ik iets voor je doen,de dijk,dutch indie,2011,79,73,50,-6,31,45,200,14,3,30,zona_critica,q1_bajo,2010,de dijk,kan ik iets voor je doen,0,0,False,0,Canciones Energeticas,1.0972704256640153,-1.0831428536927497,0.0,75,37.266666666666666
455,driver's seat,sniff 'n' the tears,classic uk pop,2011,133,80,74,-8,19,98,239,0,4,54,rendimiento_medio,q2_medio_bajo,2010,sniff n the tears,driver s seat,0,0,False,0,Canciones Energeticas,2.3023948299076173,1.1984941224126828,4.545454545454546,22,45.77272727272727
456,zing voor me,lange frans,dutch hip hop,2011,82,52,43,-9,22,56,216,80,7,52,rendimiento_medio,q2_medio_bajo,2010,lange frans,zing voor me,0,0,False,1,Baladas Acusticas,-0.9065209410410595,-0.5310900301335463,0.0,13,53.84615384615385
457,every teardrop is a waterfall,coldplay,permanent wave,2011,118,73,43,-7,17,31,241,0,4,68,rendimiento_medio,q3_medio_alto,2010,coldplay,every teardrop is a waterfall,6,6,True,0,Canciones Energeticas,0.9030933422360004,-1.6346768737693678,34.21052631578947,38,67.65789473684211
458,waarom nou jij,marco borsato,dutch cabaret,2011,140,51,44,-8,13,25,245,12,3,40,zona_critica,q1_bajo,2010,marco borsato,waarom nou jij,0,0,False,0,Canciones Energeticas,-0.06508036112983945,-1.5397948482724524,0.0,51,46.05882352941177
459,mijn vlakke land,jacques brel,chanson,2011,79,33,40,-11,8,46,173,26,5,33,zona_critica,q1_bajo,2010,jacques brel,mijn vlakke land,0,0,False,1,Baladas Acusticas,-0.9501504002979912,-0.7994504021678052,0.0,9,50.55555555555556
460,rumour has it,adele,british soul,2011,120,75,62,-5,9,56,221,64,5,65,rendimiento_medio,q3_medio_alto,2010,adele,rumour has it,11,11,True,0,Canciones Energeticas,0.7800856513350192,-0.3226526493698018,38.70967741935484,31,66.38709677419355
461,keep your head up,ben howard,british singer-songwriter,2011,79,60,51,-9,11,40,265,44,3,66,rendimiento_medio,q3_medio_alto,2010,ben howard,keep your head up,0,0,False,0,Canciones Energeticas,-0.195684083526386,-0.7670658688424338,0.0,1,66.0
462,pumped up kicks,foster the people,indie pop,2011,128,71,73,-6,10,97,240,14,3,84,potencial_premium,q4_alto,2010,foster the people,pumped up kicks,0,0,False,0,Canciones Energeticas,2.0809345261643304,1.0360390635826198,100.0,2,83.0
463,happiness,jonathan jeremiah,dutch indie,2011,89,57,53,-10,13,49,182,72,6,49,zona_critica,q1_bajo,2010,jonathan jeremiah,happiness,0,0,False,1,Baladas Acusticas,-0.724272100944149,-0.291272288895881,0.0,75,37.266666666666666
464,give me love,ed sheeran,pop,2011,116,33,53,-10,11,11,526,69,5,73,potencial_premium,q4_alto,2010,ed sheeran,give me love,4,4,True,1,Baladas Acusticas,-1.7999822627501834,-1.1411278520672445,42.5531914893617,47,67.61702127659575
465,gold on the ceiling,the black keys,alternative rock,2011,130,83,51,-5,7,56,224,1,5,69,rendimiento_medio,q3_medio_alto,2010,the black keys,gold on the ceiling,3,3,True,0,Canciones Energeticas,1.8685223428878595,-0.9413625413392056,39.53488372093023,86,66.94186046511628
466,ni**as in paris,jay-z,east coast hip hop,2011,140,86,79,-6,35,77,219,13,32,77,potencial_premium,q4_alto,2010,jay z,ni as in paris,3,3,True,0,Canciones Energeticas,2.3083474235482746,0.7075292445591295,66.66666666666666,6,69.83333333333333
467,run the world (girls),beyoncé,dance pop,2011,127,90,73,-4,37,76,236,0,14,75,potencial_premium,q4_alto,2010,beyonc,run the world girls,13,13,True,0,Canciones Energeticas,2.7962910805976438,0.2341416371810178,50.602409638554214,83,68.51807228915662
468,i won' t let you down,road band,pop,2011,106,35,64,-14,7,59,233,54,3,33,zona_critica,q1_bajo,2010,road band,i won t let you down,0,0,False,1,Baladas Acusticas,-1.2396400318561756,0.7353986151153935,42.5531914893617,47,67.61702127659575
469,love on top,beyoncé,dance pop,2011,94,75,65,-5,60,65,267,8,9,76,potencial_premium,q4_alto,2010,beyonc,love on top,13,13,True,0,Canciones Energeticas,1.8744343443479603,-0.1596527731003253,50.602409638554214,83,68.51807228915662
470,lego house,ed sheeran,pop,2011,160,64,59,-8,13,56,185,56,10,71,rendimiento_medio,q3_medio_alto,2010,ed sheeran,lego house,4,4,True,0,Canciones Energeticas,0.17654816648180865,-0.15081760599040137,42.5531914893617,47,67.61702127659575
471,skinny love,birdy,neo mellow,2011,166,29,38,-8,12,17,201,95,5,75,potencial_premium,q4_alto,2010,birdy,skinny love,0,0,False,1,Baladas Acusticas,-2.2073810946928027,-1.626276092725015,58.82352941176471,17,71.41176470588235
472,dust bowl,joe bonamassa,blues rock,2011,86,75,52,-7,20,70,273,36,5,44,zona_critica,q1_bajo,2010,joe bonamassa,dust bowl,0,0,False,0,Canciones Energeticas,1.0103564633946045,-0.2522860234460012,6.666666666666667,15,55.53333333333333
473,damn those eyes,kane,dutch pop,2011,172,76,34,-7,35,33,251,0,4,39,zona_critica,q1_bajo,2010,kane,damn those eyes,0,0,False,0,Canciones Energeticas,0.8728429753401684,-1.925447805185582,1.1363636363636365,88,45.23863636363637
474,these days,foo fighters,alternative metal,2011,135,66,53,-4,21,22,298,0,3,64,rendimiento_medio,q3_medio_alto,2010,foo fighters,these days,10,10,True,0,Canciones Energeticas,1.1593058540882293,-1.7284289502028893,37.142857142857146,70,66.01428571428572
475,original sin,inxs,australian rock,2011,132,63,69,-7,6,74,319,1,4,42,zona_critica,q1_bajo,2010,inxs,original sin,0,0,False,0,Canciones Energeticas,1.5885561296785276,0.4064044635431046,0.0,3,55.0
476,terug naar de kust,maggie macneal,nederpop,2011,117,45,49,-9,62,40,266,82,3,39,zona_critica,q1_bajo,2010,maggie macneal,terug naar de kust,0,0,False,1,Baladas Acusticas,-1.2438704746008358,-0.6715972978830708,0.0,2,39.0
477,georgia on my mind,ray charles,adult standards,2011,131,32,29,-8,19,20,215,86,3,49,zona_critica,q1_bajo,2010,ray charles,georgia on my mind,12,12,True,1,Baladas Acusticas,-2.074891895154171,-1.9193754331150275,20.32520325203252,123,62.577235772357724
478,charlie brown,coldplay,permanent wave,2011,138,74,43,-7,33,9,285,2,4,67,rendimiento_medio,q3_medio_alto,2010,coldplay,charlie brown,6,6,True,0,Canciones Energeticas,0.6029470463331708,-2.170568382228968,34.21052631578947,38,67.65789473684211
479,i've just lost somebody,golden earring,album rock,2011,88,40,37,-13,8,27,189,4,3,27,zona_critica,q1_bajo,2010,golden earring,i ve just lost somebody,0,0,False,1,Baladas Acusticas,-0.9733738692942884,-1.2887063110880712,20.823244552058114,413,60.69491525423729
480,skyfall - full length,adele,british soul,2012,76,55,35,-7,11,8,286,42,3,74,potencial_premium,q4_alto,2010,adele,skyfall full length,11,11,True,1,Baladas Acusticas,-0.6732435971423517,-2.325591942102464,38.70967741935484,31,66.38709677419355
481,zo stil,bløf,dutch pop,2012,170,69,57,-7,11,78,237,4,3,54,rendimiento_medio,q2_medio_bajo,2010,bl f,zo stil,0,0,False,0,Canciones Energeticas,1.5791872643665326,0.025196856175030237,1.1363636363636365,88,45.23863636363637
482,holiday in spain,counting crows,alternative rock,2012,126,32,65,-11,13,28,233,66,3,56,rendimiento_medio,q2_medio_bajo,2010,counting crows,holiday in spain,0,0,False,1,Baladas Acusticas,-1.4950954688885651,-0.23184639568779616,39.53488372093023,86,66.94186046511628
483,radioactive,imagine dragons,modern rock,2012,136,78,45,-4,67,24,187,11,6,73,potencial_premium,q4_alto,2010,imagine dragons,radioactive,1,1,True,0,Canciones Energeticas,1.2051609304298767,-2.010846768477206,48.97959183673469,49,68.59183673469387
484,video games - remastered,lana del rey,art pop,2012,122,26,39,-10,9,18,282,81,3,55,rendimiento_medio,q2_medio_bajo,2010,lana del rey,video games remastered,1,1,True,1,Baladas Acusticas,-2.284458803434096,-1.4471896655485192,7.142857142857142,14,59.42857142857143
485,demons,imagine dragons,modern rock,2012,90,71,51,-3,33,43,175,19,3,73,potencial_premium,q4_alto,2010,imagine dragons,demons,1,1,True,0,Canciones Energeticas,1.3697846790653652,-1.365533467217149,48.97959183673469,49,68.59183673469387
486,she,elvis costello,art rock,2012,131,28,33,-13,13,28,188,43,3,64,rendimiento_medio,q3_medio_alto,2010,elvis costello,she,0,0,False,1,Baladas Acusticas,-1.9658519710698332,-1.277576152004678,15.0,40,60.2
487,just give me a reason (feat. nate ruess),p!nk,dance pop,2012,95,55,78,-7,13,44,243,35,5,81,potencial_premium,q4_alto,2010,p nk,just give me a reason feat nate ruess,0,0,False,0,Canciones Energeticas,0.5639217952867864,0.10424657775891502,50.602409638554214,83,68.51807228915662
488,try,p!nk,dance pop,2012,104,63,67,-7,9,55,248,0,3,73,potencial_premium,q4_alto,2010,p nk,try,0,0,False,0,Canciones Energeticas,1.3338416253270016,-0.1620406241398992,50.602409638554214,83,68.51807228915662
489,i will wait,mumford & sons,modern folk rock,2012,131,76,48,-5,31,45,277,1,3,69,rendimiento_medio,q3_medio_alto,2010,mumford sons,i will wait,1,1,True,0,Canciones Energeticas,1.5079521704651613,-1.3218073037475624,0.0,7,62.142857142857146
490,home again,kensington,dutch pop,2012,142,75,50,-6,35,30,197,1,4,44,zona_critica,q1_bajo,2010,kensington,home again,0,0,False,0,Canciones Energeticas,1.1765360422209685,-1.5238199757883724,1.1363636363636365,88,45.23863636363637
491,tubular bells,mike oldfield,album rock,2012,149,20,28,-17,13,16,809,49,3,31,zona_critica,q1_bajo,2010,mike oldfield,tubular bells,0,0,False,1,Baladas Acusticas,-3.049735828445516,-1.3535168732684082,20.823244552058114,413,60.69491525423729
492,winter,tori amos,art pop,2012,78,20,24,-14,11,27,345,98,3,19,zona_critica,q1_bajo,2010,tori amos,winter,0,0,False,1,Baladas Acusticas,-3.3691427907100895,-1.3492108136941225,7.142857142857142,14,59.42857142857143
493,droomland,andre hazes,dutch pop,2012,100,47,32,-7,95,25,208,26,3,42,zona_critica,q1_bajo,2010,andre hazes,droomland,0,0,False,1,Baladas Acusticas,-0.4327518348567964,-2.0373753764995213,1.1363636363636365,88,45.23863636363637
494,wat zou je doen?,bløf,dutch pop,2012,184,51,35,-8,71,22,291,40,3,51,rendimiento_medio,q2_medio_bajo,2010,bl f,wat zou je doen,0,0,False,1,Baladas Acusticas,-0.6928680206318358,-1.886124582391762,1.1363636363636365,88,45.23863636363637
495,madness,muse,modern rock,2012,180,42,50,-8,11,22,281,13,7,70,rendimiento_medio,q3_medio_alto,2010,muse,madness,2,2,True,0,Canciones Energeticas,-0.2531019940403629,-1.385569281338177,48.97959183673469,49,68.59183673469387
496,sovereign light café,keane,modern rock,2012,123,73,54,-6,16,51,219,1,3,51,rendimiento_medio,q2_medio_bajo,2010,keane,sovereign light caf,0,0,False,0,Canciones Energeticas,1.464050027942207,-0.856692281798851,48.97959183673469,49,68.59183673469387
497,can't hold us - feat. ray dalton,macklemore & ryan lewis,dance pop,2012,146,92,64,-4,9,85,258,3,8,83,potencial_premium,q4_alto,2010,macklemore ryan lewis,can t hold us feat ray dalton,1,1,True,0,Canciones Energeticas,2.7949356532532597,0.09954912275646868,50.602409638554214,83,68.51807228915662
498,lover of the light,mumford & sons,modern folk rock,2012,107,69,30,-7,27,37,315,1,5,57,rendimiento_medio,q2_medio_bajo,2010,mumford sons,lover of the light,1,1,True,0,Canciones Energeticas,0.6803549725568158,-1.9725066785801992,0.0,7,62.142857142857146
499,san quentin,johnny cash,arkansas country,2012,84,40,70,-14,90,82,158,56,6,27,zona_critica,q1_bajo,2010,johnny cash,san quentin,8,8,True,1,Baladas Acusticas,-0.7366992083509823,1.476909800088562,11.11111111111111,9,52.0
500,on top of the world,imagine dragons,modern rock,2012,100,93,64,-6,9,76,190,9,15,66,rendimiento_medio,q3_medio_alto,2010,imagine dragons,on top of the world,1,1,True,0,Canciones Energeticas,2.3297106934882024,0.06994631917645869,48.97959183673469,49,68.59183673469387
501,flappie,youp van 't hek,dutch cabaret,2012,131,24,75,-13,44,67,206,79,8,52,rendimiento_medio,q2_medio_bajo,2010,youp van t hek,flappie,0,0,False,1,Baladas Acusticas,-1.5209500542854717,1.331898412773585,0.0,51,46.05882352941177
502,home again,michael kiwanuka,british soul,2012,85,32,52,-11,12,27,212,70,3,51,rendimiento_medio,q2_medio_bajo,2010,michael kiwanuka,home again,0,0,False,1,Baladas Acusticas,-1.7688707915569069,-0.7190710474490042,38.70967741935484,31,66.38709677419355
503,if you could see me now,the script,celtic rock,2012,100,76,51,-7,14,35,220,1,7,51,rendimiento_medio,q2_medio_bajo,2010,the script,if you could see me now,0,0,False,0,Canciones Energeticas,1.1479961822236486,-1.2805002224656103,42.857142857142854,7,66.71428571428571
504,hall of fame,the script,celtic rock,2012,85,87,42,-4,12,63,203,7,6,70,rendimiento_medio,q3_medio_alto,2010,the script,hall of fame,0,0,False,0,Canciones Energeticas,1.9782252231921482,-1.2115236848221445,42.857142857142854,7,66.71428571428571
505,dodenrit,drs. p,dutch rock,2012,148,60,51,-14,81,96,312,67,10,34,zona_critica,q1_bajo,2010,drs p,dodenrit,0,0,False,1,Baladas Acusticas,-0.5001207344633111,1.0845232644552514,0.0,18,44.111111111111114
506,when i was your man,bruno mars,dance pop,2012,73,28,61,-9,9,39,214,93,4,82,potencial_premium,q4_alto,2010,bruno mars,when i was your man,6,6,True,1,Baladas Acusticas,-1.6883610565787204,-0.19006688511787048,50.602409638554214,83,68.51807228915662
507,i won't give up,jason mraz,acoustic pop,2012,137,30,59,-10,12,14,240,69,4,72,potencial_premium,q4_alto,2010,jason mraz,i won t give up,1,1,True,1,Baladas Acusticas,-1.7365964749841527,-0.8652627426721006,50.0,4,66.75
508,slapeloze nachten,the opposites,dutch hip hop,2012,112,65,81,-7,15,81,229,35,6,57,rendimiento_medio,q2_medio_bajo,2010,the opposites,slapeloze nachten,0,0,False,0,Canciones Energeticas,1.359346419840191,1.0819395514770136,0.0,13,53.84615384615385
509,one moment in time,whitney houston,dance pop,2012,155,54,27,-7,10,33,285,49,3,54,rendimiento_medio,q2_medio_bajo,2010,whitney houston,one moment in time,6,6,True,1,Baladas Acusticas,-0.6020243264775101,-1.9816305629296864,50.602409638554214,83,68.51807228915662
510,zaterdag,bløf,dutch pop,2012,141,71,75,-10,10,90,283,9,3,41,zona_critica,q1_bajo,2010,bl f,zaterdag,0,0,False,0,Canciones Energeticas,1.5687088000955018,1.248042958900792,1.1363636363636365,88,45.23863636363637
511,babel,mumford & sons,modern folk rock,2012,80,81,37,-6,8,65,209,3,5,57,rendimiento_medio,q2_medio_bajo,2010,mumford sons,babel,1,1,True,0,Canciones Energeticas,1.569997551952269,-1.158537151291181,0.0,7,62.142857142857146
512,hopeless wanderer,mumford & sons,modern folk rock,2012,154,58,27,-8,11,20,308,1,4,58,rendimiento_medio,q2_medio_bajo,2010,mumford sons,hopeless wanderer,1,1,True,0,Canciones Energeticas,-0.010576679408231095,-2.3690864248999746,0.0,7,62.142857142857146
513,follow the sun,xavier rudd,australian indie folk,2012,124,39,61,-11,11,22,255,53,4,67,rendimiento_medio,q3_medio_alto,2010,xavier rudd,follow the sun,0,0,False,1,Baladas Acusticas,-1.2380180093867217,-0.5892089108798423,0.0,1,67.0
514,later als ik groter ben,bløf,dutch pop,2012,130,73,53,-5,8,57,205,0,3,48,zona_critica,q1_bajo,2010,bl f,later als ik groter ben,0,0,False,0,Canciones Energeticas,1.681402708517561,-0.8376044609605161,1.1363636363636365,88,45.23863636363637
515,clown,emeli sandé,dance pop,2012,119,26,46,-8,11,23,221,92,4,46,zona_critica,q1_bajo,2010,emeli sand,clown,0,0,False,1,Baladas Acusticas,-2.024407649288248,-1.2129303686770878,50.602409638554214,83,68.51807228915662
516,stay - album version (edited),rihanna,barbadian pop,2012,112,31,62,-10,12,13,241,95,3,66,rendimiento_medio,q3_medio_alto,2010,rihanna,stay album version edited,2,2,True,1,Baladas Acusticas,-2.1109885196435028,-0.7064841369487045,0.0,3,64.0
517,diamonds,rihanna,barbadian pop,2012,92,71,56,-5,11,39,225,0,5,67,rendimiento_medio,q3_medio_alto,2010,rihanna,diamonds,2,2,True,0,Canciones Energeticas,1.4349958901656956,-1.1609877928762014,0.0,3,64.0
518,it's time,imagine dragons,modern rock,2012,105,88,66,-5,14,86,238,2,4,66,rendimiento_medio,q3_medio_alto,2010,imagine dragons,it s time,1,1,True,0,Canciones Energeticas,2.6155641939063266,0.2970199365311827,48.97959183673469,49,68.59183673469387
519,little talks,of monsters and men,folk-pop,2012,103,76,45,-5,15,42,267,2,3,75,potencial_premium,q4_alto,2010,of monsters and men,little talks,0,0,False,0,Canciones Energeticas,1.4066444358408257,-1.5017542888896098,75.0,4,75.25
520,euphoria,loreen,electropop,2012,132,68,52,-5,6,11,214,8,4,56,rendimiento_medio,q2_medio_bajo,2010,loreen,euphoria,0,0,False,0,Canciones Energeticas,0.7923684853148346,-1.95707205045816,66.66666666666666,3,78.33333333333333
521,oceaan,racoon,dutch indie,2013,126,34,47,-8,11,24,165,86,4,63,rendimiento_medio,q3_medio_alto,2010,racoon,oceaan,0,0,False,1,Baladas Acusticas,-1.6785606097794545,-1.2270267847014455,0.0,75,37.266666666666666
522,lola montez,volbeat,alternative metal,2013,152,88,51,-5,7,68,268,0,3,57,rendimiento_medio,q2_medio_bajo,2010,volbeat,lola montez,0,0,False,0,Canciones Energeticas,2.1967072225916664,-0.7246101054734536,37.142857142857146,70,66.01428571428572
523,wake me up,avicii,big room,2013,124,78,53,-6,16,64,247,0,5,85,potencial_premium,q4_alto,2010,avicii,wake me up,0,0,False,0,Canciones Energeticas,1.7792358709662215,-0.6243173478653644,42.857142857142854,7,69.42857142857143
524,formidable,stromae,belgian pop,2013,71,63,51,-9,15,50,214,10,19,49,zona_critica,q1_bajo,2010,stromae,formidable,0,0,False,0,Canciones Energeticas,0.6021503153460558,-0.6900817814563855,0.0,4,54.5
525,do i wanna know?,arctic monkeys,garage rock,2013,85,53,55,-8,22,41,272,19,3,82,potencial_premium,q4_alto,2010,arctic monkeys,do i wanna know,0,0,False,0,Canciones Energeticas,0.2702259707023786,-0.7886632021273654,25.0,4,65.75
526,another love,tom odell,modern rock,2013,123,54,45,-9,9,13,244,70,4,58,rendimiento_medio,q2_medio_bajo,2010,tom odell,another love,0,0,False,1,Baladas Acusticas,-1.208443037347463,-1.6024067547224385,48.97959183673469,49,68.59183673469387
527,hey brother,avicii,big room,2013,125,78,55,-5,8,46,255,3,4,78,potencial_premium,q4_alto,2010,avicii,hey brother,0,0,False,0,Canciones Energeticas,1.655575220509651,-1.0708593966806514,42.857142857142854,7,69.42857142857143
528,i see fire,ed sheeran,pop,2013,76,5,63,-21,10,20,301,56,4,64,rendimiento_medio,q3_medio_alto,2010,ed sheeran,i see fire,4,4,True,1,Baladas Acusticas,-3.509620699651735,0.423596026510949,42.5531914893617,47,67.61702127659575
529,this is what it feels like,armin van buuren,edm,2013,130,83,55,-5,6,14,204,4,3,65,rendimiento_medio,q3_medio_alto,2010,armin van buuren,this is what it feels like,0,0,False,0,Canciones Energeticas,1.3422629940792095,-1.8691109032956796,0.0,3,57.333333333333336
530,all of me,john legend,neo mellow,2013,120,26,42,-7,13,33,270,92,3,86,potencial_premium,q4_alto,2010,john legend,all of me,4,4,True,1,Baladas Acusticas,-1.803830636022562,-1.2302332011242842,58.82352941176471,17,71.41176470588235
531,dansen op de vulkaan,de dijk,dutch indie,2013,151,95,58,-4,4,78,269,2,6,40,zona_critica,q1_bajo,2010,de dijk,dansen op de vulkaan,0,0,False,0,Canciones Energeticas,2.717682048733631,-0.33248673125181377,0.0,75,37.266666666666666
532,witch doctor,de staat,dutch indie,2013,145,56,60,-7,5,33,207,0,6,47,zona_critica,q1_bajo,2010,de staat,witch doctor,0,0,False,0,Canciones Energeticas,0.7671798543279936,-0.9576139775037357,0.0,75,37.266666666666666
533,diamonds,the boxer rebellion,chamber pop,2013,170,75,45,-6,18,42,243,17,6,35,zona_critica,q1_bajo,2010,the boxer rebellion,diamonds,0,0,False,0,Canciones Energeticas,1.0073128122693455,-1.3928950341326163,0.0,7,56.0
534,let her go,passenger,folk-pop,2013,75,55,48,-7,10,24,253,37,7,76,potencial_premium,q4_alto,2010,passenger,let her go,0,0,False,0,Canciones Energeticas,-0.17187242019318089,-1.502095723160572,75.0,4,75.25
535,papaoutai,stromae,belgian pop,2013,116,81,73,-7,6,25,232,3,8,55,rendimiento_medio,q2_medio_bajo,2010,stromae,papaoutai,0,0,False,0,Canciones Energeticas,1.4506237133848379,-0.7620091183272939,0.0,4,54.5
536,strong,london grammar,metropopolis,2013,78,40,57,-11,8,30,266,74,3,49,zona_critica,q1_bajo,2010,london grammar,strong,0,0,False,1,Baladas Acusticas,-1.5027355068724284,-0.5084256988682517,0.0,4,57.75
537,layla,derek & the dominos,album rock,2013,114,93,41,-5,60,39,163,34,10,32,zona_critica,q1_bajo,2010,derek the dominos,layla,0,0,False,0,Canciones Energeticas,1.2261281430605233,-1.7163781415199257,20.823244552058114,413,60.69491525423729
538,pompeii,bastille,metropopolis,2013,127,72,68,-6,27,57,214,8,4,70,rendimiento_medio,q3_medio_alto,2010,bastille,pompeii,0,0,False,0,Canciones Energeticas,1.6222039516607776,-0.20188588496650653,0.0,4,57.75
539,waves,mr. probz,dutch hip hop,2013,174,28,36,-12,38,20,174,54,4,59,rendimiento_medio,q2_medio_bajo,2010,mr probz,waves,0,0,False,1,Baladas Acusticas,-2.062959250722744,-1.446851109412759,0.0,13,53.84615384615385
540,get lucky (feat. pharrell williams & nile rodgers) - radio edit,daft punk,electro,2013,116,81,79,-9,10,86,248,4,4,77,potencial_premium,q4_alto,2010,daft punk,get lucky feat pharrell williams nile rodgers radio edit,4,4,True,0,Canciones Energeticas,2.0636802712708757,1.1285793261648474,42.857142857142854,7,71.14285714285714
541,all i want,kodaline,irish pop,2013,86,41,21,-10,8,16,306,17,4,72,potencial_premium,q4_alto,2010,kodaline,all i want,0,0,False,1,Baladas Acusticas,-1.1183594772891505,-2.426909520667894,100.0,1,72.0
542,addicted to you,avicii,big room,2013,128,79,57,-4,9,30,148,5,5,69,rendimiento_medio,q3_medio_alto,2010,avicii,addicted to you,0,0,False,0,Canciones Energeticas,1.6009596350487356,-1.4751472479830356,42.857142857142854,7,69.42857142857143
543,animals,martin garrix,big room,2013,128,87,68,-6,37,4,304,0,4,65,rendimiento_medio,q3_medio_alto,2010,martin garrix,animals,0,0,False,0,Canciones Energeticas,1.4371301510853345,-1.5775396994867155,42.857142857142854,7,69.42857142857143
544,just say yes,snow patrol,irish rock,2013,108,88,54,-5,3,25,282,2,3,48,zona_critica,q1_bajo,2010,snow patrol,just say yes,0,0,False,0,Canciones Energeticas,1.636057971560591,-1.6609615247772727,20.588235294117645,34,58.294117647058826
545,watermensen,3js,dutch pop,2013,144,40,56,-8,11,46,209,66,3,36,zona_critica,q1_bajo,2010,3js,watermensen,0,0,False,1,Baladas Acusticas,-0.7644203299344049,-0.4419423632312471,1.1363636363636365,88,45.23863636363637
546,sky and sand,paul kalkbrenner,electronica,2013,127,33,79,-13,19,53,231,60,6,67,rendimiento_medio,q3_medio_alto,2010,paul kalkbrenner,sky and sand,0,0,False,1,Baladas Acusticas,-1.0882616255174595,1.0180302481916956,0.0,1,67.0
547,the monster,eminem,detroit hip hop,2013,110,85,78,-4,12,62,250,5,7,75,potencial_premium,q4_alto,2010,eminem,the monster,11,11,True,0,Canciones Energeticas,2.495230361831254,0.05224186218164343,85.71428571428571,7,76.0
548,mirrors,justin timberlake,dance pop,2013,77,51,57,-7,9,51,484,23,5,77,potencial_premium,q4_alto,2010,justin timberlake,mirrors,4,4,True,0,Canciones Energeticas,0.4509196587736705,-0.5399227395824405,50.602409638554214,83,68.51807228915662
549,story of my life,one direction,boy band,2013,121,66,60,-6,12,29,245,23,5,80,potencial_premium,q4_alto,2010,one direction,story of my life,0,0,False,0,Canciones Energeticas,0.7261634968860594,-1.1121094389213801,66.66666666666666,6,72.83333333333333
550,royals,lorde,art pop,2013,85,43,67,-10,13,34,190,12,12,79,potencial_premium,q4_alto,2010,lorde,royals,1,1,True,0,Canciones Energeticas,-0.05750222910454256,-0.3292695028458435,7.142857142857142,14,59.42857142857143
551,tous les mêmes,stromae,belgian pop,2013,110,64,70,-9,28,65,211,22,17,53,rendimiento_medio,q2_medio_bajo,2010,stromae,tous les m mes,0,0,False,0,Canciones Energeticas,0.9119637067923094,0.40261640143314964,0.0,4,54.5
552,mijn van straat geredde roos,de dijk,dutch indie,2013,81,76,50,-5,26,61,208,9,3,33,zona_critica,q1_bajo,2010,de dijk,mijn van straat geredde roos,0,0,False,0,Canciones Energeticas,1.6292779082065347,-0.8612582341451941,0.0,75,37.266666666666666
553,love you like i love myself,herman brood & his wild romance,dutch indie,2013,148,84,52,-7,20,86,213,1,6,28,zona_critica,q1_bajo,2010,herman brood his wild romance,love you like i love myself,0,0,False,0,Canciones Energeticas,2.0595982829436004,-0.0536623935990845,0.0,75,37.266666666666666
554,i sat by the ocean,queens of the stone age,alternative metal,2013,117,78,52,-4,11,90,236,0,4,66,rendimiento_medio,q3_medio_alto,2010,queens of the stone age,i sat by the ocean,0,0,False,0,Canciones Energeticas,2.3819667066753314,-0.20121452758001698,37.142857142857146,70,66.01428571428572
555,everybody (backstreet's back) - radio edit,backstreet boys,boy band,2013,108,87,74,-3,27,59,225,3,4,62,rendimiento_medio,q2_medio_bajo,2010,backstreet boys,everybody backstreet s back radio edit,0,0,False,0,Canciones Energeticas,2.616290153793161,-0.26872377003870035,66.66666666666666,6,72.83333333333333
556,a ton of love,editors,alternative dance,2013,142,96,46,-4,28,40,238,7,6,26,zona_critica,q1_bajo,2010,editors,a ton of love,0,0,False,0,Canciones Energeticas,1.9756782605231147,-1.6889887804863615,6.666666666666667,15,56.8
557,foolish games,jewel,alaska indie,2013,131,22,46,-10,11,15,243,90,3,41,zona_critica,q1_bajo,2010,jewel,foolish games,0,0,False,1,Baladas Acusticas,-2.461249475961024,-1.2510983981752943,0.0,1,41.0
558,grow old with me,tom odell,modern rock,2013,146,58,47,-7,25,37,183,51,3,49,zona_critica,q1_bajo,2010,tom odell,grow old with me,0,0,False,0,Canciones Energeticas,-0.16877223926040086,-1.1900126514855542,48.97959183673469,49,68.59183673469387
559,things we lost in the fire,bastille,metropopolis,2013,134,92,59,-5,27,63,241,6,6,48,zona_critica,q1_bajo,2010,bastille,things we lost in the fire,0,0,False,0,Canciones Energeticas,2.2532715879771854,-0.5517216035115895,0.0,4,57.75
560,blurred lines,robin thicke,dance pop,2013,120,60,85,-5,8,84,264,0,4,76,potencial_premium,q4_alto,2010,robin thicke,blurred lines,0,0,False,0,Canciones Energeticas,2.194011803945143,1.0115970911266863,50.602409638554214,83,68.51807228915662
561,the road to mandalay,robbie williams,dance pop,2013,99,68,62,-8,16,53,240,11,3,30,zona_critica,q1_bajo,2010,robbie williams,the road to mandalay,0,0,False,0,Canciones Energeticas,1.0546318918459043,-0.3187289845138323,50.602409638554214,83,68.51807228915662
562,iron sky,paolo nutini,british soul,2014,140,63,39,-7,11,32,373,24,3,49,zona_critica,q1_bajo,2010,paolo nutini,iron sky,0,0,False,0,Canciones Energeticas,0.23408027108006327,-1.7309289246306956,38.70967741935484,31,66.38709677419355
563,a sky full of stars,coldplay,permanent wave,2014,125,64,55,-7,22,15,268,1,3,78,potencial_premium,q4_alto,2010,coldplay,a sky full of stars,6,6,True,0,Canciones Energeticas,0.654395756504445,-1.6347204104884452,34.21052631578947,38,67.65789473684211
564,rolling in the deep,adele,british soul,2014,105,76,73,-5,6,54,228,13,3,61,rendimiento_medio,q2_medio_bajo,2010,adele,rolling in the deep,11,11,True,0,Canciones Energeticas,1.824415859458932,-0.2084557004058721,38.70967741935484,31,66.38709677419355
565,streets,kensington,dutch pop,2014,168,77,38,-6,27,42,185,0,4,57,rendimiento_medio,q2_medio_bajo,2010,kensington,streets,0,0,False,0,Canciones Energeticas,1.2481152180779975,-1.734147904941609,1.1363636363636365,88,45.23863636363637
566,thinking out loud,ed sheeran,pop,2014,79,45,78,-6,18,59,282,47,3,84,potencial_premium,q4_alto,2010,ed sheeran,thinking out loud,4,4,True,0,Canciones Energeticas,0.46461740370954574,0.40027040711395384,42.5531914893617,47,67.61702127659575
567,take me to church,hozier,irish singer-songwriter,2014,129,66,57,-5,12,44,242,63,5,77,potencial_premium,q4_alto,2010,hozier,take me to church,0,0,False,0,Canciones Energeticas,0.36406295741843375,-0.8515255782763612,100.0,1,77.0
568,une belle histoire,michel fugain,chanson,2014,83,58,27,-9,37,65,198,50,4,40,zona_critica,q1_bajo,2010,michel fugain,une belle histoire,0,0,False,1,Baladas Acusticas,-0.3383847407037329,-1.0896202081384012,0.0,9,50.55555555555556
569,in your arms,chef'special,dutch indie,2014,93,41,67,-12,11,36,215,65,5,60,rendimiento_medio,q2_medio_bajo,2010,chef special,in your arms,0,0,False,1,Baladas Acusticas,-1.2228116629617574,0.03350911714481745,0.0,75,37.266666666666666
570,born slippy (nuxx),underworld,alternative dance,2014,140,95,58,-9,47,30,456,0,4,65,rendimiento_medio,q3_medio_alto,2010,underworld,born slippy nuxx,0,0,False,0,Canciones Energeticas,1.4443514389459404,-1.0993085483000422,6.666666666666667,15,56.8
571,war,kensington,dutch pop,2014,126,81,64,-6,7,72,177,8,3,59,rendimiento_medio,q2_medio_bajo,2010,kensington,war,0,0,False,0,Canciones Energeticas,2.005925495721651,-0.04191898488705633,1.1363636363636365,88,45.23863636363637
572,op 't platteland,daniël lohues,dutch indie,2014,80,37,56,-10,9,28,182,93,4,27,zona_critica,q1_bajo,2010,dani l lohues,op t platteland,0,0,False,1,Baladas Acusticas,-1.7900142258427685,-0.642094379854003,0.0,75,37.266666666666666
573,"happy - from ""despicable me 2""",pharrell williams,dance pop,2014,160,82,65,-5,9,96,233,22,18,80,potencial_premium,q4_alto,2010,pharrell williams,happy from despicable me 2,3,3,True,0,Canciones Energeticas,2.2694411322510635,0.5314594155080002,50.602409638554214,83,68.51807228915662
574,calm after the storm,the common linnets,dutch americana,2014,116,39,69,-11,12,38,213,49,3,52,rendimiento_medio,q2_medio_bajo,2010,the common linnets,calm after the storm,0,0,False,1,Baladas Acusticas,-0.8165070064383104,0.02702458874014361,0.0,12,42.833333333333336
575,riddles,kensington,dutch pop,2014,148,70,49,-8,8,62,209,4,4,52,rendimiento_medio,q2_medio_bajo,2010,kensington,riddles,0,0,False,0,Canciones Energeticas,1.1596032761219197,-0.629140290955004,1.1363636363636365,88,45.23863636363637
576,under the pressure,the war on drugs,chamber pop,2014,134,71,33,-7,13,19,532,31,3,60,rendimiento_medio,q2_medio_bajo,2010,the war on drugs,under the pressure,1,1,True,0,Canciones Energeticas,0.06190589147794312,-2.2767069841920002,0.0,7,56.0
577,magic,coldplay,permanent wave,2014,93,48,74,-9,11,36,285,3,4,73,potencial_premium,q4_alto,2010,coldplay,magic,6,6,True,0,Canciones Energeticas,0.4993779991460363,-0.18587105641734722,34.21052631578947,38,67.65789473684211
578,photograph,ed sheeran,pop,2014,108,38,61,-10,10,20,259,61,5,84,potencial_premium,q4_alto,2010,ed sheeran,photograph,4,4,True,1,Baladas Acusticas,-1.2646981088436646,-0.7541660490582952,42.5531914893617,47,67.61702127659575
579,all for nothing,kensington,dutch pop,2014,152,86,46,-6,10,37,289,0,7,47,zona_critica,q1_bajo,2010,kensington,all for nothing,0,0,False,0,Canciones Energeticas,1.5334331842431952,-1.5975799333874494,1.1363636363636365,88,45.23863636363637
580,my silver lining,first aid kit,stomp and holler,2014,102,73,48,-5,21,43,215,3,3,64,rendimiento_medio,q3_medio_alto,2010,first aid kit,my silver lining,0,0,False,0,Canciones Energeticas,1.3934093859089356,-1.4090487505454603,0.0,1,64.0
581,zandloper,typhoon,dutch hip hop,2014,135,72,76,-8,95,51,280,5,24,47,zona_critica,q1_bajo,2010,typhoon,zandloper,0,0,False,0,Canciones Energeticas,1.4513041076325879,0.08322840634838038,0.0,13,53.84615384615385
582,home,dotan,dutch pop,2014,130,70,76,-9,4,30,268,7,4,42,zona_critica,q1_bajo,2010,dotan,home,0,0,False,0,Canciones Energeticas,0.951154847919824,-0.3289338742119244,1.1363636363636365,88,45.23863636363637
583,red eyes,the war on drugs,chamber pop,2014,162,82,46,-6,16,47,299,1,4,65,rendimiento_medio,q3_medio_alto,2010,the war on drugs,red eyes,1,1,True,0,Canciones Energeticas,1.546599114770807,-1.3352199352320213,0.0,7,56.0
584,l'amour toujours (small mix),gigi d'agostino,eurodance,2014,139,88,64,-4,36,74,242,8,3,70,rendimiento_medio,q3_medio_alto,2010,gigi d agostino,l amour toujours small mix,0,0,False,0,Canciones Energeticas,2.4849879853514345,-0.19522361555447384,0.0,3,66.0
585,"see me, feel me - single version",the who,album rock,2014,94,34,38,-11,8,8,217,9,3,39,zona_critica,q1_bajo,2010,the who,see me feel me single version,0,0,False,1,Baladas Acusticas,-1.1434658022286317,-1.9393304743701427,20.823244552058114,413,60.69491525423729
586,hemel valt,typhoon,dutch hip hop,2014,97,74,66,-7,33,74,161,24,14,43,zona_critica,q1_bajo,2010,typhoon,hemel valt,0,0,False,0,Canciones Energeticas,1.480121703228504,0.2416928108256086,0.0,13,53.84615384615385
587,glycerine,bush,alternative metal,2014,114,34,44,-11,10,8,266,4,3,65,rendimiento_medio,q3_medio_alto,2010,bush,glycerine,0,0,False,1,Baladas Acusticas,-0.9708848240227386,-1.7351353869408574,37.142857142857146,70,66.01428571428572
588,wit licht,jeroen van koningsbrugge,pop,2014,146,69,59,-7,10,19,212,72,8,43,zona_critica,q1_bajo,2010,jeroen van koningsbrugge,wit licht,0,0,False,1,Baladas Acusticas,-0.2823858461263551,-1.1979403167071292,42.5531914893617,47,67.61702127659575
589,yellow submarine,the beatles,british invasion,2014,111,64,62,-7,52,65,159,21,3,58,rendimiento_medio,q2_medio_bajo,2010,the beatles,yellow submarine,8,8,True,0,Canciones Energeticas,1.0921913566162906,-0.09652157217271115,27.77777777777778,36,68.08333333333333
590,california love,2pac,g funk,2014,92,88,66,-3,69,77,348,3,9,41,zona_critica,q1_bajo,2010,2pac,california love,0,0,False,0,Canciones Energeticas,2.7736139095083456,-0.1518876924289013,60.0,5,67.0
591,superheroes,the script,celtic rock,2014,167,89,49,-4,7,64,245,0,4,75,potencial_premium,q4_alto,2010,the script,superheroes,0,0,False,0,Canciones Energeticas,2.286659679801432,-1.0150397452264661,42.857142857142854,7,66.71428571428571
592,stay with me,sam smith,pop,2014,84,42,42,-6,11,18,173,59,4,84,potencial_premium,q4_alto,2010,sam smith,stay with me,2,2,True,1,Baladas Acusticas,-0.895092399025933,-1.870324485924429,42.5531914893617,47,67.61702127659575
593,shake it off,taylor swift,dance pop,2014,160,80,65,-5,33,94,219,6,17,66,rendimiento_medio,q3_medio_alto,2010,taylor swift,shake it off,8,8,True,0,Canciones Energeticas,2.4568301351286803,0.4422942025345979,50.602409638554214,83,68.51807228915662
594,looking too closely,fink,chamber pop,2014,175,52,48,-12,9,10,311,33,4,63,rendimiento_medio,q3_medio_alto,2010,fink,looking too closely,0,0,False,1,Baladas Acusticas,-1.0370192901370288,-1.4321039561266713,0.0,7,56.0
595,no good in goodbye,the script,celtic rock,2014,156,87,37,-5,8,22,308,1,4,59,rendimiento_medio,q2_medio_bajo,2010,the script,no good in goodbye,0,0,False,0,Canciones Energeticas,1.3445295249180689,-2.3820266181520666,42.857142857142854,7,66.71428571428571
596,counting stars,onerepublic,dance pop,2014,122,71,66,-5,12,48,258,7,4,74,potencial_premium,q4_alto,2010,onerepublic,counting stars,0,0,False,0,Canciones Energeticas,1.610569429826665,-0.6102153711289163,50.602409638554214,83,68.51807228915662
597,time after time,cyndi lauper,dance pop,2014,130,44,72,-9,9,32,243,58,3,72,potencial_premium,q4_alto,2010,cyndi lauper,time after time,0,0,False,1,Baladas Acusticas,-0.6002080892163923,-0.17825861563247977,50.602409638554214,83,68.51807228915662
598,sexy als ik dans,nielson,dutch pop,2014,94,54,79,-7,20,89,215,9,5,49,zona_critica,q1_bajo,2010,nielson,sexy als ik dans,0,0,False,0,Canciones Energeticas,1.6063126127145824,1.1124774662946622,1.1363636363636365,88,45.23863636363637
599,done with it,kensington,dutch pop,2014,116,78,65,-7,10,63,203,13,4,49,zona_critica,q1_bajo,2010,kensington,done with it,0,0,False,0,Canciones Energeticas,1.604756645571634,-0.11140828435158703,1.1363636363636365,88,45.23863636363637
600,love never felt so good,michael jackson,pop,2014,118,72,78,-6,7,71,246,13,4,70,rendimiento_medio,q3_medio_alto,2010,michael jackson,love never felt so good,9,9,True,0,Canciones Energeticas,1.8861428843472332,0.4929147303956231,42.5531914893617,47,67.61702127659575
601,shut up and dance,walk the moon,indie pop,2014,128,87,58,-4,26,62,199,1,6,82,potencial_premium,q4_alto,2010,walk the moon,shut up and dance,0,0,False,0,Canciones Energeticas,2.3261329353331854,-0.7249842788262715,100.0,2,83.0
602,nothing really matters,mr. probz,dutch hip hop,2014,135,23,40,-9,11,28,222,89,4,61,rendimiento_medio,q2_medio_bajo,2010,mr probz,nothing really matters,0,0,False,1,Baladas Acusticas,-2.188174262400565,-1.274711667674743,0.0,13,53.84615384615385
603,promises of no man's land,blaudzun,dutch indie,2014,124,85,62,-6,24,64,215,12,3,43,zona_critica,q1_bajo,2010,blaudzun,promises of no man s land,0,0,False,0,Canciones Energeticas,1.9065024299820772,-0.3134988561644838,0.0,75,37.266666666666666
604,let it go,james bay,neo mellow,2014,147,31,55,-10,11,25,261,82,3,74,potencial_premium,q4_alto,2010,james bay,let it go,0,0,False,1,Baladas Acusticas,-1.8171835404927632,-0.7625823842192286,58.82352941176471,17,71.41176470588235
605,the sound of silence,disturbed,alternative metal,2015,86,28,32,-9,10,18,248,47,3,75,potencial_premium,q4_alto,2010,disturbed,the sound of silence,0,0,False,1,Baladas Acusticas,-1.6028059973229418,-1.9825851977378397,37.142857142857146,70,66.01428571428572
606,het dorp - live,wim sonneveld,dutch cabaret,2015,114,44,37,-15,67,45,198,82,8,15,zona_critica,q1_bajo,2010,wim sonneveld,het dorp live,0,0,False,1,Baladas Acusticas,-2.1517550472368487,-0.5653024715293328,0.0,51,46.05882352941177
607,psycho,muse,modern rock,2015,125,88,56,-3,87,51,317,0,3,69,rendimiento_medio,q3_medio_alto,2010,muse,psycho,2,2,True,0,Canciones Energeticas,2.3395362535384807,-1.1896209776687723,48.97959183673469,49,68.59183673469387
608,élan,nightwish,finnish metal,2015,128,58,57,-9,14,30,287,1,3,58,rendimiento_medio,q2_medio_bajo,2010,nightwish,lan,0,0,False,0,Canciones Energeticas,0.46862145968641966,-1.023910584208477,0.0,2,48.0
609,dat ik je mis,maaike ouboter,dutch pop,2015,174,13,50,-13,10,28,256,88,6,29,zona_critica,q1_bajo,2010,maaike ouboter,dat ik je mis,0,0,False,1,Baladas Acusticas,-2.8125084405921648,-0.5505450642821187,1.1363636363636365,88,45.23863636363637
610,heading up high,armin van buuren,edm,2015,128,93,52,-5,11,20,233,0,9,53,rendimiento_medio,q2_medio_bajo,2010,armin van buuren,heading up high,0,0,False,0,Canciones Energeticas,1.724764035180583,-1.9360571318028463,0.0,3,57.333333333333336
611,zeg maar niets meer - remastered,andre hazes,dutch pop,2015,95,79,36,-8,91,30,167,16,4,26,zona_critica,q1_bajo,2010,andre hazes,zeg maar niets meer remastered,0,0,False,0,Canciones Energeticas,0.5842834991477641,-1.9117609302149174,1.1363636363636365,88,45.23863636363637
612,chandelier,sia,australian dance,2015,117,79,40,-3,7,57,216,2,5,71,rendimiento_medio,q3_medio_alto,2010,sia,chandelier,0,0,False,0,Canciones Energeticas,1.914901123811983,-1.5878786363067197,0.0,1,71.0
613,uptown funk,mark ronson,dance pop,2015,115,61,86,-7,3,93,270,1,8,82,potencial_premium,q4_alto,2010,mark ronson,uptown funk,0,0,False,0,Canciones Energeticas,2.0890260878601747,1.38858268171747,50.602409638554214,83,68.51807228915662
614,birds,anouk,dutch indie,2015,85,41,17,-8,11,9,203,61,3,33,zona_critica,q1_bajo,2010,anouk,birds,0,0,False,1,Baladas Acusticas,-1.7073565617073514,-2.8449502524776435,0.0,75,37.266666666666666
615,michel,anouk,dutch indie,2015,122,39,58,-8,9,16,249,76,3,20,zona_critica,q1_bajo,2010,anouk,michel,0,0,False,1,Baladas Acusticas,-1.302895097955991,-1.124650305261916,0.0,75,37.266666666666666
616,let it happen,tame impala,australian psych,2015,125,88,60,-6,11,58,468,0,4,76,potencial_premium,q4_alto,2010,tame impala,let it happen,0,0,False,0,Canciones Energeticas,2.0849042976584076,-0.6077641874873312,100.0,2,80.5
617,everglow,coldplay,permanent wave,2015,146,45,54,-9,11,14,283,46,3,69,rendimiento_medio,q3_medio_alto,2010,coldplay,everglow,6,6,True,1,Baladas Acusticas,-0.8719846039434456,-1.342886509269841,34.21052631578947,38,67.65789473684211
618,the less i know the better,tame impala,australian psych,2015,117,74,64,-4,17,79,216,1,3,85,potencial_premium,q4_alto,2010,tame impala,the less i know the better,0,0,False,0,Canciones Energeticas,2.317559636494344,-0.06973716085369505,100.0,2,80.5
619,ordinary love,u2,irish rock,2015,121,48,66,-9,18,35,219,4,3,45,zona_critica,q1_bajo,2010,u2,ordinary love,18,18,True,0,Canciones Energeticas,0.36142870709884967,-0.5271344433225954,20.588235294117645,34,58.294117647058826
620,stressed out,twenty one pilots,modern rock,2015,170,64,73,-6,6,65,202,5,14,83,potencial_premium,q4_alto,2010,twenty one pilots,stressed out,1,1,True,0,Canciones Energeticas,1.669257990652673,0.14163015840662888,48.97959183673469,49,68.59183673469387
621,for bitter or worse,anouk,dutch indie,2015,83,41,27,-8,12,32,255,29,3,21,zona_critica,q1_bajo,2010,anouk,for bitter or worse,0,0,False,1,Baladas Acusticas,-0.7206975300393796,-2.0124584243660792,0.0,75,37.266666666666666
622,all i need - edit,air,downtempo,2015,95,42,50,-12,20,22,242,88,3,41,zona_critica,q1_bajo,2010,air,all i need edit,0,0,False,1,Baladas Acusticas,-2.0075554599110412,-0.892576844843484,0.0,4,49.5
623,hymn for the weekend,coldplay,permanent wave,2015,90,74,49,-5,30,36,259,26,4,78,potencial_premium,q4_alto,2010,coldplay,hymn for the weekend,6,6,True,0,Canciones Energeticas,0.9705078256362559,-1.5066692207394636,34.21052631578947,38,67.65789473684211
624,adventure of a lifetime,coldplay,permanent wave,2015,112,92,64,-4,15,53,264,0,4,74,potencial_premium,q4_alto,2010,coldplay,adventure of a lifetime,6,6,True,0,Canciones Energeticas,2.4530435294465045,-0.775170620358251,34.21052631578947,38,67.65789473684211
625,three days in a row,anouk,dutch indie,2015,171,50,36,-6,16,39,254,0,3,13,zona_critica,q1_bajo,2010,anouk,three days in a row,0,0,False,0,Canciones Energeticas,0.4924035010341748,-1.8085453156502764,0.0,75,37.266666666666666
626,moondance,van morrison,classic rock,2015,135,33,65,-11,22,52,272,43,3,42,zona_critica,q1_bajo,2010,van morrison,moondance,0,0,False,1,Baladas Acusticas,-0.7338683583507236,0.20005187303368502,27.450980392156865,51,62.15686274509804
627,r u kiddin' me,anouk,dutch indie,2015,89,82,53,-6,9,69,200,1,4,16,zona_critica,q1_bajo,2010,anouk,r u kiddin me,0,0,False,0,Canciones Energeticas,1.955234483902338,-0.5691498859539521,0.0,75,37.266666666666666
628,"theme from new york, new york",frank sinatra,adult standards,2015,109,59,41,-5,28,56,204,55,3,68,rendimiento_medio,q3_medio_alto,2010,frank sinatra,theme from new york new york,8,8,True,0,Canciones Energeticas,0.2483408612622999,-1.1678391817414644,20.32520325203252,123,62.577235772357724
629,hold me,douwe bob,dutch americana,2015,161,38,35,-8,15,36,230,61,3,26,zona_critica,q1_bajo,2010,douwe bob,hold me,0,0,False,1,Baladas Acusticas,-1.1568431023231434,-1.5161786746610644,0.0,12,42.833333333333336
630,budapest,george ezra,folk-pop,2015,128,46,72,-8,11,39,201,8,3,68,rendimiento_medio,q3_medio_alto,2010,george ezra,budapest,0,0,False,0,Canciones Energeticas,0.5219860109797354,-0.27911065682433495,75.0,4,75.25
631,shoes of lightning,racoon,dutch indie,2015,78,40,54,-8,11,17,220,66,4,32,zona_critica,q1_bajo,2010,racoon,shoes of lightning,0,0,False,1,Baladas Acusticas,-1.1574343095198036,-1.2796997310300968,0.0,75,37.266666666666666
632,mercy,muse,modern rock,2015,130,93,48,-5,31,37,232,1,5,60,rendimiento_medio,q2_medio_bajo,2010,muse,mercy,2,2,True,0,Canciones Energeticas,1.874679671967628,-1.6632874514897176,48.97959183673469,49,68.59183673469387
633,tennessee whiskey,chris stapleton,contemporary country,2015,49,37,39,-11,8,51,293,21,3,78,potencial_premium,q4_alto,2010,chris stapleton,tennessee whiskey,4,4,True,1,Baladas Acusticas,-0.6666988881636426,-0.8540040752711681,50.0,2,65.5
634,"oxygene, pt. 4",jean-michel jarre,laboratorio,2015,189,76,43,-8,55,66,247,2,4,57,rendimiento_medio,q2_medio_bajo,2010,jean michel jarre,oxygene pt 4,0,0,False,0,Canciones Energeticas,1.3228153890158174,-0.8061528108937933,0.0,1,57.0
635,a head full of dreams,coldplay,permanent wave,2015,123,92,45,-5,33,8,224,0,7,68,rendimiento_medio,q3_medio_alto,2010,coldplay,a head full of dreams,6,6,True,0,Canciones Energeticas,1.4347568701401003,-2.4814942702958662,34.21052631578947,38,67.65789473684211
636,we come 1 - radio edit,faithless,big beat,2015,136,90,65,-11,15,61,222,0,4,54,rendimiento_medio,q2_medio_bajo,2010,faithless,we come 1 radio edit,0,0,False,0,Canciones Energeticas,1.5719600276616432,0.08175824079052199,0.0,11,57.36363636363637
637,forever man - 2015 remaster,eric clapton,album rock,2015,111,90,64,-6,17,78,192,20,4,46,zona_critica,q1_bajo,2010,eric clapton,forever man 2015 remaster,10,10,True,0,Canciones Energeticas,2.1303453530160965,0.07966664062038711,20.823244552058114,413,60.69491525423729
638,down man,brainbox,dutch prog,2015,168,76,43,-9,10,51,155,0,6,35,zona_critica,q1_bajo,2010,brainbox,down man,0,0,False,0,Canciones Energeticas,1.0205784356540966,-1.0908370338993691,0.0,5,31.2
639,liquid spirit - claptone remix,gregory porter,contemporary vocal jazz,2015,121,62,88,-9,5,30,384,0,5,63,rendimiento_medio,q3_medio_alto,2010,gregory porter,liquid spirit claptone remix,2,2,True,0,Canciones Energeticas,1.0512739061725394,0.0902491538992182,0.0,1,63.0
640,living doll - 2003 remaster,cliff richard & the drifters,rock-and-roll,2015,127,47,76,-7,10,77,157,54,4,33,zona_critica,q1_bajo,2010,cliff richard the drifters,living doll 2003 remaster,0,0,False,0,Canciones Energeticas,0.4852747217117354,0.8415206939322709,0.0,1,33.0
641,ocean of night,editors,alternative dance,2015,106,67,57,-10,11,25,305,2,3,58,rendimiento_medio,q2_medio_bajo,2010,editors,ocean of night,0,0,False,0,Canciones Energeticas,0.48208714671936154,-1.0882790595944853,6.666666666666667,15,56.8
642,be the one,dua lipa,dance pop,2015,87,65,66,-4,6,37,203,12,5,73,potencial_premium,q4_alto,2010,dua lipa,be the one,0,0,False,0,Canciones Energeticas,1.3734206435157128,-0.95812117861271,50.602409638554214,83,68.51807228915662
643,up&up,coldplay,permanent wave,2015,164,72,48,-5,10,25,405,5,6,70,rendimiento_medio,q3_medio_alto,2010,coldplay,up up,6,6,True,0,Canciones Energeticas,1.106219675291155,-1.867384145939672,34.21052631578947,38,67.65789473684211
644,ship to wreck,florence + the machine,art pop,2015,142,92,56,-4,28,59,235,0,3,54,rendimiento_medio,q2_medio_bajo,2010,florence the machine,ship to wreck,0,0,False,0,Canciones Energeticas,2.413471127439064,-0.9205061860303846,7.142857142857142,14,59.42857142857143
645,love yourself,justin bieber,canadian pop,2015,100,38,61,-10,28,52,234,84,44,83,potencial_premium,q4_alto,2010,justin bieber,love yourself,0,0,False,1,Baladas Acusticas,-1.2093597065599093,0.06939050583931097,60.0,5,63.0
646,happy xmas (war is over),john lennon,album rock,2015,147,68,40,-6,68,60,212,18,3,47,zona_critica,q1_bajo,2010,john lennon,happy xmas war is over,1,1,True,0,Canciones Energeticas,0.9975823790374938,-1.1616802320407111,20.823244552058114,413,60.69491525423729
647,sorry,kensington,dutch pop,2016,134,41,46,-8,10,9,227,50,3,63,rendimiento_medio,q3_medio_alto,2010,kensington,sorry,0,0,False,1,Baladas Acusticas,-1.0804493356445208,-1.8464887775471546,1.1363636363636365,88,45.23863636363637
648,cold little heart,michael kiwanuka,british soul,2016,108,40,49,-8,14,15,598,49,3,67,rendimiento_medio,q3_medio_alto,2010,michael kiwanuka,cold little heart,0,0,False,1,Baladas Acusticas,-0.9650454642438049,-1.5894652134765737,38.70967741935484,31,66.38709677419355
649,barcelona,freddie mercury,glam rock,2016,170,46,18,-9,9,13,267,74,4,40,zona_critica,q1_bajo,2010,freddie mercury,barcelona,0,0,False,1,Baladas Acusticas,-1.8503650650670755,-2.6298380224483524,18.367346938775512,49,58.714285714285715
650,leef,andré hazes jr.,dutch pop,2016,121,73,67,-7,18,78,218,28,4,62,rendimiento_medio,q2_medio_bajo,2010,andr hazes jr,leef,0,0,False,0,Canciones Energeticas,1.4787970628818352,0.33630241219083384,1.1363636363636365,88,45.23863636363637
651,hello,adele,british soul,2016,158,45,48,-6,9,29,295,34,3,73,potencial_premium,q4_alto,2010,adele,hello,11,11,True,0,Canciones Energeticas,-0.14381933049510073,-1.5230106543978978,38.70967741935484,31,66.38709677419355
652,against all odds (take a look at me now) - 2016 remaster,phil collins,mellow gold,2016,116,50,58,-7,13,11,206,20,3,74,potencial_premium,q4_alto,2010,phil collins,against all odds take a look at me now 2016 remaster,5,5,True,0,Canciones Energeticas,-0.008331944085705896,-1.570129192575609,36.36363636363637,11,64.63636363636364
653,treur niet (ode aan het leven),diggy dex,dutch hip hop,2016,98,72,68,-9,13,57,225,20,6,60,rendimiento_medio,q2_medio_bajo,2010,diggy dex,treur niet ode aan het leven,0,0,False,0,Canciones Energeticas,1.0496058989997865,0.01538590318424785,0.0,13,53.84615384615385
654,when we were young,adele,british soul,2016,144,59,38,-6,9,27,291,35,5,73,potencial_premium,q4_alto,2010,adele,when we were young,11,11,True,0,Canciones Energeticas,0.02526036528082029,-1.9857772568948262,38.70967741935484,31,66.38709677419355
655,do i ever,kensington,dutch pop,2016,163,79,39,-6,40,34,204,0,5,53,rendimiento_medio,q2_medio_bajo,2010,kensington,do i ever,0,0,False,0,Canciones Energeticas,1.2309938213353604,-1.9560591193638446,1.1363636363636365,88,45.23863636363637
656,"can't stop the feeling! (original song from dreamworks animation's ""trolls"")",justin timberlake,dance pop,2016,113,83,67,-6,10,70,238,1,7,75,potencial_premium,q4_alto,2010,justin timberlake,can t stop the feeling original song from dreamworks animation s trolls,4,4,True,0,Canciones Energeticas,2.214728580938962,-0.06487174589290742,50.602409638554214,83,68.51807228915662
657,whatever you want,status quo,album rock,2016,123,55,55,-11,18,42,242,85,4,36,zona_critica,q1_bajo,2010,status quo,whatever you want,0,0,False,1,Baladas Acusticas,-1.1340038849436056,-0.39357479616571994,20.823244552058114,413,60.69491525423729
658,lazarus,david bowie,album rock,2016,130,70,66,-7,9,51,382,5,3,61,rendimiento_medio,q2_medio_bajo,2010,david bowie,lazarus,3,3,True,0,Canciones Energeticas,1.4089691293139637,-0.41805748373103757,20.823244552058114,413,60.69491525423729
659,million years ago,adele,british soul,2016,106,27,72,-8,11,18,227,73,3,62,rendimiento_medio,q2_medio_bajo,2010,adele,million years ago,11,11,True,1,Baladas Acusticas,-1.3160266226065513,-0.5568430834005494,38.70967741935484,31,66.38709677419355
660,dark necessities,red hot chili peppers,alternative rock,2016,92,74,70,-7,11,20,302,7,7,74,potencial_premium,q4_alto,2010,red hot chili peppers,dark necessities,3,3,True,0,Canciones Energeticas,1.12624320927984,-1.0391264872574393,39.53488372093023,86,66.94186046511628
661,you want it darker,leonard cohen,canadian folk,2016,109,33,67,-17,8,49,284,61,6,63,rendimiento_medio,q3_medio_alto,2010,leonard cohen,you want it darker,1,1,True,1,Baladas Acusticas,-1.846408139718826,0.7547475421491193,0.0,7,60.857142857142854
662,bridges,kensington,dutch pop,2016,150,83,38,-7,7,45,220,0,6,49,zona_critica,q1_bajo,2010,kensington,bridges,0,0,False,0,Canciones Energeticas,1.3299240838806083,-1.6500729292724248,1.1363636363636365,88,45.23863636363637
663,once upon a time in the west - main theme,ennio morricone,classic soundtrack,2016,90,21,12,-11,13,5,223,84,4,54,rendimiento_medio,q2_medio_bajo,2010,ennio morricone,once upon a time in the west main theme,0,0,False,1,Baladas Acusticas,-3.1297475737195586,-2.746155961002335,0.0,1,54.0
664,mooi,marco borsato,dutch cabaret,2016,150,43,49,-8,12,31,315,10,3,59,rendimiento_medio,q2_medio_bajo,2010,marco borsato,mooi,0,0,False,0,Canciones Energeticas,-0.027106833130733393,-1.325247339067594,0.0,51,46.05882352941177
665,i just can't help believin',elvis presley,adult standards,2016,142,66,46,-8,9,34,274,28,5,44,zona_critica,q1_bajo,2010,elvis presley,i just can t help believin,3,3,True,0,Canciones Energeticas,0.26317839995032677,-1.392741031991323,20.32520325203252,123,62.577235772357724
666,love & hate,michael kiwanuka,british soul,2016,170,49,28,-8,17,53,427,16,3,66,rendimiento_medio,q3_medio_alto,2010,michael kiwanuka,love hate,0,0,False,0,Canciones Energeticas,0.007524995903028268,-1.5581616997140384,38.70967741935484,31,66.38709677419355
667,new gold dream (81/82/83/84),simple minds,art rock,2016,123,75,59,-11,34,66,339,0,3,44,zona_critica,q1_bajo,2010,simple minds,new gold dream 81 82 83 84,0,0,False,0,Canciones Energeticas,1.1729171326172647,0.012695038167382633,15.0,40,60.2
668,disco inferno,the trammps,disco,2016,130,70,68,-9,14,81,214,0,3,54,rendimiento_medio,q2_medio_bajo,2010,the trammps,disco inferno,0,0,False,0,Canciones Energeticas,1.6494048793537968,0.5503127137420537,11.11111111111111,18,61.666666666666664
669,someone somewhere (in summertime),simple minds,art rock,2016,100,53,56,-11,11,67,278,2,3,41,zona_critica,q1_bajo,2010,simple minds,someone somewhere in summertime,0,0,False,0,Canciones Energeticas,0.5400540866128576,0.014797294239736114,15.0,40,60.2
670,24k magic,bruno mars,dance pop,2016,107,80,82,-4,15,63,226,3,8,78,potencial_premium,q4_alto,2010,bruno mars,24k magic,6,6,True,0,Canciones Energeticas,2.50645965948718,0.15224066375455883,50.602409638554214,83,68.51807228915662
671,blackstar,david bowie,album rock,2016,98,55,37,-8,18,11,598,21,3,55,rendimiento_medio,q2_medio_bajo,2010,david bowie,blackstar,3,3,True,1,Baladas Acusticas,-0.34510553627223206,-2.264196025330881,20.823244552058114,413,60.69491525423729
672,water under the bridge,adele,british soul,2016,95,84,60,-7,11,47,240,2,7,67,rendimiento_medio,q3_medio_alto,2010,adele,water under the bridge,11,11,True,0,Canciones Energeticas,1.6775567936189455,-0.7956014372167849,38.70967741935484,31,66.38709677419355
673,all i ask,adele,british soul,2016,142,28,59,-5,15,34,272,88,3,70,rendimiento_medio,q3_medio_alto,2010,adele,all i ask,11,11,True,1,Baladas Acusticas,-1.1128932308262867,-0.8637455272807452,38.70967741935484,31,66.38709677419355
674,the life i live,q'65,dutch prog,2016,131,46,60,-12,22,80,204,10,4,27,zona_critica,q1_bajo,2010,q 65,the life i live,0,0,False,0,Canciones Energeticas,0.32331597785169347,0.6166983198102224,0.0,5,31.2
675,we all stand together - remastered 2016,paul mccartney,album rock,2016,72,26,35,-12,13,48,265,61,3,24,zona_critica,q1_bajo,2010,paul mccartney,we all stand together remastered 2016,4,4,True,1,Baladas Acusticas,-1.8390153618501717,-0.8532439449131236,20.823244552058114,413,60.69491525423729
676,heathens,twenty one pilots,modern rock,2016,90,40,73,-9,11,55,196,8,3,81,potencial_premium,q4_alto,2010,twenty one pilots,heathens,1,1,True,0,Canciones Energeticas,0.4704231929650287,0.23145621385253204,48.97959183673469,49,68.59183673469387
677,jacob’s song,douwe bob,dutch americana,2016,74,51,36,-8,16,15,318,4,3,40,zona_critica,q1_bajo,2010,douwe bob,jacob s song,0,0,False,0,Canciones Energeticas,-0.12784789660949183,-2.2386977959066985,0.0,12,42.833333333333336
678,way down we go,kaleo,icelandic indie,2016,163,51,49,-8,10,34,214,58,12,76,potencial_premium,q4_alto,2010,kaleo,way down we go,0,0,False,1,Baladas Acusticas,-0.5775435301222183,-1.1385203991217219,100.0,1,76.0
679,7 years,lukas graham,danish pop,2016,120,47,77,-6,39,34,237,29,5,80,potencial_premium,q4_alto,2010,lukas graham,7 years,0,0,False,0,Canciones Energeticas,0.49027770717411207,-0.36409198570590884,100.0,1,80.0
680,forbidden colours,ryuichi sakamoto,compositional ambient,2016,105,24,61,-17,25,37,290,76,3,28,zona_critica,q1_bajo,2010,ryuichi sakamoto,forbidden colours,0,0,False,1,Baladas Acusticas,-2.577153092279185,0.3200102498989514,0.0,1,28.0
681,the book of love,gavin james,neo mellow,2016,108,7,52,-14,13,27,177,70,4,34,zona_critica,q1_bajo,2010,gavin james,the book of love,0,0,False,1,Baladas Acusticas,-2.776507968751284,-0.47289019071378013,58.82352941176471,17,71.41176470588235
682,zoutelande - feat. geike,bløf,dutch pop,2017,129,64,67,-7,14,89,223,22,3,41,zona_critica,q1_bajo,2010,bl f,zoutelande feat geike,0,0,False,0,Canciones Energeticas,1.5037425667199036,0.593073839457848,1.1363636363636365,88,45.23863636363637
683,pokémon theme-new studio recording,jason paige,pop,2017,145,91,57,-5,14,40,197,3,5,41,zona_critica,q1_bajo,2010,jason paige,pok mon theme new studio recording,0,0,False,0,Canciones Energeticas,1.9868457467645138,-1.3032960429949028,42.5531914893617,47,67.61702127659575
684,perfect,ed sheeran,pop,2017,95,45,60,-6,11,17,263,16,2,87,potencial_premium,q4_alto,2010,ed sheeran,perfect,4,4,True,0,Canciones Energeticas,0.18586013192314904,-1.4596456275117031,42.5531914893617,47,67.61702127659575
685,thriller,michael jackson,pop,2017,118,89,76,-4,85,72,358,8,7,69,rendimiento_medio,q3_medio_alto,2010,michael jackson,thriller,9,9,True,0,Canciones Energeticas,2.697463841151755,0.10729580035805955,42.5531914893617,47,67.61702127659575
686,boulevard of broken dreams,green day,modern rock,2017,167,68,50,-4,6,47,262,1,3,74,potencial_premium,q4_alto,2010,green day,boulevard of broken dreams,4,4,True,0,Canciones Energeticas,1.5505380226148031,-1.3968829924168584,48.97959183673469,49,68.59183673469387
687,what about us,p!nk,dance pop,2017,114,59,49,-6,9,19,270,3,5,76,potencial_premium,q4_alto,2010,p nk,what about us,0,0,False,0,Canciones Energeticas,0.6256925816873211,-1.9027525156783096,50.602409638554214,83,68.51807228915662
688,shape of you,ed sheeran,pop,2017,96,65,83,-3,9,93,234,58,8,87,potencial_premium,q4_alto,2010,ed sheeran,shape of you,4,4,True,0,Canciones Energeticas,1.767230709194472,1.0258306866657985,42.5531914893617,47,67.61702127659575
689,believer,imagine dragons,modern rock,2017,125,78,78,-4,8,67,204,6,13,88,potencial_premium,q4_alto,2010,imagine dragons,believer,1,1,True,0,Canciones Energeticas,2.409896779228909,0.0926745001904963,48.97959183673469,49,68.59183673469387
690,human,rag'n'bone man,neo soul,2017,75,71,60,-4,17,55,200,39,30,78,potencial_premium,q4_alto,2010,rag n bone man,human,0,0,False,0,Canciones Energeticas,1.25281428883766,-0.7340239667715864,50.0,2,73.5
691,het het nog nooit zo donker west,ede staal,streektaal,2017,98,21,61,-20,8,42,274,60,3,28,zona_critica,q1_bajo,2010,ede staal,het het nog nooit zo donker west,0,0,False,1,Baladas Acusticas,-2.718551911368862,0.6426676332308033,0.0,1,28.0
692,castle on the hill,ed sheeran,pop,2017,135,83,46,-5,14,47,261,2,10,79,potencial_premium,q4_alto,2010,ed sheeran,castle on the hill,4,4,True,0,Canciones Energeticas,1.7257912559465856,-1.507148998325258,42.5531914893617,47,67.61702127659575
693,sign of the times,harry styles,dance pop,2017,120,60,52,-5,11,22,341,3,3,80,potencial_premium,q4_alto,2010,harry styles,sign of the times,0,0,False,0,Canciones Energeticas,0.8720543519023166,-1.8117123770199273,50.602409638554214,83,68.51807228915662
694,in the blood,john mayer,neo mellow,2017,80,66,55,-7,10,52,244,39,3,66,rendimiento_medio,q3_medio_alto,2010,john mayer,in the blood,6,6,True,0,Canciones Energeticas,0.6016300379432802,-0.7069389831708687,58.82352941176471,17,71.41176470588235
695,nao ’t zuuje,lex uiting,carnaval limburg,2017,190,53,26,-6,5,45,213,39,4,41,zona_critica,q1_bajo,2010,lex uiting,nao t zuuje,0,0,False,0,Canciones Energeticas,-0.12432404325336341,-1.9772419605640816,0.0,10,36.5
696,"roll over lay down - live at the kursaal, southend / 1975",status quo,album rock,2017,132,69,34,-9,34,21,341,0,4,32,zona_critica,q1_bajo,2010,status quo,roll over lay down live at the kursaal southend 1975,0,0,False,0,Canciones Energeticas,0.3289814129002016,-2.182802470679745,20.823244552058114,413,60.69491525423729
697,whatever it takes,imagine dragons,modern rock,2017,135,66,67,-5,12,56,201,4,3,82,potencial_premium,q4_alto,2010,imagine dragons,whatever it takes,1,1,True,0,Canciones Energeticas,1.6867733964023255,-0.45150200181517547,48.97959183673469,49,68.59183673469387
698,amigo,chef'special,dutch indie,2017,145,91,55,-5,35,64,180,1,7,33,zona_critica,q1_bajo,2010,chef special,amigo,0,0,False,0,Canciones Energeticas,2.30957915478225,-0.7951998028520163,0.0,75,37.266666666666666
699,iederene hef een reden,bökkers,dutch rock,2017,108,61,57,-9,10,69,185,56,4,41,zona_critica,q1_bajo,2010,b kkers,iederene hef een reden,0,0,False,0,Canciones Energeticas,0.17465736151969422,0.027378903361276942,0.0,18,44.111111111111114
700,everything now,arcade fire,alternative dance,2017,116,87,55,-5,46,61,303,0,3,66,rendimiento_medio,q3_medio_alto,2010,arcade fire,everything now,1,1,True,0,Canciones Energeticas,2.182954335698964,-0.8567924365813222,6.666666666666667,15,56.8
701,sorry,nothing but thieves,alternative pop rock,2017,128,78,67,-5,13,52,215,0,3,62,rendimiento_medio,q2_medio_bajo,2010,nothing but thieves,sorry,0,0,False,0,Canciones Energeticas,2.0098749029504086,-0.605560007660904,0.0,7,49.714285714285715
702,one more light,linkin park,alternative metal,2017,84,20,59,-11,9,17,255,90,3,75,potencial_premium,q4_alto,2010,linkin park,one more light,1,1,True,1,Baladas Acusticas,-2.3825474336986776,-0.7426263072542256,37.142857142857146,70,66.01428571428572
703,through the barricades - remastered,spandau ballet,dance rock,2017,146,28,49,-14,12,17,360,30,3,60,rendimiento_medio,q2_medio_bajo,2010,spandau ballet,through the barricades remastered,0,0,False,1,Baladas Acusticas,-1.7364876658060633,-1.0513190293016454,15.384615384615385,52,59.38461538461539
704,freedom! '90 - remastered,george michael,dance rock,2017,92,85,68,-11,6,93,391,23,5,69,rendimiento_medio,q3_medio_alto,2010,george michael,freedom 90 remastered,1,1,True,0,Canciones Energeticas,1.5543271460334254,1.005640505003046,15.384615384615385,52,59.38461538461539
705,amsterdam,nothing but thieves,alternative pop rock,2017,168,93,51,-5,24,67,272,0,24,63,rendimiento_medio,q3_medio_alto,2010,nothing but thieves,amsterdam,0,0,False,0,Canciones Energeticas,2.358049410395847,-0.8782284808094695,0.0,7,49.714285714285715
706,something just like this,the chainsmokers,electropop,2017,103,64,62,-7,16,45,247,5,3,84,potencial_premium,q4_alto,2010,the chainsmokers,something just like this,0,0,False,0,Canciones Energeticas,1.1258358507497606,-0.7163999951436771,66.66666666666666,3,78.33333333333333
707,thunder,imagine dragons,modern rock,2017,168,82,61,-5,15,29,187,1,4,86,potencial_premium,q4_alto,2010,imagine dragons,thunder,1,1,True,0,Canciones Energeticas,1.7009408043878305,-1.3990443801601333,48.97959183673469,49,68.59183673469387
708,thinking of a place,the war on drugs,chamber pop,2017,103,63,48,-7,12,16,671,39,3,59,rendimiento_medio,q2_medio_bajo,2010,the war on drugs,thinking of a place,1,1,True,0,Canciones Energeticas,-0.059410705485705734,-1.8320675526341352,0.0,7,56.0
709,happier,ed sheeran,pop,2017,90,39,52,-7,14,24,208,54,3,83,potencial_premium,q4_alto,2010,ed sheeran,happier,4,4,True,1,Baladas Acusticas,-0.7621298508567987,-1.3570627140154032,42.5531914893617,47,67.61702127659575
710,galway girl,ed sheeran,pop,2017,100,88,62,-3,33,78,171,7,10,80,potencial_premium,q4_alto,2010,ed sheeran,galway girl,4,4,True,0,Canciones Energeticas,2.6949365181663616,-0.34459404434389745,42.5531914893617,47,67.61702127659575
711,sunny days,armin van buuren,edm,2017,115,71,63,-7,14,24,210,1,3,54,rendimiento_medio,q2_medio_bajo,2010,armin van buuren,sunny days,0,0,False,0,Canciones Energeticas,1.1085043289918592,-1.2313296073328404,0.0,3,57.333333333333336
712,supermarket flowers,ed sheeran,pop,2017,90,24,59,-11,9,26,221,91,4,78,potencial_premium,q4_alto,2010,ed sheeran,supermarket flowers,4,4,True,1,Baladas Acusticas,-2.176077444227138,-0.5342647557594571,42.5531914893617,47,67.61702127659575
713,holiday,green day,modern rock,2017,147,89,55,-3,89,72,233,0,3,67,rendimiento_medio,q3_medio_alto,2010,green day,holiday,4,4,True,0,Canciones Energeticas,2.6526523388223957,-0.7714830903715358,48.97959183673469,49,68.59183673469387
714,max,paolo conte,italian pop,2017,125,40,50,-9,12,15,225,34,3,25,zona_critica,q1_bajo,2010,paolo conte,max,0,0,False,1,Baladas Acusticas,-0.8255166493933396,-1.5370846692291558,0.0,3,37.0
715,rapper's delight,the sugarhill gang,east coast hip hop,2017,112,75,91,-10,4,83,234,7,25,48,zona_critica,q1_bajo,2010,the sugarhill gang,rapper s delight,0,0,False,0,Canciones Energeticas,1.9078010019770921,1.5019293704575525,66.66666666666666,6,69.83333333333333
716,pain,the war on drugs,chamber pop,2017,116,83,52,-4,8,48,331,0,4,62,rendimiento_medio,q2_medio_bajo,2010,the war on drugs,pain,1,1,True,0,Canciones Energeticas,1.9977002301597853,-1.3577538409800276,0.0,7,56.0
717,love on the rocks,neil diamond,adult standards,2017,103,31,40,-8,12,31,262,92,3,40,zona_critica,q1_bajo,2010,neil diamond,love on the rocks,0,0,False,1,Baladas Acusticas,-1.8214815166700855,-1.3931478021462973,20.32520325203252,123,62.577235772357724
718,tuesday afternoon (forever afternoon),the moody blues,album rock,2017,114,32,50,-13,24,30,249,10,3,50,rendimiento_medio,q2_medio_bajo,2010,the moody blues,tuesday afternoon forever afternoon,0,0,False,1,Baladas Acusticas,-0.9773544638198396,-0.8592996092932792,20.823244552058114,413,60.69491525423729
719,magnificent (she says),elbow,britpop,2017,92,87,51,-7,5,39,266,19,5,31,zona_critica,q1_bajo,2010,elbow,magnificent she says,0,0,False,0,Canciones Energeticas,1.2433499949800473,-1.3080581682723258,0.0,11,53.63636363636363
720,nicotine,chef'special,dutch indie,2017,90,30,64,-10,10,44,238,62,3,36,zona_critica,q1_bajo,2010,chef special,nicotine,0,0,False,1,Baladas Acusticas,-1.089612879180944,-0.10805979792071937,0.0,75,37.266666666666666
721,homesick,dua lipa,dance pop,2017,86,22,43,-9,11,40,230,95,4,71,rendimiento_medio,q3_medio_alto,2010,dua lipa,homesick,0,0,False,1,Baladas Acusticas,-2.075012033499249,-0.9331048172397943,50.602409638554214,83,68.51807228915662
722,beautiful trauma,p!nk,dance pop,2017,96,62,41,-6,40,23,250,9,7,68,rendimiento_medio,q3_medio_alto,2010,p nk,beautiful trauma,0,0,False,0,Canciones Energeticas,0.5373631094460875,-2.090227483897642,50.602409638554214,83,68.51807228915662
723,world gone mad,bastille,metropopolis,2017,140,68,51,-3,18,36,196,28,3,64,rendimiento_medio,q3_medio_alto,2010,bastille,world gone mad,0,0,False,0,Canciones Energeticas,1.1066174396312756,-1.6372679768873604,0.0,4,57.75
724,leave a light on,tom walker,indie anthem-folk,2017,69,62,59,-6,13,27,186,2,11,75,potencial_premium,q4_alto,2010,tom walker,leave a light on,0,0,False,0,Canciones Energeticas,0.9755076794013374,-1.3559830361945524,100.0,1,75.0
725,skin,rag'n'bone man,neo soul,2017,171,75,56,-8,15,35,240,27,31,69,rendimiento_medio,q3_medio_alto,2010,rag n bone man,skin,0,0,False,0,Canciones Energeticas,0.686178857912898,-1.0670287490452746,50.0,2,73.5
726,lost on you,lp,la pop,2017,174,72,43,-6,9,69,268,10,4,78,potencial_premium,q4_alto,2010,lp,lost on you,0,0,False,0,Canciones Energeticas,1.421024733250585,-0.9259175389312669,100.0,1,78.0
727,shallow,lady gaga,dance pop,2018,96,39,57,-6,23,32,216,37,3,88,potencial_premium,q4_alto,2010,lady gaga,shallow,6,6,True,0,Canciones Energeticas,-0.1515626091510244,-1.1452741106900928,50.602409638554214,83,68.51807228915662
728,kleine jongen,andre hazes,dutch pop,2018,91,70,54,-6,10,56,221,5,3,30,zona_critica,q1_bajo,2010,andre hazes,kleine jongen,0,0,False,0,Canciones Energeticas,1.4549702967221192,-0.8774463032902399,1.1363636363636365,88,45.23863636363637
729,duurt te lang,davina michelle,dutch pop,2018,174,44,64,-14,9,15,154,13,20,68,rendimiento_medio,q3_medio_alto,2010,davina michelle,duurt te lang,0,0,False,1,Baladas Acusticas,-0.8323317148568938,-0.689897223886964,1.1363636363636365,88,45.23863636363637
730,i want to break free,queen,glam rock,2018,109,41,81,-9,8,50,223,11,4,59,rendimiento_medio,q2_medio_bajo,2010,queen,i want to break free,0,0,False,0,Canciones Energeticas,0.5220776294995297,0.3511429664560735,18.367346938775512,49,58.714285714285715
731,september,"earth, wind & fire",disco,2018,126,83,69,-7,25,98,215,17,3,82,potencial_premium,q4_alto,2010,earth wind fire,september,6,6,True,0,Canciones Energeticas,2.238464402775879,0.7735457087431008,11.11111111111111,18,61.666666666666664
732,voor haar,frans halsema,dutch rock,2018,82,36,28,-12,25,36,172,65,3,30,zona_critica,q1_bajo,2010,frans halsema,voor haar,0,0,False,1,Baladas Acusticas,-1.8885870963659994,-1.4827359281972166,0.0,18,44.111111111111114
733,testament,boudewijn de groot,dutch indie,2018,122,40,43,-10,12,63,195,48,5,28,zona_critica,q1_bajo,2010,boudewijn de groot,testament,0,0,False,1,Baladas Acusticas,-0.6481472775054589,-0.5163342704319421,0.0,75,37.266666666666666
734,atemlos durch die nacht,helene fischer,german pop,2018,128,78,81,-4,19,82,220,6,5,38,zona_critica,q1_bajo,2010,helene fischer,atemlos durch die nacht,0,0,False,0,Canciones Energeticas,2.6656706633762988,0.5414619036900612,11.11111111111111,9,49.666666666666664
735,zij gelooft in mij,andre hazes,dutch pop,2018,152,60,32,-6,25,18,240,11,3,30,zona_critica,q1_bajo,2010,andre hazes,zij gelooft in mij,0,0,False,0,Canciones Energeticas,0.2630000506399538,-2.5554889812881787,1.1363636363636365,88,45.23863636363637
736,verdronken vlinder,boudewijn de groot,dutch indie,2018,128,54,33,-9,21,82,146,57,4,29,zona_critica,q1_bajo,2010,boudewijn de groot,verdronken vlinder,0,0,False,0,Canciones Energeticas,-0.1966068166705118,-0.529787801979137,0.0,75,37.266666666666666
737,als het avond is,suzan & freek,dutch pop,2018,105,47,72,-7,11,45,206,53,3,65,rendimiento_medio,q3_medio_alto,2010,suzan freek,als het avond is,0,0,False,0,Canciones Energeticas,0.050466692143484954,-0.17329798084168221,1.1363636363636365,88,45.23863636363637
738,de vlieger,andre hazes,dutch pop,2018,105,66,40,-7,23,39,217,3,3,27,zona_critica,q1_bajo,2010,andre hazes,de vlieger,0,0,False,0,Canciones Energeticas,0.8138317412008667,-1.7074678647168886,1.1363636363636365,88,45.23863636363637
739,geef mij je angst,andre hazes,dutch pop,2018,140,57,34,-7,42,37,257,6,3,30,zona_critica,q1_bajo,2010,andre hazes,geef mij je angst,0,0,False,0,Canciones Energeticas,0.41540479000282354,-1.9333101543820086,1.1363636363636365,88,45.23863636363637
740,natural,imagine dragons,modern rock,2018,100,61,70,-6,8,22,189,22,4,84,potencial_premium,q4_alto,2010,imagine dragons,natural,1,1,True,0,Canciones Energeticas,0.7266509239293397,-1.0410956545008165,48.97959183673469,49,68.59183673469387
741,ijskoud,nielson,dutch pop,2018,98,73,67,-7,37,15,210,4,5,65,rendimiento_medio,q3_medio_alto,2010,nielson,ijskoud,0,0,False,0,Canciones Energeticas,1.0616669456257182,-1.3315590894676834,1.1363636363636365,88,45.23863636363637
742,welterusten mijnheer de president,boudewijn de groot,dutch indie,2018,131,41,55,-11,24,86,152,46,5,23,zona_critica,q1_bajo,2010,boudewijn de groot,welterusten mijnheer de president,0,0,False,0,Canciones Energeticas,-0.2397453447302935,0.5629825908543378,0.0,75,37.266666666666666
743,jimmy,boudewijn de groot,dutch indie,2018,111,74,66,-10,32,89,236,23,3,32,zona_critica,q1_bajo,2010,boudewijn de groot,jimmy,0,0,False,0,Canciones Energeticas,1.3343622222302374,0.7595163057996572,0.0,75,37.266666666666666
744,bad liar,imagine dragons,modern rock,2018,178,64,38,-7,37,8,261,7,7,83,potencial_premium,q4_alto,2010,imagine dragons,bad liar,1,1,True,0,Canciones Energeticas,0.2533768317998471,-2.519509200487111,48.97959183673469,49,68.59183673469387
745,sammy,ramses shaffy,dutch cabaret,2018,81,49,50,-8,14,76,135,76,5,23,zona_critica,q1_bajo,2010,ramses shaffy,sammy,0,0,False,1,Baladas Acusticas,-0.33145837670657663,-0.0690090281124773,0.0,51,46.05882352941177
746,high hopes,panic! at the disco,baroque pop,2018,82,90,58,-3,6,68,191,19,6,87,potencial_premium,q4_alto,2010,panic at the disco,high hopes,0,0,False,0,Canciones Energeticas,2.3659419959700636,-0.7345996009425387,50.0,6,66.83333333333333
747,het land van maas en waal,boudewijn de groot,dutch indie,2018,126,60,73,-10,6,96,179,40,5,23,zona_critica,q1_bajo,2010,boudewijn de groot,het land van maas en waal,0,0,False,0,Canciones Energeticas,0.8881745027232995,1.2886309490147898,0.0,75,37.266666666666666
748,shotgun,george ezra,folk-pop,2018,116,74,67,-5,24,75,201,29,5,82,potencial_premium,q4_alto,2010,george ezra,shotgun,0,0,False,0,Canciones Energeticas,1.7425183972898532,0.030471580950410727,75.0,4,75.25
749,new light,john mayer,neo mellow,2018,124,69,83,-8,8,85,216,33,3,81,potencial_premium,q4_alto,2010,john mayer,new light,6,6,True,0,Canciones Energeticas,1.5113889039814163,1.1542367755191174,58.82352941176471,17,71.41176470588235
750,you say,lauren daigle,ccm,2018,148,63,49,-7,9,8,275,68,3,80,potencial_premium,q4_alto,2010,lauren daigle,you say,1,1,True,1,Baladas Acusticas,-0.6210676012651211,-1.9325974588978863,100.0,1,80.0
751,een beetje verliefd,andre hazes,dutch pop,2018,198,61,30,-7,15,33,251,6,3,32,zona_critica,q1_bajo,2010,andre hazes,een beetje verliefd,0,0,False,0,Canciones Energeticas,0.4057716838837931,-2.19197682146099,1.1363636363636365,88,45.23863636363637
752,someone you loved,lewis capaldi,pop,2018,110,41,50,-6,11,45,182,75,3,85,potencial_premium,q4_alto,2010,lewis capaldi,someone you loved,0,0,False,1,Baladas Acusticas,-0.6623374906965502,-0.9771375608326923,42.5531914893617,47,67.61702127659575
753,banger hart - radio mix,rob de nijs,dutch pop,2018,124,89,77,-9,6,97,261,7,4,16,zona_critica,q1_bajo,2010,rob de nijs,banger hart radio mix,0,0,False,0,Canciones Energeticas,2.3939064411887756,1.1656521982491084,1.1363636363636365,88,45.23863636363637
754,malle babbe,rob de nijs,dutch pop,2018,87,38,35,-10,12,53,253,73,4,15,zona_critica,q1_bajo,2010,rob de nijs,malle babbe,0,0,False,1,Baladas Acusticas,-1.36738202526268,-0.9712530009758116,1.1363636363636365,88,45.23863636363637
755,vluchten kan niet meer,frans halsema,dutch rock,2018,87,25,41,-13,38,32,221,74,3,17,zona_critica,q1_bajo,2010,frans halsema,vluchten kan niet meer,0,0,False,1,Baladas Acusticas,-2.3171177724015344,-0.9503174905485886,0.0,18,44.111111111111114
756,faded,alan walker,electro house,2018,180,63,47,-5,11,16,212,3,5,80,potencial_premium,q4_alto,2010,alan walker,faded,0,0,False,0,Canciones Energeticas,0.8064319125483674,-2.179797029274484,100.0,1,80.0
757,high on life (feat. bonn),martin garrix,big room,2018,128,49,41,-6,11,37,231,1,3,78,potencial_premium,q4_alto,2010,martin garrix,high on life feat bonn,0,0,False,0,Canciones Energeticas,0.5321325243709469,-1.7512564276242535,42.857142857142854,7,69.42857142857143
758,het is koud zonder jou,andre hazes,dutch pop,2018,197,64,18,-7,12,52,241,11,4,30,zona_critica,q1_bajo,2010,andre hazes,het is koud zonder jou,0,0,False,0,Canciones Energeticas,0.4739499111971694,-2.1615583920152464,1.1363636363636365,88,45.23863636363637
759,n vriend,andre hazes,dutch pop,2018,68,58,23,-7,9,49,292,8,3,31,zona_critica,q1_bajo,2010,andre hazes,n vriend,0,0,False,0,Canciones Energeticas,0.40351529758934795,-2.0391547935640153,1.1363636363636365,88,45.23863636363637
760,always remember us this way,lady gaga,dance pop,2018,130,50,55,-6,76,30,210,30,4,81,potencial_premium,q4_alto,2010,lady gaga,always remember us this way,6,6,True,0,Canciones Energeticas,0.1922837920219479,-1.3286731098502784,50.602409638554214,83,68.51807228915662
761,een meisje van zestien,boudewijn de groot,dutch indie,2018,140,49,57,-11,17,73,179,2,5,20,zona_critica,q1_bajo,2010,boudewijn de groot,een meisje van zestien,0,0,False,0,Canciones Energeticas,0.5542793969363333,0.15749960821172518,0.0,75,37.266666666666666
762,why don't you do right,beth hart,blues rock,2018,106,74,63,-8,17,67,276,47,4,44,zona_critica,q1_bajo,2010,beth hart,why don t you do right,0,0,False,0,Canciones Energeticas,0.8699918669706124,0.00688138381668294,6.666666666666667,15,55.53333333333333
763,de zon op,diggy dex,dutch hip hop,2018,100,57,74,-8,10,57,209,51,4,52,rendimiento_medio,q2_medio_bajo,2010,diggy dex,de zon op,0,0,False,0,Canciones Energeticas,0.395651882805286,0.23858284649870323,0.0,13,53.84615384615385
764,youngblood,5 seconds of summer,boy band,2018,120,85,60,-5,12,15,203,2,46,84,potencial_premium,q4_alto,2010,5 seconds of summer,youngblood,0,0,False,0,Canciones Energeticas,1.571963364265566,-1.8137920260200602,66.66666666666666,6,72.83333333333333
765,prikkebeen,boudewijn de groot,dutch indie,2018,109,52,57,-11,13,33,252,5,3,17,zona_critica,q1_bajo,2010,boudewijn de groot,prikkebeen,0,0,False,0,Canciones Energeticas,0.049646926922413376,-0.8231062386060845,0.0,75,37.266666666666666
766,outlaw in 'em,waylon,dutch americana,2018,87,93,50,-3,37,68,217,3,8,39,zona_critica,q1_bajo,2010,waylon,outlaw in em,0,0,False,0,Canciones Energeticas,2.589660725336803,-1.0854069249940597,0.0,12,42.833333333333336
767,als de rook om je hoofd is verdwenen,boudewijn de groot,dutch indie,2018,132,71,42,-11,3,64,205,14,3,19,zona_critica,q1_bajo,2010,boudewijn de groot,als de rook om je hoofd is verdwenen,0,0,False,0,Canciones Energeticas,0.5795428409205501,-0.6558564555322162,0.0,75,37.266666666666666
768,skandal im sperrbezirk,spider murphy gang,austropop,2018,93,84,64,-8,21,89,216,42,4,26,zona_critica,q1_bajo,2010,spider murphy gang,skandal im sperrbezirk,0,0,False,0,Canciones Energeticas,1.518966971363585,0.5297426671128136,0.0,2,42.0
769,pain and misery,the teskey brothers,australian americana,2018,89,34,71,-7,16,49,241,79,3,50,rendimiento_medio,q2_medio_bajo,2010,the teskey brothers,pain and misery,0,0,False,1,Baladas Acusticas,-0.6786667745719475,0.013425495275362331,0.0,1,50.0
770,i do,douwe bob,dutch americana,2018,73,25,49,-11,8,27,202,88,3,52,rendimiento_medio,q2_medio_bajo,2010,douwe bob,i do,0,0,False,1,Baladas Acusticas,-2.2250253850321196,-0.9152300311005485,0.0,12,42.833333333333336
771,het laatste rondje - remastered,andre hazes,dutch pop,2018,103,76,53,-7,14,84,258,6,4,33,zona_critica,q1_bajo,2010,andre hazes,het laatste rondje remastered,0,0,False,0,Canciones Energeticas,1.8151778790877509,-0.16002243125849755,1.1363636363636365,88,45.23863636363637
772,guiding light,mumford & sons,modern folk rock,2018,100,71,55,-8,8,30,218,6,5,60,rendimiento_medio,q2_medio_bajo,2010,mumford sons,guiding light,1,1,True,0,Canciones Energeticas,0.8614623496489306,-1.3012645885916068,0.0,7,62.142857142857146
773,havana (feat. young thug),camila cabello,dance pop,2018,105,52,77,-4,13,39,217,18,3,85,potencial_premium,q4_alto,2010,camila cabello,havana feat young thug,0,0,False,0,Canciones Energeticas,1.1630077798193466,-0.5247192671329791,50.602409638554214,83,68.51807228915662
774,hou vol hou vast,bløf,dutch pop,2018,86,61,51,-5,8,23,295,0,2,12,zona_critica,q1_bajo,2010,bl f,hou vol hou vast,0,0,False,0,Canciones Energeticas,0.9574511800424901,-1.8640601084937232,1.1363636363636365,88,45.23863636363637
775,one kiss (with dua lipa),calvin harris,dance pop,2018,124,86,79,-3,8,59,215,4,11,86,potencial_premium,q4_alto,2010,calvin harris,one kiss with dua lipa,0,0,False,0,Canciones Energeticas,2.7053929709827633,-0.21786005383057108,50.602409638554214,83,68.51807228915662
776,nothing breaks like a heart (feat. miley cyrus),mark ronson,dance pop,2018,114,79,60,-6,39,24,217,1,7,79,potencial_premium,q4_alto,2010,mark ronson,nothing breaks like a heart feat miley cyrus,0,0,False,0,Canciones Energeticas,1.4175448421685548,-1.486271202659191,50.602409638554214,83,68.51807228915662
777,lay your weapons down,ilse delange,dutch americana,2018,94,68,54,-9,9,47,219,1,6,21,zona_critica,q1_bajo,2010,ilse delange,lay your weapons down,0,0,False,0,Canciones Energeticas,0.9424704425673314,-0.8375479155630229,0.0,12,42.833333333333336
778,in my blood,shawn mendes,canadian pop,2018,140,71,62,-7,13,49,211,6,7,82,potencial_premium,q4_alto,2010,shawn mendes,in my blood,0,0,False,0,Canciones Energeticas,1.3546269120127006,-0.669096307460724,60.0,5,63.0
779,roller coaster,danny vera,dutch americana,2019,97,38,40,-10,12,28,270,51,3,70,rendimiento_medio,q3_medio_alto,2010,danny vera,roller coaster,0,0,False,1,Baladas Acusticas,-1.2487765687379109,-1.4933853390418124,0.0,12,42.833333333333336
780,arcade,duncan laurence,dutch pop,2019,72,33,45,-13,14,27,184,82,4,73,potencial_premium,q4_alto,2010,duncan laurence,arcade,0,0,False,1,Baladas Acusticas,-2.2387841505781525,-0.9599704726323562,1.1363636363636365,88,45.23863636363637
781,a whiter shade of pale - original single version,procol harum,album rock,2019,150,66,25,-7,9,44,249,50,3,67,rendimiento_medio,q3_medio_alto,2010,procol harum,a whiter shade of pale original single version,0,0,False,0,Canciones Energeticas,-0.11252650626822988,-2.020627625494579,20.823244552058114,413,60.69491525423729
782,don't you (forget about me),simple minds,art rock,2019,111,75,67,-9,29,69,261,8,3,73,potencial_premium,q4_alto,2010,simple minds,don t you forget about me,0,0,False,0,Canciones Energeticas,1.505229211447083,0.14259224118110683,15.0,40,60.2
783,the load-out - remastered,jackson browne,album rock,2019,106,32,52,-12,13,31,335,74,3,37,zona_critica,q1_bajo,2010,jackson browne,the load out remastered,0,0,False,1,Baladas Acusticas,-1.8382304843481636,-0.7148456061075875,20.823244552058114,413,60.69491525423729
784,stay - remastered,jackson browne,album rock,2019,107,77,60,-8,11,72,204,10,3,36,zona_critica,q1_bajo,2010,jackson browne,stay remastered,0,0,False,0,Canciones Energeticas,1.5949383450215593,-0.1292370344437432,20.823244552058114,413,60.69491525423729
785,last christmas,wham!,dance rock,2019,108,58,74,-9,18,94,265,19,3,85,potencial_premium,q4_alto,2010,wham,last christmas,0,0,False,0,Canciones Energeticas,1.3207190165426121,1.1052300676513385,15.384615384615385,52,59.38461538461539
786,time to give,white lies,alternative dance,2019,120,83,43,-6,14,35,455,2,5,50,rendimiento_medio,q2_medio_bajo,2010,white lies,time to give,0,0,False,0,Canciones Energeticas,1.4082469156237032,-1.8773827780840175,6.666666666666667,15,56.8
787,bad guy,billie eilish,electropop,2019,135,43,70,-11,10,56,194,33,38,95,potencial_premium,q4_alto,2010,billie eilish,bad guy,4,4,True,0,Canciones Energeticas,-0.13618470590204765,0.3030790807905515,66.66666666666666,3,78.33333333333333
788,memories,maroon 5,pop,2019,91,32,76,-7,8,57,189,84,5,98,potencial_premium,q4_alto,2010,maroon 5,memories,2,2,True,1,Baladas Acusticas,-0.6208618918565445,0.38627613081513573,42.5531914893617,47,67.61702127659575
789,love like blood,killing joke,alternative metal,2019,124,76,40,-8,37,49,261,10,5,37,zona_critica,q1_bajo,2010,killing joke,love like blood,0,0,False,0,Canciones Energeticas,0.964494812459612,-1.4184203077595385,37.142857142857146,70,66.01428571428572
790,reünie,snelle,dutch hip hop,2019,96,35,51,-9,59,51,172,67,15,71,rendimiento_medio,q3_medio_alto,2010,snelle,re nie,0,0,False,1,Baladas Acusticas,-0.9858094083465576,-0.5586160304012314,0.0,13,53.84615384615385
791,about a girl - live version,nirvana,alternative rock,2019,121,76,61,-9,73,63,218,14,7,50,rendimiento_medio,q2_medio_bajo,2010,nirvana,about a girl live version,1,1,True,0,Canciones Energeticas,1.2620259514888592,-0.20908722902966034,39.53488372093023,86,66.94186046511628
792,deutschland,rammstein,alternative metal,2019,120,90,52,-5,10,24,322,0,4,72,potencial_premium,q4_alto,2010,rammstein,deutschland,0,0,False,0,Canciones Energeticas,1.746032277633005,-1.9378311153012273,37.142857142857146,70,66.01428571428572
793,phantom of the opera,floor jansen,dutch pop,2019,132,87,47,-6,25,27,244,0,5,56,rendimiento_medio,q2_medio_bajo,2010,floor jansen,phantom of the opera,0,0,False,0,Canciones Energeticas,1.498008387871847,-1.9477442169619423,1.1363636363636365,88,45.23863636363637
794,dance monkey,tones and i,australian pop,2019,98,59,82,-6,15,51,209,69,9,100,potencial_premium,q4_alto,2010,tones and i,dance monkey,0,0,False,0,Canciones Energeticas,0.4710547680132255,0.22605712747683507,37.5,8,63.375
795,blauwe dag,suzan & freek,dutch pop,2019,98,56,70,-7,28,51,183,25,5,68,rendimiento_medio,q3_medio_alto,2010,suzan freek,blauwe dag,0,0,False,0,Canciones Energeticas,0.8091745476119914,-0.2438046773849348,1.1363636363636365,88,45.23863636363637
796,homburg - single version - 2009 remaster - mono,procol harum,album rock,2019,142,66,36,-8,6,38,237,10,3,32,zona_critica,q1_bajo,2010,procol harum,homburg single version 2009 remaster mono,0,0,False,0,Canciones Energeticas,0.5001387297058407,-1.7966276982569984,20.823244552058114,413,60.69491525423729
797,uncharted,kensington,dutch pop,2019,139,53,59,-7,29,23,241,14,3,65,rendimiento_medio,q3_medio_alto,2010,kensington,uncharted,0,0,False,0,Canciones Energeticas,0.37752440276956617,-1.3520368035406563,1.1363636363636365,88,45.23863636363637
798,despacito,luis fonsi,latin,2019,178,80,66,-5,7,84,229,20,15,80,potencial_premium,q4_alto,2010,luis fonsi,despacito,1,1,True,0,Canciones Energeticas,2.1631290533940417,0.13749520942286078,50.0,2,71.0
799,dancing on my own,calum scott,australian pop,2019,113,17,68,-9,10,24,260,84,3,28,zona_critica,q1_bajo,2010,calum scott,dancing on my own,0,0,False,1,Baladas Acusticas,-1.8384869215632964,-0.48129283671018447,37.5,8,63.375
800,child in time,deep purple,album rock,1970,127,46,34,-11,9,35,620,17,4,45,zona_critica,q1_bajo,1970,deep purple,child in time,0,0,False,1,Baladas Acusticas,-1.167474634169396,-0.227755609515339,20.823244552058114,413,60.69491525423729
801,let it be - remastered 2009,the beatles,british invasion,1970,143,40,44,-8,11,41,243,63,3,79,potencial_premium,q4_alto,1970,the beatles,let it be remastered 2009,8,8,True,1,Baladas Acusticas,-1.4495864978927206,0.17864861978898575,27.77777777777778,36,68.08333333333333
802,bridge over troubled water,simon & garfunkel,classic rock,1970,80,21,15,-14,12,26,293,82,3,71,rendimiento_medio,q3_medio_alto,1970,simon garfunkel,bridge over troubled water,0,0,False,1,Baladas Acusticas,-3.7032451613180126,-0.5912974118439798,27.450980392156865,51,62.15686274509804
803,paranoid - 2016 remaster,black sabbath,album rock,1970,163,66,42,-12,18,45,168,0,7,68,rendimiento_medio,q3_medio_alto,1970,black sabbath,paranoid 2016 remaster,2,2,True,0,Canciones Energeticas,-0.2520234401020792,0.2727095819099999,20.823244552058114,413,60.69491525423729
804,have you ever seen the rain,creedence clearwater revival,album rock,1970,116,47,74,-13,19,89,160,9,3,71,rendimiento_medio,q3_medio_alto,1970,creedence clearwater revival,have you ever seen the rain,0,0,False,0,Canciones Energeticas,0.03521239406620938,2.7025644702130363,20.823244552058114,413,60.69491525423729
805,your song,elton john,glam rock,1970,128,32,55,-11,10,33,242,83,3,77,potencial_premium,q4_alto,1970,elton john,your song,2,2,True,1,Baladas Acusticas,-2.3380237868756555,0.7382445995267316,18.367346938775512,49,58.714285714285715
806,the boxer,simon & garfunkel,classic rock,1970,93,49,44,-14,16,63,309,70,6,72,potencial_premium,q4_alto,1970,simon garfunkel,the boxer,0,0,False,1,Baladas Acusticas,-1.85559463757728,1.233557111864482,27.450980392156865,51,62.15686274509804
807,du,peter maffay,classic schlager,1970,94,45,49,-12,43,46,298,15,3,53,rendimiento_medio,q2_medio_bajo,1970,peter maffay,du,0,0,False,1,Baladas Acusticas,-0.9256343493578436,0.6749468376207182,0.0,3,45.333333333333336
808,i walk the line,johnny cash,arkansas country,1970,99,26,71,-15,10,56,177,88,4,71,rendimiento_medio,q3_medio_alto,1970,johnny cash,i walk the line,8,8,True,1,Baladas Acusticas,-2.574416566163854,2.2748692724638375,11.11111111111111,9,52.0
809,samba pa ti,santana,blues rock,1970,92,36,41,-13,8,27,285,83,3,63,rendimiento_medio,q3_medio_alto,1970,santana,samba pa ti,4,4,True,1,Baladas Acusticas,-2.7952062091948626,0.2419071184975589,6.666666666666667,15,55.53333333333333
810,immigrant song - remaster,led zeppelin,album rock,1970,113,93,56,-10,35,62,146,1,6,77,potencial_premium,q4_alto,1970,led zeppelin,immigrant song remaster,1,1,True,0,Canciones Energeticas,1.1355581357638973,0.9266443457857755,20.823244552058114,413,60.69491525423729
811,who'll stop the rain,creedence clearwater revival,album rock,1970,124,80,60,-7,7,62,147,4,3,66,rendimiento_medio,q3_medio_alto,1970,creedence clearwater revival,who ll stop the rain,0,0,False,0,Canciones Energeticas,1.2172058540497852,0.8650499687864096,20.823244552058114,413,60.69491525423729
812,our house,"crosby, stills, nash & young",album rock,1970,140,21,59,-15,12,38,180,90,5,68,rendimiento_medio,q3_medio_alto,1970,crosby stills nash young,our house,0,0,False,1,Baladas Acusticas,-3.1554177975745312,1.42081970429963,20.823244552058114,413,60.69491525423729
813,teach your children,"crosby, stills, nash & young",album rock,1970,155,28,50,-15,39,67,173,64,3,63,rendimiento_medio,q3_medio_alto,1970,crosby stills nash young,teach your children,0,0,False,1,Baladas Acusticas,-2.291366549724802,1.6983473918704468,20.823244552058114,413,60.69491525423729
814,the long and winding road - remastered 2009,the beatles,british invasion,1970,132,33,30,-10,6,39,218,76,3,64,rendimiento_medio,q3_medio_alto,1970,the beatles,the long and winding road remastered 2009,8,8,True,1,Baladas Acusticas,-2.353476016378687,-0.14053308017221885,27.77777777777778,36,68.08333333333333
815,father and son,yusuf / cat stevens,british folk,1970,136,33,50,-11,10,40,221,59,3,74,potencial_premium,q4_alto,1970,yusuf cat stevens,father and son,0,0,False,1,Baladas Acusticas,-1.895195187655132,0.6517778606773601,25.0,4,64.25
816,almost cut my hair,"crosby, stills, nash & young",album rock,1970,137,47,47,-10,16,57,269,18,4,62,rendimiento_medio,q2_medio_bajo,1970,crosby stills nash young,almost cut my hair,0,0,False,1,Baladas Acusticas,-0.5356014186788087,0.6961600280604527,20.823244552058114,413,60.69491525423729
817,el condor pasa (if i could),simon & garfunkel,classic rock,1970,148,21,33,-18,18,28,187,84,3,62,rendimiento_medio,q2_medio_bajo,1970,simon garfunkel,el condor pasa if i could,0,0,False,1,Baladas Acusticas,-3.9844722740142218,0.4735794844092465,27.450980392156865,51,62.15686274509804
818,question,the moody blues,album rock,1970,76,66,22,-10,47,32,344,2,5,50,rendimiento_medio,q2_medio_bajo,1970,the moody blues,question,0,0,False,1,Baladas Acusticas,-0.48511006592003203,-0.9459804013848863,20.823244552058114,413,60.69491525423729
819,i heard it through the grapevine,creedence clearwater revival,album rock,1970,119,84,63,-6,10,88,663,8,5,47,zona_critica,q1_bajo,1970,creedence clearwater revival,i heard it through the grapevine,0,0,False,0,Canciones Energeticas,1.7807058835456895,1.5195345521941226,20.823244552058114,413,60.69491525423729
820,since i've been loving you - 1990 remaster,led zeppelin,album rock,1970,119,36,39,-11,12,31,444,0,3,63,rendimiento_medio,q3_medio_alto,1970,led zeppelin,since i ve been loving you 1990 remaster,1,1,True,1,Baladas Acusticas,-1.1220727329006999,-0.15671818759209796,20.823244552058114,413,60.69491525423729
821,get back - remastered 2009,the beatles,british invasion,1970,123,59,76,-10,61,33,189,49,6,65,rendimiento_medio,q3_medio_alto,1970,the beatles,get back remastered 2009,8,8,True,1,Baladas Acusticas,-0.626886372521041,1.2159339748335207,27.77777777777778,36,68.08333333333333
822,the man who sold the world - 2015 remaster,david bowie,album rock,1970,118,39,47,-14,14,55,241,64,3,63,rendimiento_medio,q3_medio_alto,1970,david bowie,the man who sold the world 2015 remaster,3,3,True,1,Baladas Acusticas,-2.0759164005997466,1.1664656730789553,20.823244552058114,413,60.69491525423729
823,long as i can see the light,creedence clearwater revival,album rock,1970,127,41,71,-7,6,53,211,35,4,60,rendimiento_medio,q2_medio_bajo,1970,creedence clearwater revival,long as i can see the light,0,0,False,0,Canciones Energeticas,-0.2603045810171784,1.282809244574443,20.823244552058114,413,60.69491525423729
824,roadhouse blues,the doors,album rock,1970,121,63,61,-8,15,90,244,34,3,73,potencial_premium,q4_alto,1970,the doors,roadhouse blues,1,1,True,0,Canciones Energeticas,0.5317562822332653,1.826741718594687,20.823244552058114,413,60.69491525423729
825,my sweet lord,george harrison,album rock,1970,121,70,54,-9,8,58,281,10,3,76,potencial_premium,q4_alto,1970,george harrison,my sweet lord,1,1,True,0,Canciones Energeticas,0.44486442438296125,0.7792895546032429,20.823244552058114,413,60.69491525423729
826,memories,earth & fire,classic uk pop,1970,131,79,31,-8,11,26,201,35,5,29,zona_critica,q1_bajo,1970,earth fire,memories,0,0,False,0,Canciones Energeticas,-0.3711218168231651,-0.8902824828309497,4.545454545454546,22,45.77272727272727
827,cecilia,simon & garfunkel,classic rock,1970,103,88,76,-9,22,95,175,36,4,73,potencial_premium,q4_alto,1970,simon garfunkel,cecilia,0,0,False,0,Canciones Energeticas,1.2988248163906666,2.49858674689356,27.450980392156865,51,62.15686274509804
828,fire and rain,james taylor,adult standards,1970,76,35,61,-14,8,36,201,50,4,73,potencial_premium,q4_alto,1970,james taylor,fire and rain,4,4,True,1,Baladas Acusticas,-1.990634645195524,1.185975589270371,20.32520325203252,123,62.577235772357724
829,lookin' out my back door,creedence clearwater revival,album rock,1970,105,66,75,-6,9,86,152,19,4,67,rendimiento_medio,q3_medio_alto,1970,creedence clearwater revival,lookin out my back door,0,0,False,0,Canciones Energeticas,1.2857019562236434,2.007969670914072,20.823244552058114,413,60.69491525423729
830,25 or 6 to 4 - 2002 remaster,chicago,adult standards,1970,147,91,60,-7,8,72,290,31,6,64,rendimiento_medio,q3_medio_alto,1970,chicago,25 or 6 to 4 2002 remaster,1,1,True,0,Canciones Energeticas,1.1860759565161498,1.1494211970291515,20.32520325203252,123,62.577235772357724
831,working class hero - remastered 2010 / lennon legend version,john lennon,album rock,1970,159,17,48,-19,12,19,228,73,5,57,rendimiento_medio,q2_medio_bajo,1970,john lennon,working class hero remastered 2010 lennon legend version,1,1,True,1,Baladas Acusticas,-3.936829864380329,0.8713386705297922,20.823244552058114,413,60.69491525423729
832,lucky man - 2012 remastered version,"emerson, lake & palmer",album rock,1970,154,38,35,-16,5,48,276,9,3,60,rendimiento_medio,q2_medio_bajo,1970,emerson lake palmer,lucky man 2012 remastered version,0,0,False,1,Baladas Acusticas,-1.7324884123064506,0.5734374002059138,20.823244552058114,413,60.69491525423729
833,into the mystic - 2013 remaster,van morrison,classic rock,1970,86,52,61,-10,12,80,206,37,3,72,potencial_premium,q4_alto,1970,van morrison,into the mystic 2013 remaster,0,0,False,0,Canciones Energeticas,-0.20688290759731373,1.8080529041807099,27.450980392156865,51,62.15686274509804
834,carry on,"crosby, stills, nash & young",album rock,1970,119,50,46,-12,27,53,266,6,4,58,rendimiento_medio,q2_medio_bajo,1970,crosby stills nash young,carry on,0,0,False,1,Baladas Acusticas,-0.5986989600947816,0.6913875648942743,20.823244552058114,413,60.69491525423729
835,(they long to be) close to you,carpenters,adult standards,1970,89,25,53,-15,12,24,276,71,3,60,rendimiento_medio,q2_medio_bajo,1970,carpenters,they long to be close to you,2,2,True,1,Baladas Acusticas,-3.012512944918239,0.7879556078529457,20.32520325203252,123,62.577235772357724
836,move on up,curtis mayfield,chicago soul,1970,139,97,54,-6,12,93,166,42,9,67,rendimiento_medio,q3_medio_alto,1970,curtis mayfield,move on up,0,0,False,0,Canciones Energeticas,1.484121553439409,1.3664331502152227,0.0,1,67.0
837,tears in the morning - remastered 2009,the beach boys,baroque pop,1970,128,36,38,-11,29,24,251,71,4,38,zona_critica,q1_bajo,1970,the beach boys,tears in the morning remastered 2009,0,0,False,1,Baladas Acusticas,-2.4090053727460026,-0.15311914496695153,50.0,6,66.83333333333333
838,up around the bend,creedence clearwater revival,album rock,1970,130,85,59,-6,27,81,161,6,3,69,rendimiento_medio,q3_medio_alto,1970,creedence clearwater revival,up around the bend,0,0,False,0,Canciones Energeticas,1.6868779665429432,1.1926064763102513,20.823244552058114,413,60.69491525423729
839,southern man - 2009 remaster,neil young,album rock,1970,162,57,37,-9,13,66,331,39,3,53,rendimiento_medio,q2_medio_bajo,1970,neil young,southern man 2009 remaster,0,0,False,1,Baladas Acusticas,-0.5196847528771624,0.4885799741114171,20.823244552058114,413,60.69491525423729
840,stairway to heaven - remaster,led zeppelin,album rock,1971,82,34,34,-12,12,20,483,58,3,79,potencial_premium,q4_alto,1970,led zeppelin,stairway to heaven remaster,1,1,True,1,Baladas Acusticas,-2.4822026706341553,-0.3678122978938371,20.823244552058114,413,60.69491525423729
841,imagine - remastered,john lennon,album rock,1971,76,26,55,-12,9,17,188,91,3,78,potencial_premium,q4_alto,1970,john lennon,imagine remastered,1,1,True,1,Baladas Acusticas,-2.9631831884317683,0.4533440885963576,20.823244552058114,413,60.69491525423729
842,riders on the storm,the doors,album rock,1971,104,72,55,-12,11,72,435,25,3,74,potencial_premium,q4_alto,1970,the doors,riders on the storm,1,1,True,0,Canciones Energeticas,0.052582446277294165,1.4324290807072342,20.823244552058114,413,60.69491525423729
843,echoes,pink floyd,album rock,1971,134,32,28,-17,11,14,1412,37,4,58,rendimiento_medio,q2_medio_bajo,1970,pink floyd,echoes,1,1,True,1,Baladas Acusticas,-3.0337448965100444,-0.34782818643309615,20.823244552058114,413,60.69491525423729
844,vincent,don mclean,adult standards,1971,92,9,42,-19,34,46,243,91,4,69,rendimiento_medio,q3_medio_alto,1970,don mclean,vincent,0,0,False,1,Baladas Acusticas,-4.161186071816401,1.3681631165954862,20.32520325203252,123,62.577235772357724
845,me and bobby mcgee,janis joplin,blues rock,1971,93,46,45,-11,15,66,271,30,4,71,rendimiento_medio,q3_medio_alto,1970,janis joplin,me and bobby mcgee,0,0,False,1,Baladas Acusticas,-0.7952090004213593,0.9432165735168939,6.666666666666667,15,55.53333333333333
846,baba o'riley,the who,album rock,1971,117,72,49,-8,29,15,300,31,4,77,potencial_premium,q4_alto,1970,the who,baba o riley,0,0,False,0,Canciones Energeticas,-0.3518066225798709,-0.5158595963347461,20.823244552058114,413,60.69491525423729
847,life on mars? - 2015 remaster,david bowie,album rock,1971,123,38,44,-15,5,22,236,64,4,71,rendimiento_medio,q3_medio_alto,1970,david bowie,life on mars 2015 remaster,3,3,True,1,Baladas Acusticas,-2.7101246542276325,0.31390687339006934,20.823244552058114,413,60.69491525423729
848,i am...i said - single version,neil diamond,adult standards,1971,91,38,25,-14,11,51,213,14,3,60,rendimiento_medio,q2_medio_bajo,1970,neil diamond,i am i said single version,0,0,False,1,Baladas Acusticas,-1.6418139290782139,0.0925176948020803,20.32520325203252,123,62.577235772357724
849,ain't no sunshine,bill withers,classic soul,1971,80,42,48,-11,12,51,125,46,12,76,potencial_premium,q4_alto,1970,bill withers,ain t no sunshine,0,0,False,1,Baladas Acusticas,-1.3190030869237843,0.7482284210520627,36.36363636363637,11,69.0909090909091
850,wild horses,the rolling stones,album rock,1971,140,39,43,-7,8,16,342,69,3,72,potencial_premium,q4_alto,1970,the rolling stones,wild horses,3,3,True,1,Baladas Acusticas,-1.7754391960188174,-0.5637150014431478,20.823244552058114,413,60.69491525423729
851,l.a. woman,the doors,album rock,1971,171,73,35,-9,12,70,471,8,4,67,rendimiento_medio,q3_medio_alto,1970,the doors,l a woman,1,1,True,0,Canciones Energeticas,0.44300386406495645,0.33437549956971585,20.823244552058114,413,60.69491525423729
852,what's going on,marvin gaye,classic soul,1971,203,82,27,-6,36,81,233,10,10,69,rendimiento_medio,q3_medio_alto,1970,marvin gaye,what s going on,2,2,True,0,Canciones Energeticas,1.0766934611080075,0.01949745061321132,36.36363636363637,11,69.0909090909091
853,halo of flies,alice cooper,album rock,1971,122,57,39,-13,9,40,502,39,5,44,zona_critica,q1_bajo,1970,alice cooper,halo of flies,0,0,False,1,Baladas Acusticas,-1.3677713174179142,0.25069890498787,20.823244552058114,413,60.69491525423729
854,american pie,don mclean,adult standards,1971,138,48,53,-12,8,49,517,70,6,74,potencial_premium,q4_alto,1970,don mclean,american pie,0,0,False,1,Baladas Acusticas,-1.6503400521846119,1.019349132519685,20.32520325203252,123,62.577235772357724
855,tiny dancer,elton john,glam rock,1971,145,43,41,-11,15,28,377,38,3,79,potencial_premium,q4_alto,1970,elton john,tiny dancer,2,2,True,1,Baladas Acusticas,-1.5709116892526416,-0.09748254700750233,18.367346938775512,49,58.714285714285715
856,morning has broken,yusuf / cat stevens,british folk,1971,133,32,42,-13,9,41,200,62,3,68,rendimiento_medio,q3_medio_alto,1970,yusuf cat stevens,morning has broken,0,0,False,1,Baladas Acusticas,-2.337225284797107,0.5454656394012576,25.0,4,64.25
857,one way wind,the cats,classic uk pop,1971,109,65,65,-10,18,72,221,4,2,54,rendimiento_medio,q2_medio_bajo,1970,the cats,one way wind,0,0,False,0,Canciones Energeticas,0.6414063221754804,1.5845120067641214,4.545454545454546,22,45.77272727272727
858,one of these days,pink floyd,album rock,1971,104,51,38,-15,54,40,355,1,5,55,rendimiento_medio,q2_medio_bajo,1970,pink floyd,one of these days,1,1,True,1,Baladas Acusticas,-1.1783842266739948,0.2996084366365412,20.823244552058114,413,60.69491525423729
859,nothing rhymed,gilbert o'sullivan,adult standards,1971,175,59,23,-9,13,55,204,31,4,35,zona_critica,q1_bajo,1970,gilbert o sullivan,nothing rhymed,0,0,False,1,Baladas Acusticas,-0.6791875733296264,-0.3505507736741115,20.32520325203252,123,62.577235772357724
860,brown sugar - remastered,the rolling stones,album rock,1971,129,93,63,-4,6,96,229,22,3,71,rendimiento_medio,q3_medio_alto,1970,the rolling stones,brown sugar remastered,3,3,True,0,Canciones Energeticas,2.1701959719820465,1.5196136974143273,20.823244552058114,413,60.69491525423729
861,you've got a friend,carole king,adult standards,1971,169,26,47,-11,12,46,309,88,3,68,rendimiento_medio,q3_medio_alto,1970,carole king,you ve got a friend,3,3,True,1,Baladas Acusticas,-2.5110406109840278,0.7735013611348379,20.32520325203252,123,62.577235772357724
862,locomotive breath,jethro tull,album rock,1971,125,53,68,-13,6,35,266,42,9,60,rendimiento_medio,q2_medio_bajo,1970,jethro tull,locomotive breath,1,1,True,1,Baladas Acusticas,-1.154536732490196,1.2109686712504928,20.823244552058114,413,60.69491525423729
863,she flies on strange wings,golden earring,album rock,1971,131,70,32,-8,11,25,443,2,4,37,zona_critica,q1_bajo,1970,golden earring,she flies on strange wings,0,0,False,0,Canciones Energeticas,-0.04264334310287643,-0.970905516469287,20.823244552058114,413,60.69491525423729
864,changes - 2015 remaster,david bowie,album rock,1971,115,31,55,-12,11,41,218,51,4,66,rendimiento_medio,q3_medio_alto,1970,david bowie,changes 2015 remaster,3,3,True,1,Baladas Acusticas,-1.850527873517043,0.9028929582379012,20.823244552058114,413,60.69491525423729
865,mercedes benz,janis joplin,blues rock,1971,87,11,70,-15,7,52,108,94,55,58,rendimiento_medio,q2_medio_bajo,1970,janis joplin,mercedes benz,0,0,False,1,Baladas Acusticas,-3.1182125927342503,2.1860779255196965,6.666666666666667,15,55.53333333333333
866,honky tonk women - mono version,the rolling stones,album rock,1971,120,78,56,-7,7,97,179,36,6,67,rendimiento_medio,q3_medio_alto,1970,the rolling stones,honky tonk women mono version,3,3,True,0,Canciones Energeticas,1.0516731204579062,1.650112876207595,20.823244552058114,413,60.69491525423729
867,you've got a friend,james taylor,adult standards,1971,92,28,70,-15,8,45,269,68,3,68,rendimiento_medio,q3_medio_alto,1970,james taylor,you ve got a friend,4,4,True,1,Baladas Acusticas,-2.3406231140914215,1.8746884499070133,20.32520325203252,123,62.577235772357724
868,cry baby,janis joplin,blues rock,1971,83,42,47,-10,5,50,239,52,3,66,rendimiento_medio,q3_medio_alto,1970,janis joplin,cry baby,0,0,False,1,Baladas Acusticas,-1.3110280236074974,0.6169224230391683,6.666666666666667,15,55.53333333333333
869,storm and thunder,earth & fire,classic uk pop,1971,133,33,27,-11,13,6,388,5,4,24,zona_critica,q1_bajo,1970,earth fire,storm and thunder,0,0,False,1,Baladas Acusticas,-1.7830050770792807,-1.2081265070214595,4.545454545454546,22,45.77272727272727
870,roundabout - 2003 remaster,yes,album rock,1971,133,76,41,-9,8,39,511,7,7,66,rendimiento_medio,q3_medio_alto,1970,yes,roundabout 2003 remaster,1,1,True,0,Canciones Energeticas,0.21411656805748355,-0.21890522814083233,20.823244552058114,413,60.69491525423729
871,maggie may,rod stewart,adult standards,1971,129,57,61,-11,7,54,350,56,4,72,potencial_premium,q4_alto,1970,rod stewart,maggie may,1,1,True,1,Baladas Acusticas,-0.8636658181387105,1.2706674151316828,20.32520325203252,123,62.577235772357724
872,won't get fooled again - original album version,the who,album rock,1971,135,92,69,-6,8,23,511,30,6,65,rendimiento_medio,q3_medio_alto,1970,the who,won t get fooled again original album version,0,0,False,0,Canciones Energeticas,0.8579923576399227,0.15689168373208165,20.823244552058114,413,60.69491525423729
873,after midnight,j.j. cale,blues,1971,96,31,69,-19,9,52,144,17,4,62,rendimiento_medio,q2_medio_bajo,1970,j j cale,after midnight,0,0,False,1,Baladas Acusticas,-1.8814613055472482,2.199285552751293,0.0,8,59.125
874,give up your guns,the buoys,alternative pop rock,1971,131,50,42,-13,20,66,254,48,3,39,zona_critica,q1_bajo,1970,the buoys,give up your guns,0,0,False,1,Baladas Acusticas,-1.3072111663810786,1.0488714655159626,0.0,7,49.714285714285715
875,love her madly,the doors,album rock,1971,147,59,56,-7,4,97,198,6,3,67,rendimiento_medio,q3_medio_alto,1970,the doors,love her madly,1,1,True,0,Canciones Energeticas,1.0590773939754672,1.6309635061843593,20.823244552058114,413,60.69491525423729
876,rock and roll - remaster,led zeppelin,album rock,1971,170,89,32,-7,9,87,221,0,4,67,rendimiento_medio,q3_medio_alto,1970,led zeppelin,rock and roll remaster,1,1,True,0,Canciones Energeticas,1.4421642040312992,0.3814116613763792,20.823244552058114,413,60.69491525423729
877,black dog - remaster,led zeppelin,album rock,1971,81,86,44,-8,24,75,295,40,9,73,potencial_premium,q4_alto,1970,led zeppelin,black dog remaster,1,1,True,0,Canciones Energeticas,0.5841473383673729,0.7443644937981971,20.823244552058114,413,60.69491525423729
878,call me the breeze,j.j. cale,blues,1971,92,42,81,-15,10,84,157,75,4,58,rendimiento_medio,q2_medio_bajo,1970,j j cale,call me the breeze,0,0,False,1,Baladas Acusticas,-1.4120849851480268,3.199476984676465,0.0,8,59.125
879,famous blue raincoat,leonard cohen,canadian folk,1971,119,4,47,-22,11,18,311,95,4,63,rendimiento_medio,q3_medio_alto,1970,leonard cohen,famous blue raincoat,1,1,True,1,Baladas Acusticas,-5.0622008062945145,1.1607481672562345,0.0,7,60.857142857142854
880,behind blue eyes,the who,album rock,1971,127,62,39,-8,9,34,221,21,3,71,rendimiento_medio,q3_medio_alto,1970,the who,behind blue eyes,0,0,False,0,Canciones Energeticas,-0.34046443487090244,-0.40906731088091436,20.823244552058114,413,60.69491525423729
881,yours is no disgrace - 2003 remaster,yes,album rock,1971,141,63,41,-10,51,80,581,0,6,43,zona_critica,q1_bajo,1970,yes,yours is no disgrace 2003 remaster,1,1,True,0,Canciones Energeticas,0.40437517446454424,0.8993680667777567,20.823244552058114,413,60.69491525423729
882,see emily play,pink floyd,album rock,1971,124,71,46,-9,13,41,174,21,4,50,rendimiento_medio,q2_medio_bajo,1970,pink floyd,see emily play,1,1,True,0,Canciones Energeticas,-0.0462144714333991,0.07271681724211668,20.823244552058114,413,60.69491525423729
883,smoke on the water,deep purple,album rock,1972,114,59,63,-11,5,89,342,10,3,64,rendimiento_medio,q3_medio_alto,1970,deep purple,smoke on the water,0,0,False,0,Canciones Energeticas,0.45874808421948327,2.027861112624828,20.823244552058114,413,60.69491525423729
884,perfect day,lou reed,art rock,1972,145,27,40,-12,10,9,225,74,3,69,rendimiento_medio,q3_medio_alto,1970,lou reed,perfect day,1,1,True,1,Baladas Acusticas,-2.974085030620892,-0.37201303595837937,15.0,40,60.2
885,"rocket man (i think it's going to be a long, long time)",elton john,glam rock,1972,137,53,60,-9,9,34,282,43,3,82,potencial_premium,q4_alto,1970,elton john,rocket man i think it s going to be a long long time,2,2,True,1,Baladas Acusticas,-0.7491614367184298,0.5169397584746621,18.367346938775512,49,58.714285714285715
886,heart of gold - 2009 remaster,neil young,album rock,1972,171,46,54,-10,10,80,187,19,3,71,rendimiento_medio,q3_medio_alto,1970,neil young,heart of gold 2009 remaster,0,0,False,0,Canciones Energeticas,-0.14470916082043342,1.46568626650516,20.823244552058114,413,60.69491525423729
887,starman - 2012 remaster,david bowie,album rock,1972,100,45,49,-10,54,55,254,17,3,74,potencial_premium,q4_alto,1970,david bowie,starman 2012 remaster,3,3,True,1,Baladas Acusticas,-0.5446526823728914,0.6693226169868048,20.823244552058114,413,60.69491525423729
888,take it easy - 2013 remaster,eagles,album rock,1972,139,67,57,-10,13,74,212,34,3,75,potencial_premium,q4_alto,1970,eagles,take it easy 2013 remaster,5,5,True,0,Canciones Energeticas,0.11352927848499911,1.395571834513691,20.823244552058114,413,60.69491525423729
889,a horse with no name,america,album rock,1972,123,51,65,-17,16,83,252,69,5,77,potencial_premium,q4_alto,1970,america,a horse with no name,0,0,False,1,Baladas Acusticas,-1.5924511892678954,2.688426211648217,20.823244552058114,413,60.69491525423729
890,time in a bottle,jim croce,adult standards,1972,134,26,54,-12,15,64,148,85,3,58,rendimiento_medio,q2_medio_bajo,1970,jim croce,time in a bottle,0,0,False,1,Baladas Acusticas,-2.24165582305393,1.5209868816142302,20.32520325203252,123,62.577235772357724
891,lola - live,the kinks,album rock,1972,134,51,45,-16,72,56,102,13,6,29,zona_critica,q1_bajo,1970,the kinks,lola live,0,0,False,1,Baladas Acusticas,-1.18466789226735,1.0428208099741825,20.823244552058114,413,60.69491525423729
892,easy livin',uriah heep,album rock,1972,161,84,26,-7,28,46,157,0,10,56,rendimiento_medio,q2_medio_bajo,1970,uriah heep,easy livin,0,0,False,0,Canciones Energeticas,0.6892394868544449,-0.8498011112399935,20.823244552058114,413,60.69491525423729
893,ben - single version,michael jackson,pop,1972,136,16,44,-11,11,29,167,91,3,53,rendimiento_medio,q2_medio_bajo,1970,michael jackson,ben single version,9,9,True,1,Baladas Acusticas,-3.0787459783936906,0.2662940061877716,42.5531914893617,47,67.61702127659575
894,walk on the wild side,lou reed,art rock,1972,105,32,57,-17,9,39,254,68,11,75,potencial_premium,q4_alto,1970,lou reed,walk on the wild side,1,1,True,1,Baladas Acusticas,-2.771498971332794,1.3871899571043496,15.0,40,60.2
895,she's a rainbow - full version / with intro,the rolling stones,album rock,1972,109,78,45,-9,34,51,252,44,4,55,rendimiento_medio,q2_medio_bajo,1970,the rolling stones,she s a rainbow full version with intro,3,3,True,0,Canciones Energeticas,-0.11778375153180909,0.2957627729160466,20.823244552058114,413,60.69491525423729
896,you're so vain,carly simon,adult standards,1972,106,68,66,-8,8,65,258,16,3,75,potencial_premium,q4_alto,1970,carly simon,you re so vain,0,0,False,0,Canciones Energeticas,0.7244591102478399,1.2703813282156156,20.32520325203252,123,62.577235772357724
897,ziggy stardust - 2012 remaster,david bowie,album rock,1972,161,56,44,-12,21,50,194,5,12,64,rendimiento_medio,q3_medio_alto,1970,david bowie,ziggy stardust 2012 remaster,3,3,True,1,Baladas Acusticas,-0.4741549510427839,0.46449946544116866,20.823244552058114,413,60.69491525423729
898,whiskey in the jar,thin lizzy,album rock,1972,128,69,56,-11,20,75,345,53,4,63,rendimiento_medio,q3_medio_alto,1970,thin lizzy,whiskey in the jar,0,0,False,0,Canciones Energeticas,-0.2877362756403335,1.520883847320143,20.823244552058114,413,60.69491525423729
899,listen to the music,the doobie brothers,album rock,1972,106,60,65,-13,7,91,227,22,3,75,potencial_premium,q4_alto,1970,the doobie brothers,listen to the music,2,2,True,0,Canciones Energeticas,0.07013897124086543,2.358220709319593,20.823244552058114,413,60.69491525423729
900,top of the world,carpenters,adult standards,1972,184,34,38,-13,10,69,179,81,4,65,rendimiento_medio,q3_medio_alto,1970,carpenters,top of the world,2,2,True,1,Baladas Acusticas,-2.276758646340576,1.105833147192357,20.32520325203252,123,62.577235772357724
901,school's out,alice cooper,album rock,1972,134,75,29,-9,68,35,210,5,5,66,rendimiento_medio,q3_medio_alto,1970,alice cooper,school s out,0,0,False,0,Canciones Energeticas,0.0005201355460515407,-0.7848431606911555,20.823244552058114,413,60.69491525423729
902,a thing called love,johnny cash,arkansas country,1972,156,50,53,-11,26,79,153,48,3,54,rendimiento_medio,q2_medio_bajo,1970,johnny cash,a thing called love,8,8,True,1,Baladas Acusticas,-0.6869724727246038,1.5644576169293447,11.11111111111111,9,52.0
903,harvest - 2009 remaster,neil young,album rock,1972,86,22,54,-18,11,31,189,74,4,51,rendimiento_medio,q2_medio_bajo,1970,neil young,harvest 2009 remaster,0,0,False,1,Baladas Acusticas,-3.416457777988663,1.2249313975656608,20.823244552058114,413,60.69491525423729
904,sylvia's mother,dr. hook,bubblegum pop,1972,167,47,30,-13,34,58,228,69,5,58,rendimiento_medio,q2_medio_bajo,1970,dr hook,sylvia s mother,0,0,False,1,Baladas Acusticas,-2.007572484302137,0.4609348935652642,0.0,3,52.0
905,"close to the edge (i. the solid time of change, ii. total mass retain, iii. i get up i get down, iv. seasons of man) - 2003 remaster",yes,album rock,1972,81,60,22,-11,41,25,1121,27,6,47,zona_critica,q1_bajo,1970,yes,close to the edge i the solid time of change ii total mass retain iii i get up i get down iv seasons of man 2003 remaster,1,1,True,1,Baladas Acusticas,-1.2613828596564107,-0.9877984723639555,20.823244552058114,413,60.69491525423729
906,ventura highway,america,album rock,1972,131,58,67,-10,6,82,211,22,3,69,rendimiento_medio,q3_medio_alto,1970,america,ventura highway,0,0,False,0,Canciones Energeticas,0.336066152786132,1.953903549219465,20.823244552058114,413,60.69491525423729
907,witchy woman - eagles 2013 remaster,eagles,album rock,1972,99,57,56,-12,12,58,251,36,3,56,rendimiento_medio,q2_medio_bajo,1970,eagles,witchy woman eagles 2013 remaster,5,5,True,1,Baladas Acusticas,-0.6774522700837236,1.1869322668289666,20.823244552058114,413,60.69491525423729
908,song sung blue - single version,neil diamond,adult standards,1972,109,33,56,-16,32,33,195,47,3,54,rendimiento_medio,q2_medio_bajo,1970,neil diamond,song sung blue single version,0,0,False,1,Baladas Acusticas,-2.355938987479708,1.0495147217703087,20.32520325203252,123,62.577235772357724
909,sylvia,focus,album rock,1972,109,78,44,-5,14,61,212,14,3,47,zona_critica,q1_bajo,1970,focus,sylvia,0,0,False,0,Canciones Energeticas,1.0417957171728411,0.06179939866472931,20.823244552058114,413,60.69491525423729
910,peaceful easy feeling - eagles 2013 remaster,eagles,album rock,1972,143,63,57,-12,25,87,258,49,3,65,rendimiento_medio,q3_medio_alto,1970,eagles,peaceful easy feeling eagles 2013 remaster,5,5,True,0,Canciones Energeticas,-0.3374943366482835,1.9493722249040957,20.823244552058114,413,60.69491525423729
911,do it again,steely dan,album rock,1972,125,54,68,-10,6,96,357,22,3,69,rendimiento_medio,q3_medio_alto,1970,steely dan,do it again,3,3,True,0,Canciones Energeticas,0.4339929532371986,2.3476458979517854,20.823244552058114,413,60.69491525423729
912,radar love,golden earring,album rock,1973,102,72,50,-9,8,18,387,1,4,57,rendimiento_medio,q2_medio_bajo,1970,golden earring,radar love,0,0,False,0,Canciones Energeticas,0.08807754272046264,-0.46241849085452363,20.823244552058114,413,60.69491525423729
913,angie,the rolling stones,album rock,1973,136,55,43,-6,11,41,272,67,3,72,potencial_premium,q4_alto,1970,the rolling stones,angie,3,3,True,1,Baladas Acusticas,-0.8377308078086927,-0.1607446007534765,20.823244552058114,413,60.69491525423729
914,desperado - 2013 remaster,eagles,album rock,1973,60,22,23,-13,27,18,214,95,3,66,rendimiento_medio,q3_medio_alto,1970,eagles,desperado 2013 remaster,5,5,True,1,Baladas Acusticas,-3.710338392312773,-0.6310940214961818,20.823244552058114,413,60.69491525423729
915,dream on,aerosmith,album rock,1973,161,43,31,-10,33,22,267,39,3,78,potencial_premium,q4_alto,1970,aerosmith,dream on,4,4,True,1,Baladas Acusticas,-1.6580425009058508,-0.7499449399142044,20.823244552058114,413,60.69491525423729
916,time,pink floyd,album rock,1973,120,48,36,-12,18,36,414,52,8,70,rendimiento_medio,q3_medio_alto,1970,pink floyd,time,1,1,True,1,Baladas Acusticas,-1.7554774495704184,-0.0283001515528409,20.823244552058114,413,60.69491525423729
917,free bird,lynyrd skynyrd,album rock,1973,117,85,28,-8,6,44,559,1,5,71,rendimiento_medio,q3_medio_alto,1970,lynyrd skynyrd,free bird,0,0,False,0,Canciones Energeticas,0.5772499333668403,-0.7658961187206463,20.823244552058114,413,60.69491525423729
918,money,pink floyd,album rock,1973,124,54,47,-10,27,78,383,2,15,73,potencial_premium,q4_alto,1970,pink floyd,money,1,1,True,0,Canciones Energeticas,0.22443687869861118,1.053357702832868,20.823244552058114,413,60.69491525423729
919,always on my mind,elvis presley,adult standards,1973,181,39,36,-14,12,50,218,75,3,61,rendimiento_medio,q2_medio_bajo,1970,elvis presley,always on my mind,3,3,True,1,Baladas Acusticas,-2.4551542566489863,0.5922355655990768,20.32520325203252,123,62.577235772357724
920,the great gig in the sky,pink floyd,album rock,1973,116,22,28,-14,8,18,284,77,3,66,rendimiento_medio,q3_medio_alto,1970,pink floyd,the great gig in the sky,1,1,True,1,Baladas Acusticas,-3.472669480447361,-0.4139171284161221,20.823244552058114,413,60.69491525423729
921,la grange - 2005 remaster,zz top,album rock,1973,81,64,55,-10,20,61,230,0,22,74,potencial_premium,q4_alto,1970,zz top,la grange 2005 remaster,0,0,False,0,Canciones Energeticas,0.4090980720686989,0.8867424087507353,20.823244552058114,413,60.69491525423729
922,"leaving, on a jet plane - ""greatest hits"" version",john denver,adult standards,1973,121,19,41,-13,11,63,246,85,3,64,rendimiento_medio,q3_medio_alto,1970,john denver,leaving on a jet plane greatest hits version,1,1,True,1,Baladas Acusticas,-2.7542538239455614,1.1082177593189617,20.32520325203252,123,62.577235772357724
923,us and them,pink floyd,album rock,1973,73,30,36,-15,63,13,469,86,3,65,rendimiento_medio,q3_medio_alto,1970,pink floyd,us and them,1,1,True,1,Baladas Acusticas,-3.498441147691069,-0.15867576008047266,20.823244552058114,413,60.69491525423729
924,firth of fifth - new stereo mix,genesis,album rock,1973,85,60,27,-10,19,29,575,2,4,41,zona_critica,q1_bajo,1970,genesis,firth of fifth new stereo mix,1,1,True,1,Baladas Acusticas,-0.571217253288208,-0.8976690544538797,20.823244552058114,413,60.69491525423729
925,band on the run - remastered 2010,paul mccartney,album rock,1973,125,60,48,-9,11,67,313,8,3,71,rendimiento_medio,q3_medio_alto,1970,paul mccartney,band on the run remastered 2010,4,4,True,0,Canciones Energeticas,0.2841497416398772,0.728310242462123,20.823244552058114,413,60.69491525423729
926,sebastian - 2012 remaster,steve harley & cockney rebel,classic uk pop,1973,140,24,25,-14,7,21,421,68,3,46,zona_critica,q1_bajo,1970,steve harley cockney rebel,sebastian 2012 remaster,0,0,False,1,Baladas Acusticas,-3.2764435500297053,-0.48424598618213527,4.545454545454546,22,45.77272727272727
927,tequila sunrise - 2013 remaster,eagles,album rock,1973,111,40,63,-13,11,73,173,54,3,62,rendimiento_medio,q2_medio_bajo,1970,eagles,tequila sunrise 2013 remaster,5,5,True,1,Baladas Acusticas,-1.235714445867753,1.9863091248296927,20.823244552058114,413,60.69491525423729
928,knockin' on heaven's door - remastered,bob dylan,album rock,1973,140,40,51,-13,11,23,150,25,3,74,potencial_premium,q4_alto,1970,bob dylan,knockin on heaven s door remastered,9,9,True,1,Baladas Acusticas,-1.5987139906904853,0.23875508909741874,20.823244552058114,413,60.69491525423729
929,burning love,elvis presley,adult standards,1973,144,75,66,-11,28,97,170,10,3,68,rendimiento_medio,q3_medio_alto,1970,elvis presley,burning love,3,3,True,0,Canciones Energeticas,1.0345924442645165,2.2463441913318545,20.32520325203252,123,62.577235772357724
930,goodbye yellow brick road - remastered 2014,elton john,glam rock,1973,121,47,56,-8,15,40,193,45,3,68,rendimiento_medio,q3_medio_alto,1970,elton john,goodbye yellow brick road remastered 2014,2,2,True,1,Baladas Acusticas,-0.7699803471150385,0.4298970111848673,18.367346938775512,49,58.714285714285715
931,midnight train to georgia,gladys knight & the pips,brill building pop,1973,92,38,59,-12,10,45,279,27,5,67,rendimiento_medio,q3_medio_alto,1970,gladys knight the pips,midnight train to georgia,3,3,True,1,Baladas Acusticas,-1.1355596629822686,0.9941584396919011,16.666666666666664,6,60.0
932,daniel,elton john,glam rock,1973,132,48,69,-12,9,90,235,38,3,65,rendimiento_medio,q3_medio_alto,1970,elton john,daniel,2,2,True,0,Canciones Energeticas,-0.3118235929983662,2.4558779320994533,18.367346938775512,49,58.714285714285715
933,the joker,steve miller band,album rock,1973,83,45,60,-10,21,80,265,37,4,75,potencial_premium,q4_alto,1970,steve miller band,the joker,0,0,False,1,Baladas Acusticas,-0.36845713748587944,1.7143624674620521,20.823244552058114,413,60.69491525423729
934,long train runnin',the doobie brothers,album rock,1973,117,91,57,-7,6,84,207,9,4,71,rendimiento_medio,q3_medio_alto,1970,the doobie brothers,long train runnin,2,2,True,0,Canciones Energeticas,1.7004011284295302,1.1849112240061932,20.823244552058114,413,60.69491525423729
935,i'll have to say i love you in a song,jim croce,adult standards,1973,134,51,51,-14,11,70,152,78,3,53,rendimiento_medio,q2_medio_bajo,1970,jim croce,i ll have to say i love you in a song,0,0,False,1,Baladas Acusticas,-1.7049890387787394,1.593785722469169,20.32520325203252,123,62.577235772357724
936,the jean genie - 2013 remaster,david bowie,album rock,1973,128,57,58,-9,36,82,248,38,3,64,rendimiento_medio,q3_medio_alto,1970,david bowie,the jean genie 2013 remaster,3,3,True,0,Canciones Energeticas,0.05744849439714905,1.560739152203654,20.823244552058114,413,60.69491525423729
937,merry xmas everybody,slade,album rock,1973,130,80,41,-3,18,47,223,22,4,76,potencial_premium,q4_alto,1970,slade,merry xmas everybody,0,0,False,0,Canciones Energeticas,1.0125748109706116,-0.5778284257356083,20.823244552058114,413,60.69491525423729
938,woman from tokyo,deep purple,album rock,1973,127,54,58,-13,12,42,349,14,4,37,zona_critica,q1_bajo,1970,deep purple,woman from tokyo,0,0,False,1,Baladas Acusticas,-0.6971711398329368,0.8746818657271128,20.823244552058114,413,60.69491525423729
939,don't let me down - remastered 2009,the beatles,british invasion,1973,77,29,59,-11,9,73,216,57,3,68,rendimiento_medio,q3_medio_alto,1970,the beatles,don t let me down remastered 2009,8,8,True,1,Baladas Acusticas,-1.3576625500968045,1.713417405768772,27.77777777777778,36,68.08333333333333
940,let's get it on,marvin gaye,classic soul,1973,168,60,54,-11,8,64,291,4,5,69,rendimiento_medio,q3_medio_alto,1970,marvin gaye,let s get it on,2,2,True,0,Canciones Energeticas,0.12854228096034248,1.0384802889737503,36.36363636363637,11,69.0909090909091
941,school,supertramp,album rock,1974,90,47,37,-15,7,5,335,54,8,63,rendimiento_medio,q3_medio_alto,1970,supertramp,school,0,0,False,1,Baladas Acusticas,-2.6082312736775,-0.5035476639395854,20.823244552058114,413,60.69491525423729
942,jolene,dolly parton,classic country pop,1974,111,54,67,-11,13,81,162,57,4,74,potencial_premium,q4_alto,1970,dolly parton,jolene,4,4,True,1,Baladas Acusticas,-0.47474417154474763,2.0812367062120787,40.0,5,67.8
943,killer queen - 2011 mix,queen,glam rock,1974,117,65,54,-6,14,61,180,38,6,67,rendimiento_medio,q3_medio_alto,1970,queen,killer queen 2011 mix,0,0,False,0,Canciones Energeticas,0.3437660085749748,0.5792105213331931,18.367346938775512,49,58.714285714285715
944,sweet home alabama,lynyrd skynyrd,album rock,1974,98,61,60,-12,9,89,284,18,3,82,potencial_premium,q4_alto,1970,lynyrd skynyrd,sweet home alabama,0,0,False,0,Canciones Energeticas,0.21971850325400188,1.967594168543649,20.823244552058114,413,60.69491525423729
945,waterloo,abba,europop,1974,148,93,44,-5,24,78,169,42,5,58,rendimiento_medio,q2_medio_bajo,1970,abba,waterloo,0,0,False,0,Canciones Energeticas,1.2132794893714067,0.4502610614073708,14.814814814814813,27,56.7037037037037
946,annie's song,john denver,adult standards,1974,146,31,30,-11,37,46,181,87,3,69,rendimiento_medio,q3_medio_alto,1970,john denver,annie s song,1,1,True,1,Baladas Acusticas,-2.584929044869201,0.04831986196158181,20.32520325203252,123,62.577235772357724
947,dreamer,supertramp,album rock,1974,148,41,66,-14,8,83,213,86,7,59,rendimiento_medio,q2_medio_bajo,1970,supertramp,dreamer,0,0,False,1,Baladas Acusticas,-1.6877968152659526,2.4925413192329193,20.823244552058114,413,60.69491525423729
948,you are so beautiful,joe cocker,album rock,1974,83,18,30,-11,13,9,160,85,3,57,rendimiento_medio,q2_medio_bajo,1970,joe cocker,you are so beautiful,0,0,False,1,Baladas Acusticas,-3.37984430546381,-0.814710880389577,20.823244552058114,413,60.69491525423729
949,my boy,elvis presley,adult standards,1974,92,53,39,-12,61,37,199,59,3,42,zona_critica,q1_bajo,1970,elvis presley,my boy,3,3,True,1,Baladas Acusticas,-1.6731016393796594,0.08040242880677798,20.32520325203252,123,62.577235772357724
950,rebel rebel - 2016 remaster,david bowie,album rock,1974,126,69,64,-16,28,46,275,21,5,74,potencial_premium,q4_alto,1970,david bowie,rebel rebel 2016 remaster,3,3,True,1,Baladas Acusticas,-0.6793201114864202,1.3939610302034788,20.823244552058114,413,60.69491525423729
951,crime of the century,supertramp,album rock,1974,123,42,40,-14,7,23,333,10,5,43,zona_critica,q1_bajo,1970,supertramp,crime of the century,0,0,False,1,Baladas Acusticas,-1.5866586375980667,-0.1544053319031616,20.823244552058114,413,60.69491525423729
952,autobahn - 2009 remaster,kraftwerk,dance rock,1974,82,50,33,-16,13,11,1367,11,4,48,zona_critica,q1_bajo,1970,kraftwerk,autobahn 2009 remaster,1,1,True,1,Baladas Acusticas,-1.9324936205701355,-0.553712132843326,15.384615384615385,52,59.38461538461539
953,i will always love you,dolly parton,classic country pop,1974,136,14,45,-13,10,16,176,96,3,61,rendimiento_medio,q2_medio_bajo,1970,dolly parton,i will always love you,4,4,True,1,Baladas Acusticas,-3.620390903616123,0.12810987856172842,40.0,5,67.8
954,thank god i'm a country boy,john denver,adult standards,1974,106,54,76,-10,6,96,193,79,5,64,rendimiento_medio,q3_medio_alto,1970,john denver,thank god i m a country boy,1,1,True,1,Baladas Acusticas,-0.3702336448743641,2.7540715736805987,20.32520325203252,123,62.577235772357724
955,the air that i breathe - 2008 remaster,the hollies,adult standards,1974,168,47,28,-8,16,25,257,24,3,66,rendimiento_medio,q3_medio_alto,1970,the hollies,the air that i breathe 2008 remaster,0,0,False,1,Baladas Acusticas,-1.0275006525239063,-1.0495748030889978,20.32520325203252,123,62.577235772357724
956,love is all,roger glover,hard rock,1974,112,81,60,-5,85,77,197,63,5,48,zona_critica,q1_bajo,1970,roger glover,love is all,0,0,False,0,Canciones Energeticas,0.7802149693334804,1.1168237381633745,0.0,1,48.0
957,hide in your shell,supertramp,album rock,1974,112,36,48,-13,30,32,410,47,4,43,zona_critica,q1_bajo,1970,supertramp,hide in your shell,0,0,False,1,Baladas Acusticas,-1.980932565099243,0.40195010309174484,20.823244552058114,413,60.69491525423729
958,gute nacht freunde,reinhard mey,german pop,1974,100,25,55,-18,69,29,149,94,6,46,zona_critica,q1_bajo,1970,reinhard mey,gute nacht freunde,0,0,False,1,Baladas Acusticas,-3.6599787515617934,1.2056300814587344,11.11111111111111,9,49.666666666666664
959,fox on the run,sweet,album rock,1974,128,64,51,-12,9,83,208,17,4,55,rendimiento_medio,q2_medio_bajo,1970,sweet,fox on the run,0,0,False,0,Canciones Energeticas,0.09961146895565742,1.4781546917437023,20.823244552058114,413,60.69491525423729
960,you ain't seen nothing yet,bachman-turner overdrive,album rock,1974,118,44,48,-15,22,76,235,0,4,69,rendimiento_medio,q3_medio_alto,1970,bachman turner overdrive,you ain t seen nothing yet,0,0,False,1,Baladas Acusticas,-0.6800847124071417,1.4851985162075723,20.823244552058114,413,60.69491525423729
961,mandy,barry manilow,adult standards,1974,104,46,31,-9,14,32,213,42,3,69,rendimiento_medio,q3_medio_alto,1970,barry manilow,mandy,1,1,True,1,Baladas Acusticas,-1.3500880355345535,-0.6233419256906615,20.32520325203252,123,62.577235772357724
962,can't get it out of my head,electric light orchestra,album rock,1974,169,38,23,-14,13,33,261,75,3,51,rendimiento_medio,q2_medio_bajo,1970,electric light orchestra,can t get it out of my head,0,0,False,1,Baladas Acusticas,-2.8898828744480767,-0.32226143914655,20.823244552058114,413,60.69491525423729
963,the way we were,barbra streisand,adult standards,1974,138,32,26,-12,13,17,211,89,3,59,rendimiento_medio,q2_medio_bajo,1970,barbra streisand,the way we were,7,7,True,1,Baladas Acusticas,-3.1737679727109103,-0.7166629108088772,20.32520325203252,123,62.577235772357724
964,bohemian rhapsody - 2011 mix,queen,glam rock,1975,144,40,39,-10,24,23,354,29,5,77,potencial_premium,q4_alto,1970,queen,bohemian rhapsody 2011 mix,0,0,False,1,Baladas Acusticas,-1.4140024104903623,-0.507417304749164,18.367346938775512,49,58.714285714285715
965,love of my life - remastered 2011,queen,glam rock,1975,79,18,33,-12,12,26,217,94,3,62,rendimiento_medio,q2_medio_bajo,1970,queen,love of my life remastered 2011,0,0,False,1,Baladas Acusticas,-3.3827185495114955,-0.2020192275658371,18.367346938775512,49,58.714285714285715
966,shine on you crazy diamond (pts. 1-5),pink floyd,album rock,1975,138,29,27,-12,11,4,811,77,3,66,rendimiento_medio,q3_medio_alto,1970,pink floyd,shine on you crazy diamond pts 1 5,1,1,True,1,Baladas Acusticas,-3.1986959046789667,-1.0504667446275207,20.823244552058114,413,60.69491525423729
967,born to run,bruce springsteen,classic rock,1975,146,94,27,-4,12,61,270,1,10,73,potencial_premium,q4_alto,1970,bruce springsteen,born to run,13,13,True,0,Canciones Energeticas,1.5870720802195089,-0.8279066628373833,27.450980392156865,51,62.15686274509804
968,kashmir - 1990 remaster,led zeppelin,album rock,1975,81,54,48,-11,16,58,508,49,4,69,rendimiento_medio,q3_medio_alto,1970,led zeppelin,kashmir 1990 remaster,1,1,True,1,Baladas Acusticas,-0.9202262123565174,0.7733870608387305,20.823244552058114,413,60.69491525423729
969,"no woman, no cry - live at the lyceum, london/1975",bob marley & the wailers,reggae,1975,78,68,66,-9,73,59,428,27,6,70,rendimiento_medio,q3_medio_alto,1970,bob marley the wailers,no woman no cry live at the lyceum london 1975,0,0,False,0,Canciones Energeticas,0.36028174088989745,1.1615247806358338,62.5,8,69.875
970,one of these nights - 2013 remaster,eagles,album rock,1975,110,61,66,-10,8,77,292,6,3,69,rendimiento_medio,q3_medio_alto,1970,eagles,one of these nights 2013 remaster,5,5,True,0,Canciones Energeticas,0.6318757215940107,1.6533580000950499,20.823244552058114,413,60.69491525423729
971,mamma mia,abba,europop,1975,138,75,75,-7,44,83,215,29,3,63,rendimiento_medio,q3_medio_alto,1970,abba,mamma mia,0,0,False,0,Canciones Energeticas,1.2332475046581133,1.88094370236864,14.814814814814813,27,56.7037037037037
972,landslide,fleetwood mac,album rock,1975,159,16,41,-22,12,42,199,88,3,77,potencial_premium,q4_alto,1970,fleetwood mac,landslide,1,1,True,1,Baladas Acusticas,-4.360723530439056,1.352907161169025,20.823244552058114,413,60.69491525423729
973,thunder road,bruce springsteen,classic rock,1975,141,76,37,-6,53,66,289,62,4,66,rendimiento_medio,q3_medio_alto,1970,bruce springsteen,thunder road,13,13,True,0,Canciones Energeticas,0.05352617558412848,0.08394825350728599,27.450980392156865,51,62.15686274509804
974,i'm not in love,10cc,album rock,1975,134,52,40,-16,28,16,367,69,6,70,rendimiento_medio,q3_medio_alto,1970,10cc,i m not in love,0,0,False,1,Baladas Acusticas,-2.661439804715655,-0.03822559893162366,20.823244552058114,413,60.69491525423729
975,rhiannon,fleetwood mac,album rock,1975,129,49,72,-15,9,80,253,11,3,68,rendimiento_medio,q3_medio_alto,1970,fleetwood mac,rhiannon,1,1,True,0,Canciones Energeticas,-0.3107294286108611,2.4459664445927425,20.823244552058114,413,60.69491525423729
976,lyin' eyes - 2013 remaster,eagles,album rock,1975,133,67,67,-10,16,87,382,20,2,65,rendimiento_medio,q3_medio_alto,1970,eagles,lyin eyes 2013 remaster,5,5,True,0,Canciones Energeticas,0.7023870556848262,1.9540063736093294,20.823244552058114,413,60.69491525423729
977,you're my best friend - remastered 2011,queen,glam rock,1975,119,76,52,-7,7,58,171,16,5,61,rendimiento_medio,q2_medio_bajo,1970,queen,you re my best friend remastered 2011,0,0,False,0,Canciones Energeticas,0.7989064996509088,0.38721751969648266,18.367346938775512,49,58.714285714285715
978,jungleland,bruce springsteen,classic rock,1975,134,58,30,-6,7,18,576,37,3,51,rendimiento_medio,q2_medio_bajo,1970,bruce springsteen,jungleland,13,13,True,1,Baladas Acusticas,-0.7395126403419404,-1.3537527265444371,27.450980392156865,51,62.15686274509804
979,love hurts,nazareth,album rock,1975,80,33,49,-12,33,14,233,1,3,58,rendimiento_medio,q2_medio_bajo,1970,nazareth,love hurts,0,0,False,1,Baladas Acusticas,-1.3720459595207362,-0.24355881467836568,20.823244552058114,413,60.69491525423729
980,down down,status quo,album rock,1975,90,90,47,-7,29,21,325,11,3,53,rendimiento_medio,q2_medio_bajo,1970,status quo,down down,0,0,False,0,Canciones Energeticas,0.6764800429336115,-0.7669957311291745,20.823244552058114,413,60.69491525423729
981,sailing,rod stewart,adult standards,1975,129,37,43,-10,32,19,278,37,3,68,rendimiento_medio,q3_medio_alto,1970,rod stewart,sailing,1,1,True,1,Baladas Acusticas,-1.6178315613925194,-0.42432140783167543,20.32520325203252,123,62.577235772357724
982,39 - 2011 mix,queen,glam rock,1975,102,58,52,-10,11,34,211,3,3,52,rendimiento_medio,q2_medio_bajo,1970,queen,39 2011 mix,0,0,False,0,Canciones Energeticas,-0.1769974171220277,0.09247763847483284,18.367346938775512,49,58.714285714285715
983,calypso,john denver,adult standards,1975,180,43,22,-9,12,50,216,82,3,54,rendimiento_medio,q2_medio_bajo,1970,john denver,calypso,1,1,True,1,Baladas Acusticas,-1.9751396613127992,-0.4091842271360567,20.32520325203252,123,62.577235772357724
984,50 ways to leave your lover,paul simon,classic rock,1975,102,37,82,-13,8,29,217,17,8,69,rendimiento_medio,q3_medio_alto,1970,paul simon,50 ways to leave your lover,4,4,True,1,Baladas Acusticas,-0.9780178572108176,1.4493438556763323,27.450980392156865,51,62.15686274509804
985,it's a long way there - 2010 digital remaster,little river band,album rock,1975,89,59,39,-11,15,30,525,19,4,49,zona_critica,q1_bajo,1970,little river band,it s a long way there 2010 digital remaster,0,0,False,1,Baladas Acusticas,-0.7999427409033828,-0.3479123503898736,20.823244552058114,413,60.69491525423729
986,crazy on you,heart,album rock,1975,130,46,43,-12,13,38,293,12,3,65,rendimiento_medio,q3_medio_alto,1970,heart,crazy on you,0,0,False,1,Baladas Acusticas,-0.9891237854338655,0.10918413853746886,20.823244552058114,413,60.69491525423729
987,wij zullen doorgaan - 1975 single version,ramses shaffy,dutch cabaret,1975,81,25,25,-17,21,32,264,91,3,37,zona_critica,q1_bajo,1970,ramses shaffy,wij zullen doorgaan 1975 single version,0,0,False,1,Baladas Acusticas,-3.8708508680229303,0.05882730869029599,0.0,51,46.05882352941177
988,make me smile (come up and see me) - 2014 remaster,steve harley,classic uk pop,1975,141,82,57,-8,9,77,239,1,3,63,rendimiento_medio,q3_medio_alto,1970,steve harley,make me smile come up and see me 2014 remaster,0,0,False,0,Canciones Energeticas,1.3945664622401246,1.0559398971817096,4.545454545454546,22,45.77272727272727
989,house for sale,lucifer,j-core,1975,128,49,38,-9,40,20,281,22,3,37,zona_critica,q1_bajo,1970,lucifer,house for sale,0,0,False,1,Baladas Acusticas,-0.9843580910467243,-0.7595718711499352,0.0,1,37.0
990,s.o.s.,abba,europop,1975,125,70,42,-6,33,56,204,26,3,49,zona_critica,q1_bajo,1970,abba,s o s,0,0,False,0,Canciones Energeticas,0.4378563359902237,-0.06310816808400962,14.814814814814813,27,56.7037037037037
991,nights on broadway,bee gees,adult standards,1975,89,64,57,-9,86,61,271,24,4,53,rendimiento_medio,q2_medio_bajo,1970,bee gees,nights on broadway,2,2,True,0,Canciones Energeticas,0.1990569144153163,0.887668724450886,20.32520325203252,123,62.577235772357724
992,at seventeen - remastered,janis ian,classic uk pop,1975,125,27,62,-17,11,34,284,88,5,48,zona_critica,q1_bajo,1970,janis ian,at seventeen remastered,2,2,True,1,Baladas Acusticas,-3.1904659627158005,1.4424193119967152,4.545454545454546,22,45.77272727272727
993,take it to the limit - 2013 remaster,eagles,album rock,1975,91,42,44,-9,13,45,287,9,2,63,rendimiento_medio,q3_medio_alto,1970,eagles,take it to the limit 2013 remaster,5,5,True,1,Baladas Acusticas,-0.5270455635594051,0.05819197371779864,20.823244552058114,413,60.69491525423729
994,fame - 2016 remaster,david bowie,album rock,1975,95,56,79,-10,8,67,261,45,5,60,rendimiento_medio,q2_medio_bajo,1970,david bowie,fame 2016 remaster,3,3,True,0,Canciones Energeticas,-0.0838170808232992,2.0179630691292307,20.823244552058114,413,60.69491525423729
995,sex machine - pt. 1 & 2,james brown,funk,1975,106,96,68,-6,35,61,715,18,9,27,zona_critica,q1_bajo,1970,james brown,sex machine pt 1 2,2,2,True,0,Canciones Energeticas,1.6968172253824332,0.8887304731302862,15.384615384615385,13,57.46153846153846
996,show me the way,peter frampton,album rock,1975,130,73,70,-8,10,64,243,43,3,66,rendimiento_medio,q3_medio_alto,1970,peter frampton,show me the way,1,1,True,0,Canciones Energeticas,0.4858346016122301,1.3708589526057144,20.823244552058114,413,60.69491525423729
997,meeting across the river,bruce springsteen,classic rock,1975,105,29,46,-10,18,26,197,82,3,43,zona_critica,q1_bajo,1970,bruce springsteen,meeting across the river,13,13,True,1,Baladas Acusticas,-2.4336690504819156,0.019934614223754733,27.450980392156865,51,62.15686274509804
998,love is the drug,roxy music,album rock,1975,125,76,84,-5,3,60,251,6,9,60,rendimiento_medio,q2_medio_bajo,1970,roxy music,love is the drug,0,0,False,0,Canciones Energeticas,1.7408897377574872,1.39840911280224,20.823244552058114,413,60.69491525423729
999,still crazy after all these years,paul simon,classic rock,1975,37,25,27,-12,9,13,207,80,4,61,rendimiento_medio,q2_medio_bajo,1970,paul simon,still crazy after all these years,4,4,True,1,Baladas Acusticas,-3.2320446221130457,-0.8066149227067715,27.450980392156865,51,62.15686274509804
1000,hotel california - 2013 remaster,eagles,album rock,1976,147,51,58,-9,6,61,391,1,3,82,potencial_premium,q4_alto,1970,eagles,hotel california 2013 remaster,5,5,True,0,Canciones Energeticas,0.27150152504441644,0.8760422075878246,20.823244552058114,413,60.69491525423729
1001,somebody to love - 2011 mix,queen,glam rock,1976,112,69,50,-7,22,36,296,19,6,70,rendimiento_medio,q3_medio_alto,1970,queen,somebody to love 2011 mix,0,0,False,0,Canciones Energeticas,0.2570700320537352,-0.21686056642950877,18.367346938775512,49,58.714285714285715
1002,dancing queen,abba,europop,1976,101,88,54,-7,76,75,231,38,4,72,potencial_premium,q4_alto,1970,abba,dancing queen,0,0,False,0,Canciones Energeticas,1.011007309857734,0.8695958054604253,14.814814814814813,27,56.7037037037037
1003,the last resort - 2013 remaster,eagles,album rock,1976,126,28,55,-11,16,30,445,47,3,52,rendimiento_medio,q2_medio_bajo,1970,eagles,the last resort 2013 remaster,5,5,True,1,Baladas Acusticas,-1.8152478024248428,0.4064246065358975,20.823244552058114,413,60.69491525423729
1004,hurricane,bob dylan,album rock,1976,136,83,51,-8,12,74,513,4,8,69,rendimiento_medio,q3_medio_alto,1970,bob dylan,hurricane,9,9,True,0,Canciones Energeticas,1.252475835349874,0.7410408485611357,20.823244552058114,413,60.69491525423729
1005,more than a feeling,boston,album rock,1976,109,68,38,-8,5,29,285,0,3,78,potencial_premium,q4_alto,1970,boston,more than a feeling,0,0,False,0,Canciones Energeticas,0.13860101515608367,-0.7909206396980283,20.823244552058114,413,60.69491525423729
1006,(don't fear) the reaper,blue öyster cult,album rock,1976,141,93,33,-9,30,38,308,0,7,75,potencial_premium,q4_alto,1970,blue yster cult,don t fear the reaper,0,0,False,0,Canciones Energeticas,0.6935628514800701,-0.7574441848757355,20.823244552058114,413,60.69491525423729
1007,new kid in town - 2013 remaster,eagles,album rock,1976,107,43,65,-10,11,65,305,38,3,64,rendimiento_medio,q3_medio_alto,1970,eagles,new kid in town 2013 remaster,5,5,True,1,Baladas Acusticas,-0.5275524317414009,1.457344153708708,20.823244552058114,413,60.69491525423729
1008,if you leave me now,chicago,adult standards,1976,104,56,43,-7,13,28,235,2,3,74,potencial_premium,q4_alto,1970,chicago,if you leave me now,1,1,True,0,Canciones Energeticas,-0.007363884116515148,-0.6707494547022316,20.32520325203252,123,62.577235772357724
1009,wild is the wind - 2016 remaster,david bowie,album rock,1976,98,58,52,-13,5,49,366,2,3,53,rendimiento_medio,q2_medio_bajo,1970,david bowie,wild is the wind 2016 remaster,3,3,True,0,Canciones Energeticas,-0.3568950037054132,0.6933233500584534,20.823244552058114,413,60.69491525423729
1010,tie your mother down - remastered 2011,queen,glam rock,1976,135,89,33,-6,35,16,287,9,7,50,rendimiento_medio,q2_medio_bajo,1970,queen,tie your mother down remastered 2011,0,0,False,0,Canciones Energeticas,0.5555528358799524,-1.5186126523007855,18.367346938775512,49,58.714285714285715
1011,fernando,abba,europop,1976,111,53,35,-9,8,47,256,58,3,56,rendimiento_medio,q2_medio_bajo,1970,abba,fernando,0,0,False,1,Baladas Acusticas,-1.1528794038942998,-0.1439338938086828,14.814814814814813,27,56.7037037037037
1012,"knowing me, knowing you",abba,europop,1976,107,74,55,-7,24,90,244,4,3,52,rendimiento_medio,q2_medio_bajo,1970,abba,knowing me knowing you,0,0,False,0,Canciones Energeticas,1.4284981871114173,1.2235145699324064,14.814814814814813,27,56.7037037037037
1013,fool to cry - remastered 2009,the rolling stones,album rock,1976,68,45,44,-7,11,24,305,89,4,55,rendimiento_medio,q2_medio_bajo,1970,the rolling stones,fool to cry remastered 2009,3,3,True,1,Baladas Acusticas,-1.774267434773169,-0.43250003135461385,20.823244552058114,413,60.69491525423729
1014,carry on wayward son,kansas,album rock,1976,127,79,48,-6,45,79,323,0,3,75,potencial_premium,q4_alto,1970,kansas,carry on wayward son,0,0,False,0,Canciones Energeticas,1.50900262705749,0.5802881958720428,20.823244552058114,413,60.69491525423729
1015,new york state of mind,billy joel,album rock,1976,121,37,51,-9,32,20,362,50,3,61,rendimiento_medio,q2_medio_bajo,1970,billy joel,new york state of mind,4,4,True,1,Baladas Acusticas,-1.5537422222793928,-0.1849243763835001,20.823244552058114,413,60.69491525423729
1016,golden years - 2016 remaster,david bowie,album rock,1976,108,70,68,-10,11,93,243,32,4,60,rendimiento_medio,q2_medio_bajo,1970,david bowie,golden years 2016 remaster,3,3,True,0,Canciones Energeticas,0.6867754190222567,2.1342577798212843,20.823244552058114,413,60.69491525423729
1017,isn't she lovely,stevie wonder,adult standards,1976,119,83,48,-7,32,82,394,18,9,67,rendimiento_medio,q3_medio_alto,1970,stevie wonder,isn t she lovely,13,13,True,0,Canciones Energeticas,1.21753578289502,0.7806753465752957,20.32520325203252,123,62.577235772357724
1018,i wish,stevie wonder,adult standards,1976,106,72,82,-10,7,89,252,8,5,64,rendimiento_medio,q3_medio_alto,1970,stevie wonder,i wish,13,13,True,0,Canciones Energeticas,1.2926643887218336,2.4687707198537203,20.32520325203252,123,62.577235772357724
1019,tom traubert's blues (four sheets to the wind in copenhagen),tom waits,folk,1976,135,28,30,-13,17,33,399,80,3,52,rendimiento_medio,q2_medio_bajo,1970,tom waits,tom traubert s blues four sheets to the wind in copenhagen,2,2,True,1,Baladas Acusticas,-2.9680848976769454,-0.158405066405748,25.0,8,61.75
1020,the boys are back in town,thin lizzy,album rock,1976,81,71,45,-10,21,77,267,23,5,74,potencial_premium,q4_alto,1970,thin lizzy,the boys are back in town,0,0,False,0,Canciones Energeticas,0.30578793047013303,0.8725915939164509,20.823244552058114,413,60.69491525423729
1021,livin' thing,electric light orchestra,album rock,1976,123,65,55,-7,12,37,212,58,3,70,rendimiento_medio,q3_medio_alto,1970,electric light orchestra,livin thing,0,0,False,1,Baladas Acusticas,-0.40583108196305817,0.1210242483579553,20.823244552058114,413,60.69491525423729
1022,sir duke,stevie wonder,adult standards,1976,107,57,59,-10,8,95,233,16,7,72,potencial_premium,q4_alto,1970,stevie wonder,sir duke,13,13,True,0,Canciones Energeticas,0.50895883395168,1.854934288661383,20.32520325203252,123,62.577235772357724
1023,blitzkrieg bop - 2016 remaster,ramones,classic rock,1976,177,78,39,-3,11,90,134,0,23,71,rendimiento_medio,q3_medio_alto,1970,ramones,blitzkrieg bop 2016 remaster,0,0,False,0,Canciones Energeticas,1.9027076629372672,0.25986497688429383,27.450980392156865,51,62.15686274509804
1024,fly like an eagle,steve miller band,album rock,1976,100,75,56,-13,33,64,283,61,11,68,rendimiento_medio,q3_medio_alto,1970,steve miller band,fly like an eagle,0,0,False,1,Baladas Acusticas,-0.6381336955629011,1.3191544921694378,20.823244552058114,413,60.69491525423729
1025,blinded by the light,manfred mann's earth band,album rock,1976,142,70,46,-10,9,51,428,29,7,61,rendimiento_medio,q2_medio_bajo,1970,manfred mann s earth band,blinded by the light,0,0,False,0,Canciones Energeticas,-0.1507284184381941,0.29465806092030883,20.823244552058114,413,60.69491525423729
1026,cocaine,j.j. cale,blues,1976,104,41,79,-15,14,39,169,41,5,59,rendimiento_medio,q2_medio_bajo,1970,j j cale,cocaine,0,0,False,1,Baladas Acusticas,-1.4451867293526905,1.7897994685933425,0.0,8,59.125
1027,the ballroom blitz,sweet,album rock,1976,109,88,62,-7,4,83,242,0,8,54,rendimiento_medio,q2_medio_bajo,1970,sweet,the ballroom blitz,0,0,False,0,Canciones Energeticas,1.8678203811470984,1.2442792881202394,20.823244552058114,413,60.69491525423729
1028,"money, money, money",abba,europop,1976,121,69,78,-7,11,70,187,52,4,44,zona_critica,q1_bajo,1970,abba,money money money,0,0,False,0,Canciones Energeticas,0.5795700281718813,1.7354252755891866,14.814814814814813,27,56.7037037037037
1029,wasted time - 2013 remaster,eagles,album rock,1976,118,17,43,-11,11,14,296,42,4,54,rendimiento_medio,q2_medio_bajo,1970,eagles,wasted time 2013 remaster,5,5,True,1,Baladas Acusticas,-2.4083677490731414,-0.39738585397348775,20.823244552058114,413,60.69491525423729
1030,theme from mahogany (do you know where you're going to) - single version,diana ross,adult standards,1976,140,42,32,-11,10,29,204,55,3,49,zona_critica,q1_bajo,1970,diana ross,theme from mahogany do you know where you re going to single version,0,0,False,1,Baladas Acusticas,-1.9431390518666531,-0.4857137100444036,20.32520325203252,123,62.577235772357724
1031,heroes - 2017 remaster,david bowie,album rock,1977,112,76,49,-6,9,44,371,0,3,75,potencial_premium,q4_alto,1970,david bowie,heroes 2017 remaster,3,3,True,0,Canciones Energeticas,0.992066352950612,-0.2559484760625743,20.823244552058114,413,60.69491525423729
1032,paradise by the dashboard light,meat loaf,album rock,1977,173,87,33,-8,46,49,508,21,12,67,rendimiento_medio,q3_medio_alto,1970,meat loaf,paradise by the dashboard light,1,1,True,0,Canciones Energeticas,0.48352273341685137,-0.5195708134096474,20.823244552058114,413,60.69491525423729
1033,go your own way - 2004 remaster,fleetwood mac,album rock,1977,135,94,59,-5,7,83,224,2,4,73,potencial_premium,q4_alto,1970,fleetwood mac,go your own way 2004 remaster,1,1,True,0,Canciones Energeticas,2.2278320248793904,0.9144838614774119,20.823244552058114,413,60.69491525423729
1034,mr. blue sky,electric light orchestra,album rock,1977,178,34,39,-10,25,48,303,65,3,80,potencial_premium,q4_alto,1970,electric light orchestra,mr blue sky,0,0,False,1,Baladas Acusticas,-1.8112423061347254,0.1780840095475287,20.823244552058114,413,60.69491525423729
1035,fool's overture,supertramp,album rock,1977,135,31,41,-10,7,7,653,31,4,56,rendimiento_medio,q2_medio_bajo,1970,supertramp,fool s overture,0,0,False,1,Baladas Acusticas,-1.8399548900267313,-0.8419407185322635,20.823244552058114,413,60.69491525423729
1036,whole lotta rosie,ac/dc,album rock,1977,159,84,29,-4,10,42,334,0,8,65,rendimiento_medio,q3_medio_alto,1970,ac dc,whole lotta rosie,1,1,True,0,Canciones Energeticas,1.1451812464167408,-1.2410523805467595,20.823244552058114,413,60.69491525423729
1037,we will rock you - remastered,queen,glam rock,1977,81,50,69,-7,26,47,122,68,12,70,rendimiento_medio,q3_medio_alto,1970,queen,we will rock you remastered,0,0,False,1,Baladas Acusticas,-0.6058280018462392,0.9342962360978498,18.367346938775512,49,58.714285714285715
1038,the chain - 2004 remaster,fleetwood mac,album rock,1977,152,67,55,-9,5,48,270,1,5,78,potencial_premium,q4_alto,1970,fleetwood mac,the chain 2004 remaster,1,1,True,0,Canciones Energeticas,0.4783246094337955,0.361755711537535,20.823244552058114,413,60.69491525423729
1039,three little birds,bob marley & the wailers,reggae,1977,148,48,81,-10,5,62,180,1,6,78,potencial_premium,q4_alto,1970,bob marley the wailers,three little birds,0,0,False,0,Canciones Energeticas,0.42620345040047236,1.811897753167019,62.5,8,69.875
1040,we are the champions - remastered 2011,queen,glam rock,1977,64,46,27,-7,12,17,179,38,3,66,rendimiento_medio,q3_medio_alto,1970,queen,we are the champions remastered 2011,0,0,False,1,Baladas Acusticas,-1.2371951090811382,-1.4076280614871088,18.367346938775512,49,58.714285714285715
1041,she's always a woman,billy joel,album rock,1977,177,32,29,-12,12,38,201,80,3,72,potencial_premium,q4_alto,1970,billy joel,she s always a woman,4,4,True,1,Baladas Acusticas,-2.6659581430821,-0.20324462921827283,20.823244552058114,413,60.69491525423729
1042,worn down piano,the mark & clark band,classic rock,1977,112,71,37,-10,13,32,488,10,6,32,zona_critica,q1_bajo,1970,the mark clark band,worn down piano,0,0,False,0,Canciones Energeticas,-0.18524277414536253,-0.5866503603524774,27.450980392156865,51,62.15686274509804
1043,dust in the wind,kansas,album rock,1977,94,32,48,-11,11,39,206,37,3,77,potencial_premium,q4_alto,1970,kansas,dust in the wind,0,0,False,1,Baladas Acusticas,-1.5192496626710918,0.298777457491972,20.823244552058114,413,60.69491525423729
1044,bat out of hell,meat loaf,album rock,1977,172,84,20,-8,29,39,590,28,7,60,rendimiento_medio,q2_medio_bajo,1970,meat loaf,bat out of hell,1,1,True,0,Canciones Energeticas,-0.03731036943258145,-1.2069425165922958,20.823244552058114,413,60.69491525423729
1045,solsbury hill,peter gabriel,album rock,1977,102,63,68,-9,31,48,261,36,3,60,rendimiento_medio,q2_medio_bajo,1970,peter gabriel,solsbury hill,4,4,True,0,Canciones Energeticas,-0.012052221458048547,0.9553769033492218,20.823244552058114,413,60.69491525423729
1046,thank you for the music,abba,europop,1977,200,42,29,-9,10,35,232,84,4,48,zona_critica,q1_bajo,1970,abba,thank you for the music,0,0,False,1,Baladas Acusticas,-2.106537042361849,-0.5662178128428311,14.814814814814813,27,56.7037037037037
1047,wonderful tonight,eric clapton,album rock,1977,96,21,57,-16,13,49,225,65,3,73,potencial_premium,q4_alto,1970,eric clapton,wonderful tonight,10,10,True,1,Baladas Acusticas,-2.6799759510055035,1.4369264329776634,20.823244552058114,413,60.69491525423729
1048,lust for life,iggy pop,alternative rock,1977,104,97,39,-6,10,69,314,3,4,68,rendimiento_medio,q3_medio_alto,1970,iggy pop,lust for life,0,0,False,0,Canciones Energeticas,1.6680273348342443,-0.0781464788759694,39.53488372093023,86,66.94186046511628
1049,she's not there,santana,blues rock,1977,130,70,48,-8,31,83,249,40,4,52,rendimiento_medio,q2_medio_bajo,1970,santana,she s not there,4,4,True,0,Canciones Energeticas,0.4053693882358559,0.9791381133846336,6.666666666666667,15,55.53333333333333
1050,stayin' alive,bee gees,adult standards,1977,104,54,71,-20,9,64,93,11,4,60,rendimiento_medio,q2_medio_bajo,1970,bee gees,stayin alive,2,2,True,1,Baladas Acusticas,-1.065841835157211,2.3852177661579796,20.32520325203252,123,62.577235772357724
1051,psycho killer - 2005 remaster,talking heads,alternative rock,1977,123,52,72,-8,13,94,261,7,6,73,potencial_premium,q4_alto,1970,talking heads,psycho killer 2005 remaster,0,0,False,0,Canciones Energeticas,0.993046319082179,2.0927564577757196,39.53488372093023,86,66.94186046511628
1052,fantasy,"earth, wind & fire",disco,1977,89,75,61,-9,14,61,277,32,9,48,zona_critica,q1_bajo,1970,earth wind fire,fantasy,6,6,True,0,Canciones Energeticas,0.43278689201051956,0.9615727414977407,11.11111111111111,18,61.666666666666664
1053,songbird - 2004 remaster,fleetwood mac,album rock,1977,184,9,39,-15,10,36,201,98,3,56,rendimiento_medio,q2_medio_bajo,1970,fleetwood mac,songbird 2004 remaster,1,1,True,1,Baladas Acusticas,-3.843667064928787,0.516035698482701,20.823244552058114,413,60.69491525423729
1054,let there be rock,ac/dc,album rock,1977,91,73,49,-6,8,43,366,0,9,62,rendimiento_medio,q2_medio_bajo,1970,ac dc,let there be rock,1,1,True,0,Canciones Energeticas,0.9012794792993315,-0.26933360221941227,20.823244552058114,413,60.69491525423729
1055,don't stop - 2004 remaster,fleetwood mac,album rock,1977,119,72,67,-8,4,83,193,4,4,67,rendimiento_medio,q3_medio_alto,1970,fleetwood mac,don t stop 2004 remaster,1,1,True,0,Canciones Energeticas,1.3383671716568042,1.5583424403851536,20.823244552058114,413,60.69491525423729
1056,i feel love,donna summer,dance pop,1977,127,71,67,-16,9,96,355,3,4,46,zona_critica,q1_bajo,1970,donna summer,i feel love,4,4,True,0,Canciones Energeticas,0.4154929765575244,2.5825882789675063,50.602409638554214,83,68.51807228915662
1057,the passenger,iggy pop,alternative rock,1977,135,89,50,-5,73,70,283,9,5,72,potencial_premium,q4_alto,1970,iggy pop,the passenger,0,0,False,0,Canciones Energeticas,1.6751322261981856,0.307164181222434,39.53488372093023,86,66.94186046511628
1058,het werd zomer,rob de nijs,dutch pop,1977,133,43,39,-11,16,40,251,43,3,49,zona_critica,q1_bajo,1970,rob de nijs,het werd zomer,0,0,False,1,Baladas Acusticas,-1.4558173293139443,-0.02813199040620714,1.1363636363636365,88,45.23863636363637
1059,take a chance on me,abba,europop,1977,107,69,69,-8,20,93,244,17,3,63,rendimiento_medio,q3_medio_alto,1970,abba,take a chance on me,0,0,False,0,Canciones Energeticas,1.2079712263191906,1.9257562997115676,14.814814814814813,27,56.7037037037037
1060,give a little bit,supertramp,album rock,1977,91,82,53,-5,26,47,248,7,5,74,potencial_premium,q4_alto,1970,supertramp,give a little bit,0,0,False,0,Canciones Energeticas,1.2662626433310278,-0.1260192919950253,20.823244552058114,413,60.69491525423729
1061,sound and vision - 2017 remaster,david bowie,album rock,1977,106,80,67,-9,6,76,184,3,4,62,rendimiento_medio,q2_medio_bajo,1970,david bowie,sound and vision 2017 remaster,3,3,True,0,Canciones Energeticas,1.3325984730395652,1.4427898023968944,20.823244552058114,413,60.69491525423729
1062,spread your wings - 2011 mix,queen,glam rock,1977,175,66,39,-6,6,46,274,28,3,50,rendimiento_medio,q2_medio_bajo,1970,queen,spread your wings 2011 mix,0,0,False,0,Canciones Energeticas,0.14624528618352992,-0.4518885664791542,18.367346938775512,49,58.714285714285715
1063,you took the words right out of my mouth (hot summer night),meat loaf,album rock,1977,125,68,46,-9,50,68,304,25,8,57,rendimiento_medio,q2_medio_bajo,1970,meat loaf,you took the words right out of my mouth hot summer night,1,1,True,0,Canciones Energeticas,0.23747142210343922,0.590115494224091,20.823244552058114,413,60.69491525423729
1064,two out of three ain't bad,meat loaf,album rock,1977,80,48,59,-9,9,49,324,39,2,60,rendimiento_medio,q2_medio_bajo,1970,meat loaf,two out of three ain t bad,1,1,True,1,Baladas Acusticas,-0.5702968676168271,0.7155326115525467,20.823244552058114,413,60.69491525423729
1065,cocaine,eric clapton,album rock,1977,105,50,70,-13,32,68,222,6,3,68,rendimiento_medio,q3_medio_alto,1970,eric clapton,cocaine,10,10,True,0,Canciones Energeticas,-0.09700888419319828,1.829096185666032,20.823244552058114,413,60.69491525423729
1066,barracuda,heart,album rock,1977,137,69,55,-14,14,67,262,2,4,74,potencial_premium,q4_alto,1970,heart,barracuda,0,0,False,0,Canciones Energeticas,0.08706125127657235,1.2630732734045733,20.823244552058114,413,60.69491525423729
1067,one love / people get ready - medley,bob marley & the wailers,reggae,1977,76,52,73,-10,7,95,173,8,32,74,potencial_premium,q4_alto,1970,bob marley the wailers,one love people get ready medley,0,0,False,0,Canciones Energeticas,0.7330151903383817,2.333090422464736,62.5,8,69.875
1068,cold as ice,foreigner,album rock,1977,133,49,52,-12,14,47,201,10,3,68,rendimiento_medio,q3_medio_alto,1970,foreigner,cold as ice,0,0,False,1,Baladas Acusticas,-0.6015660590326981,0.5855772444496067,20.823244552058114,413,60.69491525423729
1069,the name of the game,abba,europop,1977,77,56,66,-9,6,62,294,40,3,46,zona_critica,q1_bajo,1970,abba,the name of the game,0,0,False,0,Canciones Energeticas,-0.10280059503590361,1.2625630510489794,14.814814814814813,27,56.7037037037037
1070,mannish boy,muddy waters,blues,1977,111,74,60,-11,68,62,321,44,10,63,rendimiento_medio,q3_medio_alto,1970,muddy waters,mannish boy,6,6,True,0,Canciones Energeticas,-0.06556423585001744,1.1653159107007673,0.0,8,59.125
1071,i want you to want me,cheap trick,album rock,1977,93,46,81,-13,15,74,191,78,3,70,rendimiento_medio,q3_medio_alto,1970,cheap trick,i want you to want me,0,0,False,1,Baladas Acusticas,-1.1517266497232228,2.606596410485732,20.823244552058114,413,60.69491525423729
1072,scenes from an italian restaurant,billy joel,album rock,1977,98,93,42,-5,11,34,457,41,13,60,rendimiento_medio,q2_medio_bajo,1970,billy joel,scenes from an italian restaurant,4,4,True,0,Canciones Energeticas,0.648635512125574,-0.7850693280381084,20.823244552058114,413,60.69491525423729
1073,god save the queen,sex pistols,punk,1977,148,91,27,-5,15,48,200,0,7,51,rendimiento_medio,q2_medio_bajo,1970,sex pistols,god save the queen,0,0,False,0,Canciones Energeticas,1.2401260156755551,-1.104963042493664,0.0,2,52.5
1074,la vie en rose,grace jones,art rock,1977,177,48,65,-16,6,80,448,23,6,58,rendimiento_medio,q2_medio_bajo,1970,grace jones,la vie en rose,0,0,False,1,Baladas Acusticas,-0.7533613801547259,2.2626302390493014,15.0,40,60.2
1075,spanish stroll,mink deville,dutch rock,1977,129,45,75,-15,12,95,220,42,6,47,zona_critica,q1_bajo,1970,mink deville,spanish stroll,0,0,False,1,Baladas Acusticas,-0.6615923228426452,2.9741245619955796,0.0,18,44.111111111111114
1076,le freak - 2018 remaster,chic,disco,1977,119,64,91,-11,6,90,331,3,6,69,rendimiento_medio,q3_medio_alto,1970,chic,le freak 2018 remaster,0,0,False,0,Canciones Energeticas,1.1922711192058189,2.8970207444972185,11.11111111111111,18,61.666666666666664
1077,lovely day,bill withers,classic soul,1977,98,65,69,-8,11,71,255,29,3,72,potencial_premium,q4_alto,1970,bill withers,lovely day,0,0,False,0,Canciones Energeticas,0.6126570905093844,1.4380919417788018,36.36363636363637,11,69.0909090909091
1078,isn't it time,the babys,album rock,1977,117,93,52,-7,82,31,244,39,10,49,zona_critica,q1_bajo,1970,the babys,isn t it time,0,0,False,0,Canciones Energeticas,0.5195297180802365,-0.3228937297481179,20.823244552058114,413,60.69491525423729
1079,just the way you are,billy joel,album rock,1977,139,45,59,-9,13,51,291,70,4,68,rendimiento_medio,q3_medio_alto,1970,billy joel,just the way you are,4,4,True,1,Baladas Acusticas,-1.1358715093105436,0.8678082502016955,20.823244552058114,413,60.69491525423729
1080,anarchy in the u.k.,sex pistols,punk,1977,134,98,32,-4,20,17,212,4,12,54,rendimiento_medio,q2_medio_bajo,1970,sex pistols,anarchy in the u k,0,0,False,0,Canciones Energeticas,1.1524306648352207,-1.7828334171358533,0.0,2,52.5
1081,you make loving fun - 2004 remaster,fleetwood mac,album rock,1977,127,60,62,-9,10,86,217,1,3,58,rendimiento_medio,q2_medio_bajo,1970,fleetwood mac,you make loving fun 2004 remaster,1,1,True,0,Canciones Energeticas,0.9077159254814045,1.5727284540473092,20.823244552058114,413,60.69491525423729
1082,sultans of swing,dire straits,album rock,1978,148,87,73,-7,32,92,350,6,3,66,rendimiento_medio,q3_medio_alto,1970,dire straits,sultans of swing,2,2,True,0,Canciones Energeticas,2.0490982287216073,1.832280235313244,20.823244552058114,413,60.69491525423729
1083,don't stop me now - 2011 mix,queen,glam rock,1978,156,87,56,-5,77,60,209,5,16,76,potencial_premium,q4_alto,1970,queen,don t stop me now 2011 mix,0,0,False,0,Canciones Energeticas,1.657760832334713,0.2494312286274771,18.367346938775512,49,58.714285714285715
1084,laat me,ramses shaffy,dutch cabaret,1978,102,33,34,-14,15,35,305,65,3,50,rendimiento_medio,q2_medio_bajo,1970,ramses shaffy,laat me,0,0,False,1,Baladas Acusticas,-2.616647825764907,0.006302959287055798,0.0,51,46.05882352941177
1085,wuthering heights,kate bush,art pop,1978,125,39,48,-11,12,52,269,37,3,68,rendimiento_medio,q3_medio_alto,1970,kate bush,wuthering heights,0,0,False,1,Baladas Acusticas,-1.154087286043948,0.5632578667933367,7.142857142857142,14,59.42857142857143
1086,saturday night,herman brood & his wild romance,dutch indie,1978,92,61,63,-7,68,55,223,60,3,48,zona_critica,q1_bajo,1970,herman brood his wild romance,saturday night,0,0,False,0,Canciones Energeticas,-0.16063217458049497,0.8188091309283311,0.0,75,37.266666666666666
1087,roxanne,the police,album rock,1978,134,75,62,-9,5,66,192,4,36,78,potencial_premium,q4_alto,1970,the police,roxanne,5,5,True,0,Canciones Energeticas,0.9905307729696536,1.0093728203615608,20.823244552058114,413,60.69491525423729
1088,hold the line,toto,album rock,1978,96,70,49,-12,15,78,236,4,6,75,potencial_premium,q4_alto,1970,toto,hold the line,2,2,True,0,Canciones Energeticas,0.4195418756502122,1.1112756149383387,20.823244552058114,413,60.69491525423729
1089,the man with the child in his eyes,kate bush,art pop,1978,90,26,25,-11,14,20,159,96,3,53,rendimiento_medio,q2_medio_bajo,1970,kate bush,the man with the child in his eyes,0,0,False,1,Baladas Acusticas,-3.2386075719772642,-0.8356898771529645,7.142857142857142,14,59.42857142857143
1090,badlands,bruce springsteen,classic rock,1978,123,78,61,-8,28,85,242,9,5,58,rendimiento_medio,q2_medio_bajo,1970,bruce springsteen,badlands,13,13,True,0,Canciones Energeticas,1.358739309281846,1.3532435330663535,27.450980392156865,51,62.15686274509804
1091,baker street,gerry rafferty,album rock,1978,114,35,50,-14,26,42,366,9,3,69,rendimiento_medio,q3_medio_alto,1970,gerry rafferty,baker street,0,0,False,1,Baladas Acusticas,-1.3032077375695568,0.5876654084625347,20.823244552058114,413,60.69491525423729
1092,dreadlock holiday,10cc,album rock,1978,105,38,84,-13,20,89,268,54,6,67,rendimiento_medio,q3_medio_alto,1970,10cc,dreadlock holiday,0,0,False,1,Baladas Acusticas,-0.704078918154012,3.0134810536369345,20.823244552058114,413,60.69491525423729
1093,fat bottomed girls - single version,queen,glam rock,1978,88,69,43,-8,36,52,203,6,6,51,rendimiento_medio,q2_medio_bajo,1970,queen,fat bottomed girls single version,0,0,False,0,Canciones Energeticas,0.468273977841905,-0.08692148705541228,18.367346938775512,49,58.714285714285715
1094,runnin' with the devil - 2015 remaster,van halen,album rock,1978,96,90,47,-6,34,42,215,15,6,70,rendimiento_medio,q3_medio_alto,1970,van halen,runnin with the devil 2015 remaster,1,1,True,0,Canciones Energeticas,1.0594931527050548,-0.4126114969081426,20.823244552058114,413,60.69491525423729
1095,bicycle race - remastered 2011,queen,glam rock,1978,83,67,43,-6,10,61,181,6,8,55,rendimiento_medio,q2_medio_bajo,1970,queen,bicycle race remastered 2011,0,0,False,0,Canciones Energeticas,0.8080511304982683,-0.035766633250905476,18.367346938775512,49,58.714285714285715
1096,follow you follow me - 2007 remaster,genesis,album rock,1978,93,72,53,-10,8,76,241,13,3,51,rendimiento_medio,q2_medio_bajo,1970,genesis,follow you follow me 2007 remaster,1,1,True,0,Canciones Energeticas,0.6265187577605221,1.0514277763097961,20.823244552058114,413,60.69491525423729
1097,so lonely,the police,album rock,1978,77,57,54,-8,9,73,290,1,16,66,rendimiento_medio,q3_medio_alto,1970,the police,so lonely,5,5,True,0,Canciones Energeticas,0.6850316541410366,0.8578355552511134,20.823244552058114,413,60.69491525423729
1098,how you gonna see me now,alice cooper,album rock,1978,137,34,54,-14,13,30,236,46,4,49,zona_critica,q1_bajo,1970,alice cooper,how you gonna see me now,0,0,False,1,Baladas Acusticas,-2.043347452493472,0.5540081707981593,20.823244552058114,413,60.69491525423729
1099,miss you - remastered,the rolling stones,album rock,1978,110,71,80,-5,34,85,289,44,4,67,rendimiento_medio,q3_medio_alto,1970,the rolling stones,miss you remastered,3,3,True,0,Canciones Energeticas,1.2879397532977477,1.9124453031907065,20.823244552058114,413,60.69491525423729
1100,"stir it up - live at the pavillon de paris, 1977",bob marley & the wailers,reggae,1978,91,82,67,-7,97,80,317,10,5,40,zona_critica,q1_bajo,1970,bob marley the wailers,stir it up live at the pavillon de paris 1977,0,0,False,0,Canciones Energeticas,1.6042982274323034,1.3500312575522608,62.5,8,69.875
1101,is this love,bob marley & the wailers,reggae,1978,122,56,78,-8,7,76,232,11,10,76,potencial_premium,q4_alto,1970,bob marley the wailers,is this love,0,0,False,0,Canciones Energeticas,0.89134491028625,1.8409921347902598,62.5,8,69.875
1102,because the night,patti smith,art pop,1978,123,80,44,-5,10,52,205,5,4,66,rendimiento_medio,q3_medio_alto,1970,patti smith,because the night,0,0,False,0,Canciones Energeticas,1.1913891076326137,-0.3585725465622537,7.142857142857142,14,59.42857142857143
1103,what a fool believes,the doobie brothers,album rock,1978,121,38,76,-15,5,99,224,28,4,69,rendimiento_medio,q3_medio_alto,1970,the doobie brothers,what a fool believes,2,2,True,1,Baladas Acusticas,-0.5303909461513211,3.0649811653027235,20.823244552058114,413,60.69491525423729
1104,still believe,herman brood & his wild romance,dutch indie,1978,95,85,60,-8,63,64,191,1,3,38,zona_critica,q1_bajo,1970,herman brood his wild romance,still believe,0,0,False,0,Canciones Energeticas,1.3779676335523197,0.7533811798986613,0.0,75,37.266666666666666
1105,rivers of babylon,boney m.,disco,1978,115,85,73,-7,44,74,261,13,4,65,rendimiento_medio,q3_medio_alto,1970,boney m,rivers of babylon,0,0,False,0,Canciones Energeticas,1.641684902248585,1.420194307316937,11.11111111111111,18,61.666666666666664
1106,don't look back,boston,album rock,1978,122,72,36,-10,36,47,360,2,4,55,rendimiento_medio,q2_medio_bajo,1970,boston,don t look back,0,0,False,0,Canciones Energeticas,0.16947725047652348,-0.31142055885577224,20.823244552058114,413,60.69491525423729
1107,beast of burden - remastered,the rolling stones,album rock,1978,101,88,78,-4,4,89,265,39,3,74,potencial_premium,q4_alto,1970,the rolling stones,beast of burden remastered,3,3,True,0,Canciones Energeticas,1.969214042756539,1.7714244301130915,20.823244552058114,413,60.69491525423729
1108,honesty,billy joel,album rock,1978,135,27,55,-15,11,21,234,42,3,59,rendimiento_medio,q2_medio_bajo,1970,billy joel,honesty,4,4,True,1,Baladas Acusticas,-2.398390058278052,0.4724974562487948,20.823244552058114,413,60.69491525423729
1109,born to be alive - original mix 79,patrick hernandez,disco,1978,131,87,70,-6,21,81,188,8,3,66,rendimiento_medio,q3_medio_alto,1970,patrick hernandez,born to be alive original mix 79,0,0,False,0,Canciones Energeticas,1.9605578540858486,1.3714266333793828,11.11111111111111,18,61.666666666666664
1110,fire,the pointer sisters,dance pop,1978,118,62,65,-9,8,64,211,20,3,56,rendimiento_medio,q2_medio_bajo,1970,the pointer sisters,fire,2,2,True,0,Canciones Energeticas,0.40729651988206067,1.1656130701341163,50.602409638554214,83,68.51807228915662
1111,you don't bring me flowers,neil diamond,adult standards,1978,67,12,16,-18,16,24,195,88,4,56,rendimiento_medio,q2_medio_bajo,1970,neil diamond,you don t bring me flowers,0,0,False,1,Baladas Acusticas,-4.499282055607267,-0.42124536516679745,20.32520325203252,123,62.577235772357724
1112,water of love,dire straits,album rock,1978,121,57,80,-13,11,96,327,45,3,41,zona_critica,q1_bajo,1970,dire straits,water of love,2,2,True,0,Canciones Energeticas,-0.030500447591965768,2.941719039839563,20.823244552058114,413,60.69491525423729
1113,comfortably numb,pink floyd,album rock,1979,127,37,47,-13,8,17,382,15,3,75,potencial_premium,q4_alto,1970,pink floyd,comfortably numb,1,1,True,1,Baladas Acusticas,-1.5814354835413387,-0.23880069376640375,20.823244552058114,413,60.69491525423729
1114,highway to hell,ac/dc,album rock,1979,116,91,57,-5,16,42,208,6,13,83,potencial_premium,q4_alto,1970,ac dc,highway to hell,1,1,True,0,Canciones Energeticas,1.53123412013695,-0.19382836159582736,20.823244552058114,413,60.69491525423729
1115,"another brick in the wall, pt. 2",pink floyd,album rock,1979,104,39,69,-16,25,72,239,8,4,77,potencial_premium,q4_alto,1970,pink floyd,another brick in the wall pt 2,1,1,True,1,Baladas Acusticas,-0.7607387231168166,2.1462217009732494,20.823244552058114,413,60.69491525423729
1116,the rose,bette midler,adult standards,1979,134,23,35,-10,38,18,221,90,3,67,rendimiento_medio,q3_medio_alto,1970,bette midler,the rose,2,2,True,1,Baladas Acusticas,-2.9465981343579117,-0.6421312691565815,20.32520325203252,123,62.577235772357724
1117,the logical song - remastered 2010,supertramp,album rock,1979,120,76,63,-6,15,70,251,51,5,72,potencial_premium,q4_alto,1970,supertramp,the logical song remastered 2010,0,0,False,0,Canciones Energeticas,0.7230200311758617,0.98769427571608,20.823244552058114,413,60.69491525423729
1118,i was made for lovin' you,kiss,album rock,1979,128,85,77,-6,7,87,271,21,4,78,potencial_premium,q4_alto,1970,kiss,i was made for lovin you,0,0,False,0,Canciones Energeticas,1.888773594849493,1.792193657428327,20.823244552058114,413,60.69491525423729
1119,gimme! gimme! gimme! (a man after midnight),abba,europop,1979,120,49,75,-10,22,53,293,2,4,64,rendimiento_medio,q3_medio_alto,1970,abba,gimme gimme gimme a man after midnight,0,0,False,0,Canciones Energeticas,0.2488541412139911,1.316602404518227,14.814814814814813,27,56.7037037037037
1120,message in a bottle,the police,album rock,1979,151,81,58,-7,22,87,290,3,4,74,potencial_premium,q4_alto,1970,the police,message in a bottle,5,5,True,0,Canciones Energeticas,1.6648839958568422,1.1478255803788058,20.823244552058114,413,60.69491525423729
1121,hey you,pink floyd,album rock,1979,112,30,59,-15,13,19,278,22,3,68,rendimiento_medio,q3_medio_alto,1970,pink floyd,hey you,1,1,True,1,Baladas Acusticas,-1.9443664194581867,0.47134319244286027,20.823244552058114,413,60.69491525423729
1122,one step beyond,madness,dance rock,1979,155,94,48,-5,41,94,138,1,4,42,zona_critica,q1_bajo,1970,madness,one step beyond,0,0,False,0,Canciones Energeticas,2.249377972052346,0.7235917465512353,15.384615384615385,52,59.38461538461539
1123,chiquitita,abba,europop,1979,84,56,53,-8,30,38,327,70,3,56,rendimiento_medio,q2_medio_bajo,1970,abba,chiquitita,0,0,False,1,Baladas Acusticas,-0.955751741175169,0.1465777194204809,14.814814814814813,27,56.7037037037037
1124,does your mother know,abba,europop,1979,136,86,72,-6,6,97,196,15,4,45,zona_critica,q1_bajo,1970,abba,does your mother know,0,0,False,0,Canciones Energeticas,2.0726607031913,1.8326911679977704,14.814814814814813,27,56.7037037037037
1125,how deep is your love,bee gees,adult standards,1979,105,36,63,-9,13,67,245,11,3,77,potencial_premium,q4_alto,1970,bee gees,how deep is your love,2,2,True,0,Canciones Energeticas,-0.09331154031934172,1.2075025618770674,20.32520325203252,123,62.577235772357724
1126,bright eyes,art garfunkel,adult standards,1979,113,21,38,-16,8,21,239,75,3,57,rendimiento_medio,q2_medio_bajo,1970,art garfunkel,bright eyes,0,0,False,1,Baladas Acusticas,-3.4794803413519535,0.03267507446598964,20.32520325203252,123,62.577235772357724
1127,take the long way home - 2010 remastered,supertramp,album rock,1979,77,70,41,-9,11,37,309,22,3,64,rendimiento_medio,q3_medio_alto,1970,supertramp,take the long way home 2010 remastered,0,0,False,0,Canciones Energeticas,-0.12547562774546242,-0.42241823263329586,20.823244552058114,413,60.69491525423729
1128,breakfast in america - remastered,supertramp,album rock,1979,75,66,53,-6,7,76,159,43,3,70,rendimiento_medio,q3_medio_alto,1970,supertramp,breakfast in america remastered,0,0,False,0,Canciones Energeticas,0.5281572301466335,0.7824405494043077,20.823244552058114,413,60.69491525423729
1129,i have a dream,abba,europop,1979,104,37,55,-12,17,46,286,57,2,49,zona_critica,q1_bajo,1970,abba,i have a dream,0,0,False,1,Baladas Acusticas,-1.6376179514843188,0.7995150219874784,14.814814814814813,27,56.7037037037037
1130,boogie wonderland,"earth, wind & fire",disco,1979,132,76,80,-11,5,96,288,8,3,73,potencial_premium,q4_alto,1970,earth wind fire,boogie wonderland,6,6,True,0,Canciones Energeticas,1.3575754467105707,2.557375687728894,11.11111111111111,18,61.666666666666664
1131,boys don't cry - single version,the cure,dance rock,1979,169,84,47,-6,11,69,158,0,6,63,rendimiento_medio,q3_medio_alto,1970,the cure,boys don t cry single version,0,0,False,0,Canciones Energeticas,1.5242704942014569,0.19767745566132397,15.384615384615385,52,59.38461538461539
1132,voulez-vous,abba,europop,1979,127,78,71,-7,15,91,309,12,4,53,rendimiento_medio,q2_medio_bajo,1970,abba,voulez vous,0,0,False,0,Canciones Energeticas,1.6852562813023524,1.7582075665473225,14.814814814814813,27,56.7037037037037
1133,september morn,neil diamond,adult standards,1979,129,23,42,-17,22,20,232,63,4,59,rendimiento_medio,q2_medio_bajo,1970,neil diamond,september morn,0,0,False,1,Baladas Acusticas,-3.3180146162895,0.19935311090919652,20.32520325203252,123,62.577235772357724
1134,macarthur park - single version,donna summer,dance pop,1979,131,67,58,-12,5,45,235,8,4,52,rendimiento_medio,q2_medio_bajo,1970,donna summer,macarthur park single version,4,4,True,0,Canciones Energeticas,-0.01777600839218671,0.6279730191489349,50.602409638554214,83,68.51807228915662
1135,don't stop 'til you get enough - single version,michael jackson,pop,1979,119,82,88,-10,18,95,365,13,9,74,potencial_premium,q4_alto,1970,michael jackson,don t stop til you get enough single version,9,9,True,0,Canciones Energeticas,1.6714575292603135,2.729557858278701,42.5531914893617,47,67.61702127659575
1136,london calling - remastered,the clash,classic rock,1979,134,80,65,-7,8,78,200,12,5,73,potencial_premium,q4_alto,1970,the clash,london calling remastered,1,1,True,0,Canciones Energeticas,1.4743481296665275,1.2137456420523525,27.450980392156865,51,62.15686274509804
1137,night boat to cairo,madness,dance rock,1979,156,97,31,-5,7,60,211,12,4,34,zona_critica,q1_bajo,1970,madness,night boat to cairo,0,0,False,0,Canciones Energeticas,1.4379998528312352,-0.7071539695677447,15.384615384615385,52,59.38461538461539
1138,goodbye stranger - 2010 remastered,supertramp,album rock,1979,125,67,42,-7,6,34,351,61,5,66,rendimiento_medio,q3_medio_alto,1970,supertramp,goodbye stranger 2010 remastered,0,0,False,1,Baladas Acusticas,-0.6038268992250481,-0.5085064877226982,20.823244552058114,413,60.69491525423729
1139,walking on the moon,the police,album rock,1979,146,34,51,-13,21,27,301,0,5,64,rendimiento_medio,q3_medio_alto,1970,the police,walking on the moon,5,5,True,1,Baladas Acusticas,-1.2170773618889406,0.11829294558550155,20.823244552058114,413,60.69491525423729
1140,don't bring me down,electric light orchestra,album rock,1979,116,87,64,-6,8,81,243,14,3,70,rendimiento_medio,q3_medio_alto,1970,electric light orchestra,don t bring me down,0,0,False,0,Canciones Energeticas,1.7827526846265043,1.1425341287766897,20.823244552058114,413,60.69491525423729
1141,tragedy,bee gees,adult standards,1979,118,53,67,-11,30,81,303,9,3,64,rendimiento_medio,q3_medio_alto,1970,bee gees,tragedy,2,2,True,0,Canciones Energeticas,0.3532970922069516,1.803679023812371,20.32520325203252,123,62.577235772357724
1142,off the wall,michael jackson,pop,1979,119,60,83,-14,8,92,246,18,6,62,rendimiento_medio,q2_medio_bajo,1970,michael jackson,off the wall,9,9,True,0,Canciones Energeticas,0.36237470940038785,2.92248353927461,42.5531914893617,47,67.61702127659575
1143,the worker,fischer-z,dutch rock,1979,82,52,48,-16,12,90,215,2,3,44,zona_critica,q1_bajo,1970,fischer z,the worker,0,0,False,0,Canciones Energeticas,-0.3993091513691054,1.7538966944718268,0.0,18,44.111111111111114
1144,sure know something,kiss,album rock,1979,115,73,71,-6,13,93,242,28,3,52,rendimiento_medio,q2_medio_bajo,1970,kiss,sure know something,0,0,False,0,Canciones Energeticas,1.4529132864552505,1.7850262383736935,20.823244552058114,413,60.69491525423729
1145,relight my fire - single version,dan hartman,disco,1979,120,66,79,-11,33,87,226,1,4,52,rendimiento_medio,q2_medio_bajo,1970,dan hartman,relight my fire single version,0,0,False,0,Canciones Energeticas,1.0808409288740404,2.3167938659005434,11.11111111111111,18,61.666666666666664
1146,weekend love,golden earring,album rock,1979,167,74,49,-6,11,46,255,28,4,44,zona_critica,q1_bajo,1970,golden earring,weekend love,0,0,False,0,Canciones Energeticas,0.5248875760768614,-0.17164306695495588,20.823244552058114,413,60.69491525423729
1147,"more than a woman - from ""saturday night fever"" soundtrack",bee gees,adult standards,1979,106,68,63,-6,85,70,197,16,4,70,rendimiento_medio,q3_medio_alto,1970,bee gees,more than a woman from saturday night fever soundtrack,2,2,True,0,Canciones Energeticas,1.0975330361977533,0.9130483100401108,20.32520325203252,123,62.577235772357724
1148,rock with you - single version,michael jackson,pop,1979,114,54,81,-13,16,85,221,18,4,73,potencial_premium,q4_alto,1970,michael jackson,rock with you single version,9,9,True,0,Canciones Energeticas,0.22024007396343118,2.612188353162671,42.5531914893617,47,67.61702127659575
1149,weekend,earth & fire,classic uk pop,1979,122,57,87,-11,13,56,215,37,4,49,zona_critica,q1_bajo,1970,earth fire,weekend,0,0,False,0,Canciones Energeticas,-0.04244106697497266,1.9909809357009678,4.545454545454546,22,45.77272727272727
1150,dancin' fool,frank zappa,album rock,1979,133,64,55,-9,52,55,223,41,15,40,zona_critica,q1_bajo,1970,frank zappa,dancin fool,1,1,True,0,Canciones Energeticas,-0.14738569124938566,0.6077805325195634,20.823244552058114,413,60.69491525423729
1151,we belong to the night,ellen foley,pop,1979,101,75,36,-9,23,42,321,0,4,40,zona_critica,q1_bajo,1970,ellen foley,we belong to the night,0,0,False,0,Canciones Energeticas,0.36083658878631175,-0.566623114194798,42.5531914893617,47,67.61702127659575
1152,sausolito summernight - digitally remastered 2017,diesel,basshall,1979,125,93,62,-6,27,55,306,6,11,39,zona_critica,q1_bajo,1970,diesel,sausolito summernight digitally remastered 2017,0,0,False,0,Canciones Energeticas,1.6946897219395594,0.38754340375388113,0.0,1,39.0
1153,the river,bruce springsteen,classic rock,1980,117,54,59,-11,31,59,302,18,3,66,rendimiento_medio,q3_medio_alto,1980,bruce springsteen,the river,13,13,True,0,Canciones Energeticas,-0.17111232603597004,0.968845544920461,27.450980392156865,51,62.15686274509804
1154,a forest - remastered version,the cure,dance rock,1980,81,62,63,-11,10,42,355,34,6,53,rendimiento_medio,q2_medio_bajo,1980,the cure,a forest remastered version,0,0,False,1,Baladas Acusticas,-0.39667689177206383,0.7171420397472182,15.384615384615385,52,59.38461538461539
1155,the winner takes it all,abba,europop,1980,127,79,46,-7,8,52,295,55,4,59,rendimiento_medio,q2_medio_bajo,1980,abba,the winner takes it all,0,0,False,0,Canciones Energeticas,0.11633550636983078,-0.011986935639020946,14.814814814814813,27,56.7037037037037
1156,ace of spades,motörhead,album rock,1980,140,98,32,-7,9,23,166,0,17,74,potencial_premium,q4_alto,1980,mot rhead,ace of spades,1,1,True,0,Canciones Energeticas,0.9253347390716762,-1.4664191916961549,20.823244552058114,413,60.69491525423729
1157,another one bites the dust - remastered 2011,queen,glam rock,1980,110,53,93,-6,16,76,215,11,16,74,potencial_premium,q4_alto,1980,queen,another one bites the dust remastered 2011,0,0,False,0,Canciones Energeticas,1.3321945442411585,2.1680334940314863,18.367346938775512,49,58.714285714285715
1158,back in black,ac/dc,album rock,1980,188,70,31,-6,8,76,255,1,5,83,potencial_premium,q4_alto,1980,ac dc,back in black,1,1,True,0,Canciones Energeticas,1.011793579094468,-0.1883088436863423,20.823244552058114,413,60.69491525423729
1159,romeo and juliet,dire straits,album rock,1980,87,57,60,-8,8,49,361,44,3,54,rendimiento_medio,q2_medio_bajo,1980,dire straits,romeo and juliet,2,2,True,0,Canciones Energeticas,-0.23598018167691578,0.5624862686417234,20.823244552058114,413,60.69491525423729
1160,redemption song,bob marley & the wailers,reggae,1980,116,26,67,-11,7,69,234,61,4,71,rendimiento_medio,q3_medio_alto,1980,bob marley the wailers,redemption song,0,0,False,1,Baladas Acusticas,-1.3557130959752055,1.7369404188635948,62.5,8,69.875
1161,you shook me all night long,ac/dc,album rock,1980,127,77,53,-6,39,76,210,0,6,78,potencial_premium,q4_alto,1980,ac dc,you shook me all night long,1,1,True,0,Canciones Energeticas,1.5375806018886717,0.5861569904166509,20.823244552058114,413,60.69491525423729
1162,crazy little thing called love - remastered 2011,queen,glam rock,1980,77,76,60,-7,35,72,163,71,4,66,rendimiento_medio,q3_medio_alto,1980,queen,crazy little thing called love remastered 2011,0,0,False,0,Canciones Energeticas,0.24833052426070387,1.0471284768755729,18.367346938775512,49,58.714285714285715
1163,lay all your love on me,abba,europop,1980,133,72,68,-8,37,77,274,11,3,48,zona_critica,q1_bajo,1980,abba,lay all your love on me,0,0,False,0,Canciones Energeticas,1.1913623849303603,1.3859009516482954,14.814814814814813,27,56.7037037037037
1164,long blond animal,golden earring,album rock,1980,169,70,44,-8,28,78,217,1,4,39,zona_critica,q1_bajo,1980,golden earring,long blond animal,0,0,False,0,Canciones Energeticas,0.9607998971240768,0.5116666774235301,20.823244552058114,413,60.69491525423729
1165,think,the blues brothers,blues,1980,129,84,65,-6,24,71,195,50,19,56,rendimiento_medio,q2_medio_bajo,1980,the blues brothers,think,0,0,False,0,Canciones Energeticas,1.0007764683249938,1.0249941952703343,0.0,8,59.125
1166,once in a lifetime - 2005 remaster,talking heads,alternative rock,1980,117,92,64,-6,62,87,260,18,6,69,rendimiento_medio,q3_medio_alto,1980,talking heads,once in a lifetime 2005 remaster,0,0,False,0,Canciones Energeticas,1.9366952265045623,1.2550749942290815,39.53488372093023,86,66.94186046511628
1167,the turn of a friendly card,the alan parsons project,album rock,1980,151,32,38,-15,8,41,966,52,4,32,zona_critica,q1_bajo,1980,the alan parsons project,the turn of a friendly card,0,0,False,1,Baladas Acusticas,-2.4001464503308267,0.2969629604912115,20.823244552058114,413,60.69491525423729
1168,so long,fischer-z,dutch rock,1980,127,38,56,-15,5,89,303,1,4,49,zona_critica,q1_bajo,1980,fischer z,so long,0,0,False,1,Baladas Acusticas,-0.4909553099549649,1.9543872635557886,0.0,18,44.111111111111114
1169,tunnel of love (intro: the carousel waltz),dire straits,album rock,1980,137,69,49,-11,28,56,489,25,4,43,zona_critica,q1_bajo,1980,dire straits,tunnel of love intro the carousel waltz,2,2,True,0,Canciones Energeticas,-0.08913506893129258,0.49578526626218195,20.823244552058114,413,60.69491525423729
1170,happy new year,abba,europop,1980,133,38,51,-9,12,26,264,82,3,50,rendimiento_medio,q2_medio_bajo,1980,abba,happy new year,0,0,False,1,Baladas Acusticas,-1.9338670423782884,-0.0572909065235638,14.814814814814813,27,56.7037037037037
1171,ashes to ashes - 2017 remaster,david bowie,album rock,1980,120,74,71,-11,26,87,266,27,5,62,rendimiento_medio,q2_medio_bajo,1980,david bowie,ashes to ashes 2017 remaster,3,3,True,0,Canciones Energeticas,0.7477217580212504,2.0448713806676837,20.823244552058114,413,60.69491525423729
1172,foto van vroeger,rob de nijs,dutch pop,1980,178,29,30,-16,29,14,280,67,5,31,zona_critica,q1_bajo,1980,rob de nijs,foto van vroeger,0,0,False,1,Baladas Acusticas,-3.3412311784090027,-0.511684085839179,1.1363636363636365,88,45.23863636363637
1173,could you be loved,bob marley & the wailers,reggae,1980,103,72,92,-9,10,76,237,36,10,77,potencial_premium,q4_alto,1980,bob marley the wailers,could you be loved,0,0,False,0,Canciones Energeticas,0.9853874322190441,2.400360672879047,62.5,8,69.875
1174,9 to 5,dolly parton,classic country pop,1980,105,78,55,-6,63,81,162,42,5,76,potencial_premium,q4_alto,1980,dolly parton,9 to 5,4,4,True,0,Canciones Energeticas,0.9624495745589186,0.9028179339523289,40.0,5,67.8
1175,everybody needs somebody to love,the blues brothers,blues,1980,194,93,49,-4,37,92,203,61,7,63,rendimiento_medio,q3_medio_alto,1980,the blues brothers,everybody needs somebody to love,0,0,False,0,Canciones Energeticas,1.3628605919616137,0.7776078025543587,0.0,8,59.125
1176,super trouper,abba,europop,1980,118,63,76,-8,17,96,255,46,3,60,rendimiento_medio,q2_medio_bajo,1980,abba,super trouper,0,0,False,0,Canciones Energeticas,0.7500603687652773,2.2801856811311265,14.814814814814813,27,56.7037037037037
1177,save me - remastered 2011,queen,glam rock,1980,82,45,51,-7,13,33,230,36,3,51,rendimiento_medio,q2_medio_bajo,1980,queen,save me remastered 2011,0,0,False,1,Baladas Acusticas,-0.6245031607943632,-0.22521423708975422,18.367346938775512,49,58.714285714285715
1178,keep on loving you,reo speedwagon,album rock,1980,175,72,31,-6,12,41,200,5,3,71,rendimiento_medio,q3_medio_alto,1980,reo speedwagon,keep on loving you,0,0,False,0,Canciones Energeticas,0.5312687428711879,-1.039938483957349,20.823244552058114,413,60.69491525423729
1179,woman in love,barbra streisand,adult standards,1980,170,28,47,-16,13,33,232,25,3,68,rendimiento_medio,q3_medio_alto,1980,barbra streisand,woman in love,7,7,True,1,Baladas Acusticas,-2.1631027350864676,0.452478789851285,20.32520325203252,123,62.577235772357724
1180,the spirit of radio,rush,album rock,1980,136,92,37,-7,42,63,296,1,5,63,rendimiento_medio,q3_medio_alto,1980,rush,the spirit of radio,0,0,False,0,Canciones Energeticas,1.3607096074523672,-0.28026506247331207,20.823244552058114,413,60.69491525423729
1181,baggy trousers,madness,dance rock,1980,145,89,64,-5,34,94,167,14,4,33,zona_critica,q1_bajo,1980,madness,baggy trousers,0,0,False,0,Canciones Energeticas,2.154613966119655,1.3372837568394187,15.384615384615385,52,59.38461538461539
1182,hungry heart,bruce springsteen,classic rock,1980,110,89,64,-7,16,97,199,9,3,69,rendimiento_medio,q3_medio_alto,1980,bruce springsteen,hungry heart,13,13,True,0,Canciones Energeticas,2.0058920563134275,1.5721677035085286,27.450980392156865,51,62.15686274509804
1183,guilty (feat. barry gibb),barbra streisand,adult standards,1980,151,43,63,-16,11,95,264,23,4,67,rendimiento_medio,q3_medio_alto,1980,barbra streisand,guilty feat barry gibb,7,7,True,1,Baladas Acusticas,-0.678596983786629,2.491964796222997,20.32520325203252,123,62.577235772357724
1184,biko,peter gabriel,album rock,1980,179,36,53,-11,24,17,452,28,4,36,zona_critica,q1_bajo,1980,peter gabriel,biko,4,4,True,1,Baladas Acusticas,-1.4505033673881853,-0.18139053089371474,20.823244552058114,413,60.69491525423729
1185,food for thought,ub40,reggae fusion,1980,131,53,87,-13,20,96,250,1,8,50,rendimiento_medio,q2_medio_bajo,1980,ub40,food for thought,0,0,False,0,Canciones Energeticas,0.7239995020403092,3.0257579773138596,25.0,4,59.5
1186,late in the evening,paul simon,classic rock,1980,119,88,72,-9,9,96,243,20,4,58,rendimiento_medio,q2_medio_bajo,1980,paul simon,late in the evening,4,4,True,0,Canciones Energeticas,1.6318742003837856,2.052628788960581,27.450980392156865,51,62.15686274509804
1187,enola gay - remastered,orchestral manoeuvres in the dark,art rock,1980,143,76,56,-7,8,93,214,0,3,65,rendimiento_medio,q3_medio_alto,1980,orchestral manoeuvres in the dark,enola gay remastered,0,0,False,0,Canciones Energeticas,1.6469325789312876,1.2034249402213413,15.0,40,60.2
1188,master blaster (jammin'),stevie wonder,adult standards,1980,131,42,88,-15,18,97,308,4,5,61,rendimiento_medio,q2_medio_bajo,1980,stevie wonder,master blaster jammin,13,13,True,0,Canciones Energeticas,0.14667032113765502,3.3126585725662627,20.32520325203252,123,62.577235772357724
1189,don't stand so close to me,the police,album rock,1980,140,51,80,-9,4,52,243,5,6,67,rendimiento_medio,q3_medio_alto,1980,the police,don t stand so close to me,5,5,True,0,Canciones Energeticas,0.45923532853638677,1.360386491699388,20.823244552058114,413,60.69491525423729
1190,wish you were here,pink floyd,album rock,1981,121,32,50,-14,38,28,321,72,5,47,zona_critica,q1_bajo,1980,pink floyd,wish you were here,1,1,True,1,Baladas Acusticas,-2.5788786410652156,0.36078801074724914,20.823244552058114,413,60.69491525423729
1191,in the air tonight - 2015 remastered,phil collins,mellow gold,1981,190,24,45,-14,7,30,336,55,3,77,potencial_premium,q4_alto,1980,phil collins,in the air tonight 2015 remastered,5,5,True,1,Baladas Acusticas,-2.5512506380673905,0.2060795060473535,36.36363636363637,11,64.63636363636364
1192,don't stop believin',journey,album rock,1981,119,75,50,-9,45,51,251,13,4,80,potencial_premium,q4_alto,1980,journey,don t stop believin,0,0,False,0,Canciones Energeticas,0.49649755595418,0.14806147944997977,20.823244552058114,413,60.69491525423729
1193,the day before you came,abba,europop,1981,108,39,80,-15,5,74,349,5,4,51,rendimiento_medio,q2_medio_bajo,1980,abba,the day before you came,0,0,False,0,Canciones Energeticas,-0.36152394091969675,2.444318847325058,14.814814814814813,27,56.7037037037037
1194,golden brown,the stranglers,art rock,1981,94,38,56,-15,14,60,207,14,3,67,rendimiento_medio,q3_medio_alto,1980,the stranglers,golden brown,0,0,False,1,Baladas Acusticas,-1.081340542133533,1.2560266042067,15.0,40,60.2
1195,every little thing she does is magic,the police,album rock,1981,82,77,56,-10,12,43,261,12,3,73,potencial_premium,q4_alto,1980,the police,every little thing she does is magic,5,5,True,0,Canciones Energeticas,0.41202581772919133,0.24927843802048602,20.823244552058114,413,60.69491525423729
1196,start me up - remastered,the rolling stones,album rock,1981,122,93,63,-4,9,97,213,4,4,76,potencial_premium,q4_alto,1980,the rolling stones,start me up remastered,3,3,True,0,Canciones Energeticas,2.596161261736661,1.2137546711405818,20.823244552058114,413,60.69491525423729
1197,one of us,abba,europop,1981,82,40,65,-15,7,86,237,48,4,59,rendimiento_medio,q2_medio_bajo,1980,abba,one of us,0,0,False,1,Baladas Acusticas,-1.1138681705858269,2.314464822645333,14.814814814814813,27,56.7037037037037
1198,waiting on a friend - remastered 2009,the rolling stones,album rock,1981,117,79,61,-6,57,91,274,16,3,58,rendimiento_medio,q2_medio_bajo,1980,the rolling stones,waiting on a friend remastered 2009,3,3,True,0,Canciones Energeticas,1.6539864091096679,1.2577519364496283,20.823244552058114,413,60.69491525423729
1199,tainted love,soft cell,dance rock,1981,145,51,52,-8,29,65,154,48,4,53,rendimiento_medio,q2_medio_bajo,1980,soft cell,tainted love,0,0,False,1,Baladas Acusticas,-0.35247086080933726,0.6681508341027785,15.384615384615385,52,59.38461538461539
1200,memory,barbra streisand,adult standards,1981,76,24,18,-15,11,12,235,42,4,56,rendimiento_medio,q2_medio_bajo,1980,barbra streisand,memory,7,7,True,1,Baladas Acusticas,-3.113805325858631,-1.1705850127704476,20.32520325203252,123,62.577235772357724
1201,everytime i think of you - 2000 remaster,the babys,album rock,1981,121,73,40,-6,20,49,243,32,4,35,zona_critica,q1_bajo,1980,the babys,everytime i think of you 2000 remaster,0,0,False,0,Canciones Energeticas,0.36098344183753456,-0.46662555618096974,20.823244552058114,413,60.69491525423729
1202,don't you want me,the human league,art rock,1981,118,74,73,-8,21,96,237,18,4,74,potencial_premium,q4_alto,1980,the human league,don t you want me,0,0,False,0,Canciones Energeticas,1.4656487541315617,2.0190127663011075,15.0,40,60.2
1203,i'll find my way home - remastered,jon & vangelis,album rock,1981,172,60,53,-10,7,71,271,31,3,43,zona_critica,q1_bajo,1980,jon vangelis,i ll find my way home remastered,0,0,False,0,Canciones Energeticas,-0.014662235730365987,0.9439833593147129,20.823244552058114,413,60.69491525423729
1204,je loog tegen mij,drukwerk,dutch rock,1981,79,35,62,-14,9,66,206,46,3,46,zona_critica,q1_bajo,1980,drukwerk,je loog tegen mij,0,0,False,1,Baladas Acusticas,-1.3848943037653973,1.640011824173158,0.0,18,44.111111111111114
1205,africa,toto,album rock,1982,93,37,67,-18,5,73,296,26,3,84,potencial_premium,q4_alto,1980,toto,africa,2,2,True,1,Baladas Acusticas,-1.3653267490503904,2.2519816433615016,20.823244552058114,413,60.69491525423729
1206,telegraph road,dire straits,album rock,1982,125,59,38,-10,27,28,859,2,3,41,zona_critica,q1_bajo,1980,dire straits,telegraph road,2,2,True,0,Canciones Energeticas,-0.34373775130456147,-0.7658614058043417,20.823244552058114,413,60.69491525423729
1207,under pressure - remastered,queen,glam rock,1982,114,71,67,-8,10,47,248,42,5,72,potencial_premium,q4_alto,1980,queen,under pressure remastered,0,0,False,0,Canciones Energeticas,0.25943127184207265,0.6561635839539589,18.367346938775512,49,58.714285714285715
1208,old and wise,the alan parsons project,album rock,1982,112,32,38,-12,12,12,295,73,3,58,rendimiento_medio,q2_medio_bajo,1980,the alan parsons project,old and wise,0,0,False,1,Baladas Acusticas,-2.704487351371404,-0.6698326752257449,20.823244552058114,413,60.69491525423729
1209,private investigations,dire straits,album rock,1982,84,10,55,-20,8,7,407,70,3,38,zona_critica,q1_bajo,1980,dire straits,private investigations,2,2,True,1,Baladas Acusticas,-4.122283013503615,0.6064096482673894,20.823244552058114,413,60.69491525423729
1210,billie jean,michael jackson,pop,1982,117,65,92,-3,4,85,294,2,4,81,potencial_premium,q4_alto,1980,michael jackson,billie jean,9,9,True,0,Canciones Energeticas,2.3266367002444115,1.9606561856229971,42.5531914893617,47,67.61702127659575
1211,run to the hills - 2015 remaster,iron maiden,album rock,1982,174,94,25,-5,16,46,234,3,7,60,rendimiento_medio,q2_medio_bajo,1980,iron maiden,run to the hills 2015 remaster,1,1,True,0,Canciones Energeticas,1.268222074330177,-1.3674288920055622,20.823244552058114,413,60.69491525423729
1212,twilight zone,golden earring,album rock,1982,119,76,66,-7,9,54,478,1,4,47,zona_critica,q1_bajo,1980,golden earring,twilight zone,0,0,False,0,Canciones Energeticas,1.283366114177183,0.5621860896662306,20.823244552058114,413,60.69491525423729
1213,eye in the sky,the alan parsons project,album rock,1982,112,42,82,-13,8,52,276,56,3,67,rendimiento_medio,q3_medio_alto,1980,the alan parsons project,eye in the sky,0,0,False,1,Baladas Acusticas,-1.110695713759666,1.91586848095411,20.823244552058114,413,60.69491525423729
1214,rosanna,toto,album rock,1982,78,51,38,-13,21,74,331,2,4,70,rendimiento_medio,q3_medio_alto,1980,toto,rosanna,2,2,True,0,Canciones Energeticas,-0.34569647320080793,0.6534780685002247,20.823244552058114,413,60.69491525423729
1215,is she really going out with him? - live,joe jackson,album rock,1982,111,42,56,-8,41,45,269,91,7,35,zona_critica,q1_bajo,1980,joe jackson,is she really going out with him live,1,1,True,1,Baladas Acusticas,-1.4939243804221325,0.45852452442637287,20.823244552058114,413,60.69491525423729
1216,bloedend hart,de dijk,dutch indie,1982,115,60,62,-8,12,58,228,14,4,24,zona_critica,q1_bajo,1980,de dijk,bloedend hart,0,0,False,0,Canciones Energeticas,0.5119868427691088,0.6999416107120565,0.0,75,37.266666666666666
1217,belgie ... (is er leven op pluto ...),het goede doel,dutch pop,1982,141,66,58,-14,7,66,361,1,4,52,rendimiento_medio,q2_medio_bajo,1980,het goede doel,belgie is er leven op pluto,0,0,False,0,Canciones Energeticas,0.11455636969736627,1.2178803124910988,1.1363636363636365,88,45.23863636363637
1218,1999,prince,funk,1982,119,73,87,-8,8,63,379,14,8,68,rendimiento_medio,q3_medio_alto,1980,prince,1999,3,3,True,0,Canciones Energeticas,1.28744822792656,1.687077992330338,15.384615384615385,13,57.46153846153846
1219,islands in the stream,dolly parton,classic country pop,1982,204,41,62,-12,9,74,252,68,4,65,rendimiento_medio,q3_medio_alto,1980,dolly parton,islands in the stream,4,4,True,1,Baladas Acusticas,-1.205712038836875,1.674980569769028,40.0,5,67.8
1220,real men,joe jackson,album rock,1982,114,19,69,-19,17,32,245,67,3,31,zona_critica,q1_bajo,1980,joe jackson,real men,1,1,True,1,Baladas Acusticas,-3.1625341898001715,1.5987792246700665,20.823244552058114,413,60.69491525423729
1221,come on eileen,dexys midnight runners,bow pop,1982,107,66,45,-7,26,78,287,66,5,68,rendimiento_medio,q3_medio_alto,1980,dexys midnight runners,come on eileen,0,0,False,0,Canciones Energeticas,-0.04822020180456024,0.6128912690982687,0.0,2,62.0
1222,kristallnaach,bap,german pop,1982,159,57,35,-14,6,44,299,49,12,47,zona_critica,q1_bajo,1980,bap,kristallnaach,0,0,False,1,Baladas Acusticas,-1.5509436809844732,0.016035745976420858,11.11111111111111,9,49.666666666666664
1223,state of independence,donna summer,dance pop,1982,170,70,75,-9,6,87,351,18,14,42,zona_critica,q1_bajo,1980,donna summer,state of independence,4,4,True,0,Canciones Energeticas,1.147977819550756,1.9471712999599755,50.602409638554214,83,68.51807228915662
1224,you can't hurry love - 2016 remaster,phil collins,mellow gold,1982,98,94,62,-5,7,76,176,3,3,76,potencial_premium,q4_alto,1980,phil collins,you can t hurry love 2016 remaster,5,5,True,0,Canciones Energeticas,2.2197541986015206,0.7173989327206338,36.36363636363637,11,64.63636363636364
1225,burning heart,vandenberg,dutch rock,1982,125,55,44,-10,18,49,251,13,4,43,zona_critica,q1_bajo,1980,vandenberg,burning heart,0,0,False,0,Canciones Energeticas,-0.26066142691996225,0.014419854463789605,0.0,18,44.111111111111114
1226,always on my mind,willie nelson,classic country pop,1982,73,26,52,-14,14,20,213,76,3,63,rendimiento_medio,q3_medio_alto,1980,willie nelson,always on my mind,6,6,True,1,Baladas Acusticas,-2.8654780362560315,0.2445075094434491,40.0,5,67.8
1227,sexual healing,marvin gaye,classic soul,1982,94,60,81,-10,6,75,239,12,6,71,rendimiento_medio,q3_medio_alto,1980,marvin gaye,sexual healing,2,2,True,0,Canciones Energeticas,0.7833763856297683,1.9799644787542185,36.36363636363637,11,69.0909090909091
1228,vriendschap,het goede doel,dutch pop,1982,170,35,56,-14,20,72,247,43,3,46,zona_critica,q1_bajo,1980,het goede doel,vriendschap,0,0,False,1,Baladas Acusticas,-1.333422264800068,1.5310983420678856,1.1363636363636365,88,45.23863636363637
1229,human nature,michael jackson,pop,1982,93,51,62,-10,26,69,246,54,3,65,rendimiento_medio,q3_medio_alto,1980,michael jackson,human nature,9,9,True,1,Baladas Acusticas,-0.5098730657946036,1.2976960044875443,42.5531914893617,47,67.61702127659575
1230,save a prayer - 2009 remaster,duran duran,dance rock,1982,114,71,57,-9,16,67,333,35,3,62,rendimiento_medio,q2_medio_bajo,1980,duran duran,save a prayer 2009 remaster,2,2,True,0,Canciones Energeticas,0.3567036458263326,0.8476175018010078,15.384615384615385,52,59.38461538461539
1231,should i stay or should i go - remastered,the clash,classic rock,1982,113,83,74,-6,38,82,189,8,12,79,potencial_premium,q4_alto,1980,the clash,should i stay or should i go remastered,1,1,True,0,Canciones Energeticas,1.9757858491242442,1.4460125527628704,27.450980392156865,51,62.15686274509804
1232,p.y.t. (pretty young thing),michael jackson,pop,1982,127,82,89,-5,13,96,239,23,4,71,rendimiento_medio,q3_medio_alto,1980,michael jackson,p y t pretty young thing,9,9,True,0,Canciones Energeticas,2.246950496748381,2.296319831352669,42.5531914893617,47,67.61702127659575
1233,wanna be startin' somethin',michael jackson,pop,1982,122,92,85,-4,6,90,362,2,4,64,rendimiento_medio,q3_medio_alto,1980,michael jackson,wanna be startin somethin,9,9,True,0,Canciones Energeticas,2.8501669267127987,1.8158763343173117,42.5531914893617,47,67.61702127659575
1234,it's raining again,supertramp,album rock,1982,121,67,60,-7,26,56,264,62,3,60,rendimiento_medio,q2_medio_bajo,1980,supertramp,it s raining again,0,0,False,0,Canciones Energeticas,-0.024837190774517875,0.606835736905467,20.823244552058114,413,60.69491525423729
1235,steppin' out,joe jackson,album rock,1982,159,54,58,-8,8,55,259,5,3,48,zona_critica,q1_bajo,1980,joe jackson,steppin out,1,1,True,0,Canciones Energeticas,0.40682881890708017,0.475867735117297,20.823244552058114,413,60.69491525423729
1236,a slow song,joe jackson,album rock,1982,176,26,31,-19,7,19,423,15,3,22,zona_critica,q1_bajo,1980,joe jackson,a slow song,1,1,True,1,Baladas Acusticas,-2.8585952802751593,-0.2873472953529849,20.823244552058114,413,60.69491525423729
1237,sunday bloody sunday - remastered 2008,u2,irish rock,1983,101,94,54,-7,4,74,279,40,5,72,potencial_premium,q4_alto,1980,u2,sunday bloody sunday remastered 2008,18,18,True,0,Canciones Energeticas,1.1991069321011305,0.6352164035286006,20.588235294117645,34,58.294117647058826
1238,every breath you take,the police,album rock,1983,117,45,82,-10,7,74,254,54,3,84,potencial_premium,q4_alto,1980,the police,every breath you take,5,5,True,0,Canciones Energeticas,-0.2883708147932644,2.144743292624375,20.823244552058114,413,60.69491525423729
1239,mama - 2007 remaster,genesis,album rock,1983,83,88,56,-9,38,67,408,38,6,45,zona_critica,q1_bajo,1980,genesis,mama 2007 remaster,1,1,True,0,Canciones Energeticas,0.7423947615614547,0.7295942934788314,20.823244552058114,413,60.69491525423729
1240,99 luftballons,nena,german pop,1983,95,56,57,-7,11,50,232,10,5,73,potencial_premium,q4_alto,1980,nena,99 luftballons,0,0,False,0,Canciones Energeticas,0.4412095937768886,0.20868082460285062,11.11111111111111,9,49.666666666666664
1241,sweet dreams (are made of this) - remastered,eurythmics,dance pop,1983,125,71,69,-7,12,88,217,23,3,81,potencial_premium,q4_alto,1980,eurythmics,sweet dreams are made of this remastered,0,0,False,0,Canciones Energeticas,1.2975724805985014,1.5596887436406506,50.602409638554214,83,68.51807228915662
1242,i'm still standing,elton john,glam rock,1983,177,90,50,-7,14,77,183,36,18,79,potencial_premium,q4_alto,1980,elton john,i m still standing,2,2,True,0,Canciones Energeticas,1.1424291765537242,0.5654104807566119,18.367346938775512,49,58.714285714285715
1243,let's dance - 2018 remaster,david bowie,album rock,1983,115,74,65,-7,15,63,458,1,6,71,rendimiento_medio,q3_medio_alto,1980,david bowie,let s dance 2018 remaster,3,3,True,0,Canciones Energeticas,1.3479331449029812,0.7255365737731386,20.823244552058114,413,60.69491525423729
1244,china girl - 2002 remaster,david bowie,album rock,1983,134,63,65,-10,11,87,257,2,3,57,rendimiento_medio,q2_medio_bajo,1980,david bowie,china girl 2002 remaster,3,3,True,0,Canciones Energeticas,0.959125893214745,1.6207763647715303,20.823244552058114,413,60.69491525423729
1245,owner of a lonely heart,yes,album rock,1983,125,80,74,-6,26,89,269,18,4,70,rendimiento_medio,q3_medio_alto,1980,yes,owner of a lonely heart,1,1,True,0,Canciones Energeticas,1.836802973367428,1.6304117950546166,20.823244552058114,413,60.69491525423729
1246,waterfront - 2002 remaster,simple minds,art rock,1983,120,79,54,-6,17,48,290,0,3,54,rendimiento_medio,q2_medio_bajo,1980,simple minds,waterfront 2002 remaster,0,0,False,0,Canciones Energeticas,1.265688005713565,-0.15265802209365084,15.0,40,60.2
1247,our house,madness,dance rock,1983,122,65,60,-11,13,71,201,3,6,58,rendimiento_medio,q2_medio_bajo,1980,madness,our house,0,0,False,0,Canciones Energeticas,0.5707876461976925,1.1306110783209562,15.384615384615385,52,59.38461538461539
1248,just can't get enough (live in hammersmith) - 2018 remaster,depeche mode,dance rock,1983,127,96,65,-11,64,94,335,4,5,45,zona_critica,q1_bajo,1980,depeche mode,just can t get enough live in hammersmith 2018 remaster,1,1,True,0,Canciones Energeticas,1.7355131232682754,1.7643114988469824,15.384615384615385,52,59.38461538461539
1249,message to my girl,split enz,australian alternative rock,1983,105,40,61,-15,5,71,244,10,3,33,zona_critica,q1_bajo,1980,split enz,message to my girl,0,0,False,1,Baladas Acusticas,-0.7194958739882248,1.6330292509747648,0.0,1,33.0
1250,hello,lionel richie,adult standards,1983,61,25,49,-14,10,6,251,41,4,59,rendimiento_medio,q2_medio_bajo,1980,lionel richie,hello,2,2,True,1,Baladas Acusticas,-2.529887511002518,-0.3356573581648361,20.32520325203252,123,62.577235772357724
1251,pride and joy,stevie ray vaughan,album rock,1983,127,63,43,-12,11,74,220,3,4,65,rendimiento_medio,q3_medio_alto,1980,stevie ray vaughan,pride and joy,0,0,False,0,Canciones Energeticas,0.16946384626074065,0.678849131458045,20.823244552058114,413,60.69491525423729
1252,uptown girl,billy joel,album rock,1983,129,94,70,-3,60,79,198,7,5,77,potencial_premium,q4_alto,1980,billy joel,uptown girl,4,4,True,0,Canciones Energeticas,2.5957217795018908,0.8907376600216094,20.823244552058114,413,60.69491525423729
1253,i heard it through the grapevine,marvin gaye,classic soul,1983,117,35,72,-11,11,64,197,20,4,71,rendimiento_medio,q3_medio_alto,1980,marvin gaye,i heard it through the grapevine,2,2,True,1,Baladas Acusticas,-0.4002926628184653,1.5589041362980047,36.36363636363637,11,69.0909090909091
1254,nescio,nits,dutch indie,1983,127,52,55,-13,11,60,287,34,3,40,zona_critica,q1_bajo,1980,nits,nescio,0,0,False,1,Baladas Acusticas,-0.7723476255048177,0.9956260563897493,0.0,75,37.266666666666666
1255,uncertain smile,the the,art rock,1983,143,76,60,-12,10,84,409,6,5,48,zona_critica,q1_bajo,1980,the the,uncertain smile,0,0,False,0,Canciones Energeticas,0.8422346216672355,1.5051184261992965,15.0,40,60.2
1256,home by the sea - 2007 remaster,genesis,album rock,1983,129,72,60,-8,8,56,308,50,4,43,zona_critica,q1_bajo,1980,genesis,home by the sea 2007 remaster,1,1,True,0,Canciones Energeticas,0.17908599026974273,0.6131725855835232,20.823244552058114,413,60.69491525423729
1257,theme from harry's game,clannad,celtic,1983,132,7,19,-24,11,4,148,95,4,38,zona_critica,q1_bajo,1980,clannad,theme from harry s game,1,1,True,1,Baladas Acusticas,-5.724098233567792,-0.37086079653516646,0.0,5,48.6
1258,nur geträumt,nena,german pop,1983,177,80,54,-9,8,89,220,7,3,56,rendimiento_medio,q2_medio_bajo,1980,nena,nur getr umt,0,0,False,0,Canciones Energeticas,1.3134047591140514,1.131981525535956,11.11111111111111,9,49.666666666666664
1259,gloria - live,u2,irish rock,1983,147,95,26,-6,99,61,287,0,10,39,zona_critica,q1_bajo,1980,u2,gloria live,18,18,True,0,Canciones Energeticas,1.4339475461871256,-0.9160983130329002,20.588235294117645,34,58.294117647058826
1260,here comes the rain again - remastered version,eurythmics,dance pop,1983,126,76,65,-8,23,61,295,1,3,62,rendimiento_medio,q2_medio_bajo,1980,eurythmics,here comes the rain again remastered version,0,0,False,0,Canciones Energeticas,1.2371398379876513,0.7574207425606927,50.602409638554214,83,68.51807228915662
1261,girls just want to have fun,cyndi lauper,dance pop,1983,120,80,71,-5,35,73,238,22,3,76,potencial_premium,q4_alto,1980,cyndi lauper,girls just want to have fun,0,0,False,0,Canciones Energeticas,1.648517837177809,1.0532040717091018,50.602409638554214,83,68.51807228915662
1262,club tropicana,wham!,dance rock,1983,117,71,66,-9,65,81,266,3,5,66,rendimiento_medio,q3_medio_alto,1980,wham,club tropicana,0,0,False,0,Canciones Energeticas,1.220047093890837,1.3957688206314882,15.384615384615385,52,59.38461538461539
1263,papa can you hear me?,barbra streisand,adult standards,1983,90,14,27,-16,9,13,211,93,4,46,zona_critica,q1_bajo,1980,barbra streisand,papa can you hear me,7,7,True,1,Baladas Acusticas,-4.1842714714639415,-0.59593213857072,20.32520325203252,123,62.577235772357724
1264,karma chameleon - remastered,culture club,dance pop,1983,92,73,67,-7,19,89,253,23,4,72,potencial_premium,q4_alto,1980,culture club,karma chameleon remastered,0,0,False,0,Canciones Energeticas,1.3326785127331122,1.5037398689838912,50.602409638554214,83,68.51807228915662
1265,buffalo soldier,bob marley & the wailers,reggae,1983,124,46,93,-9,6,76,256,14,31,73,potencial_premium,q4_alto,1980,bob marley the wailers,buffalo soldier,0,0,False,0,Canciones Energeticas,0.7282433906923659,2.3843602272348132,62.5,8,69.875
1266,beast of burden,bette midler,adult standards,1983,105,79,58,-7,6,91,226,1,3,53,rendimiento_medio,q2_medio_bajo,1980,bette midler,beast of burden,2,2,True,0,Canciones Energeticas,1.7451858062906598,1.1364061667750578,20.32520325203252,123,62.577235772357724
1267,purple rain,prince,funk,1984,113,45,37,-10,69,19,521,4,3,75,potencial_premium,q4_alto,1980,prince,purple rain,3,3,True,1,Baladas Acusticas,-0.850451363791751,-1.0202329965878234,15.384615384615385,13,57.46153846153846
1268,when the lady smiles,golden earring,album rock,1984,132,82,70,-7,35,83,340,44,3,53,rendimiento_medio,q2_medio_bajo,1980,golden earring,when the lady smiles,0,0,False,0,Canciones Energeticas,1.1927575808630162,1.4681167355175502,20.823244552058114,413,60.69491525423729
1269,hallelujah,leonard cohen,canadian folk,1984,171,34,28,-13,13,23,277,72,3,67,rendimiento_medio,q3_medio_alto,1980,leonard cohen,hallelujah,1,1,True,1,Baladas Acusticas,-2.752192457768232,-0.7434045883461805,0.0,7,60.857142857142854
1270,summer of '69,bryan adams,album rock,1984,139,83,51,-6,7,77,216,2,4,81,potencial_premium,q4_alto,1980,bryan adams,summer of 69,0,0,False,0,Canciones Energeticas,1.6883027822441101,0.41069665682348655,20.823244552058114,413,60.69491525423729
1271,radio ga ga - 2011 mix,queen,glam rock,1984,112,50,74,-8,19,66,348,18,4,66,rendimiento_medio,q3_medio_alto,1980,queen,radio ga ga 2011 mix,0,0,False,0,Canciones Energeticas,0.4956534422989713,1.3272699023931696,18.367346938775512,49,58.714285714285715
1272,the unforgettable fire - remastered 2009,u2,irish rock,1984,137,74,43,-9,10,23,294,0,3,46,zona_critica,q1_bajo,1980,u2,the unforgettable fire remastered 2009,18,18,True,0,Canciones Energeticas,0.24355431929386184,-0.9104781717476839,20.588235294117645,34,58.294117647058826
1273,bad - remastered 2009,u2,irish rock,1984,99,68,37,-9,9,34,368,1,3,41,zona_critica,q1_bajo,1980,u2,bad remastered 2009,18,18,True,0,Canciones Energeticas,0.12881170208725387,-0.8353508097846051,20.588235294117645,34,58.294117647058826
1274,i'm on fire,bruce springsteen,classic rock,1984,89,45,62,-14,7,87,156,59,3,74,potencial_premium,q4_alto,1980,bruce springsteen,i m on fire,13,13,True,1,Baladas Acusticas,-1.028879894807652,2.0724561346718575,27.450980392156865,51,62.15686274509804
1275,pride (in the name of love) - remastered 2009,u2,irish rock,1984,106,84,46,-7,78,71,228,0,3,59,rendimiento_medio,q2_medio_bajo,1980,u2,pride in the name of love remastered 2009,18,18,True,0,Canciones Energeticas,1.4570240501352067,0.15990838827180495,20.588235294117645,34,58.294117647058826
1276,fade to black (remastered),metallica,alternative metal,1984,113,93,26,-7,11,28,417,0,11,62,rendimiento_medio,q2_medio_bajo,1980,metallica,fade to black remastered,7,7,True,0,Canciones Energeticas,0.818694433789878,-1.6554258113868856,37.142857142857146,70,66.01428571428572
1277,dancing in the dark,bruce springsteen,classic rock,1984,149,94,53,-6,19,50,241,1,4,77,potencial_premium,q4_alto,1980,bruce springsteen,dancing in the dark,13,13,True,0,Canciones Energeticas,1.6595484009729282,-0.22032732779530048,27.450980392156865,51,62.15686274509804
1278,forever young,alphaville,dance rock,1984,137,48,49,-9,24,33,227,42,3,74,potencial_premium,q4_alto,1980,alphaville,forever young,0,0,False,1,Baladas Acusticas,-0.9026443871269798,-0.22577031378533555,15.384615384615385,52,59.38461538461539
1279,when doves cry,prince,funk,1984,126,99,73,-5,44,84,353,1,5,70,rendimiento_medio,q3_medio_alto,1980,prince,when doves cry,3,3,True,0,Canciones Energeticas,2.6755116865390614,1.2349724331063232,15.384615384615385,13,57.46153846153846
1280,i want to know what love is - 1999 remaster,foreigner,album rock,1984,81,47,48,-10,13,42,305,19,3,77,potencial_premium,q4_alto,1980,foreigner,i want to know what love is 1999 remaster,0,0,False,1,Baladas Acusticas,-0.5775795484845814,-0.01870956173838941,20.823244552058114,413,60.69491525423729
1281,born in the u.s.a.,bruce springsteen,classic rock,1984,122,95,40,-6,10,58,279,0,6,75,potencial_premium,q4_alto,1980,bruce springsteen,born in the u s a,13,13,True,0,Canciones Energeticas,1.6143850812138347,-0.5059739981030286,27.450980392156865,51,62.15686274509804
1282,vienna,ultravox,art rock,1984,81,61,58,-10,11,46,278,16,6,53,rendimiento_medio,q2_medio_bajo,1980,ultravox,vienna,0,0,False,0,Canciones Energeticas,0.036303487796123246,0.3836473420050061,15.0,40,60.2
1283,my hometown,bruce springsteen,classic rock,1984,117,34,65,-12,7,39,280,49,4,58,rendimiento_medio,q2_medio_bajo,1980,bruce springsteen,my hometown,13,13,True,1,Baladas Acusticas,-1.4692527091327738,0.8423079811079611,27.450980392156865,51,62.15686274509804
1284,slippery people - live,talking heads,alternative rock,1984,111,85,64,-8,68,84,241,22,4,54,rendimiento_medio,q2_medio_bajo,1980,talking heads,slippery people live,0,0,False,0,Canciones Energeticas,1.42342844346293,1.285128469908623,39.53488372093023,86,66.94186046511628
1285,the power of love,frankie goes to hollywood,art rock,1984,123,16,46,-17,18,10,333,38,3,72,potencial_premium,q4_alto,1980,frankie goes to hollywood,the power of love,0,0,False,1,Baladas Acusticas,-3.100180415808818,-0.08615140675434277,15.0,40,60.2
1286,the boys of summer,don henley,album rock,1984,177,55,52,-14,18,91,289,50,4,76,potencial_premium,q4_alto,1980,don henley,the boys of summer,2,2,True,1,Baladas Acusticas,-0.7172252244962171,1.7414603798257757,20.823244552058114,413,60.69491525423729
1287,private dancer - 2015 remaster,tina turner,disco,1984,115,57,59,-10,9,47,434,36,4,59,rendimiento_medio,q2_medio_bajo,1980,tina turner,private dancer 2015 remaster,6,6,True,1,Baladas Acusticas,-0.3708387765638494,0.5189234695078059,11.11111111111111,18,61.666666666666664
1288,easy lover,philip bailey,yacht rock,1984,129,92,74,-5,8,93,306,11,4,64,rendimiento_medio,q3_medio_alto,1980,philip bailey,easy lover,1,1,True,0,Canciones Energeticas,2.4633859019284325,1.5472502608026546,0.0,1,64.0
1289,be my number two,joe jackson,album rock,1984,110,31,40,-10,37,28,260,34,3,52,rendimiento_medio,q2_medio_bajo,1980,joe jackson,be my number two,1,1,True,1,Baladas Acusticas,-1.5455790898641713,-0.5495511071158307,20.823244552058114,413,60.69491525423729
1290,tinseltown in the rain,the blue nile,art rock,1984,118,82,78,-7,8,91,358,6,3,55,rendimiento_medio,q2_medio_bajo,1980,the blue nile,tinseltown in the rain,0,0,False,0,Canciones Energeticas,2.04957065215238,1.842800218177364,15.0,40,60.2
1291,glory days,bruce springsteen,classic rock,1984,117,96,57,-5,12,98,255,5,3,67,rendimiento_medio,q3_medio_alto,1980,bruce springsteen,glory days,13,13,True,0,Canciones Energeticas,2.4790883549397282,1.0162072546070793,27.450980392156865,51,62.15686274509804
1292,it's my life - 1997 remaster,talk talk,art rock,1984,126,80,63,-8,40,87,232,20,3,69,rendimiento_medio,q3_medio_alto,1980,talk talk,it s my life 1997 remaster,0,0,False,0,Canciones Energeticas,1.3524987095825132,1.3345071585310997,15.0,40,60.2
1293,heaven,bryan adams,album rock,1984,140,59,38,-7,12,34,243,5,3,76,potencial_premium,q4_alto,1980,bryan adams,heaven,0,0,False,0,Canciones Energeticas,0.11654891765917824,-0.9300848117588495,20.823244552058114,413,60.69491525423729
1294,smalltown boy,bronski beat,dance rock,1984,135,58,69,-11,12,94,302,29,3,71,rendimiento_medio,q3_medio_alto,1980,bronski beat,smalltown boy,0,0,False,0,Canciones Energeticas,0.41010724357452627,2.0974066058476253,15.384615384615385,52,59.38461538461539
1295,i would die 4 u,prince,funk,1984,135,75,73,-10,20,64,179,9,3,60,rendimiento_medio,q2_medio_bajo,1980,prince,i would die 4 u,3,3,True,0,Canciones Energeticas,0.9775421435240239,1.2991237358971826,15.384615384615385,13,57.46153846153846
1296,thank god it's christmas - 2011 remaster,queen,glam rock,1984,86,42,30,-9,23,33,262,22,3,72,potencial_premium,q4_alto,1980,queen,thank god it s christmas 2011 remaster,0,0,False,1,Baladas Acusticas,-1.0091486164367358,-0.9568988422704635,18.367346938775512,49,58.714285714285715
1297,let's go crazy,prince,funk,1984,196,93,31,-6,11,38,280,2,13,62,rendimiento_medio,q2_medio_bajo,1980,prince,let s go crazy,3,3,True,0,Canciones Energeticas,1.1290297279086965,-1.310483717704031,15.384615384615385,13,57.46153846153846
1298,wake me up before you go-go,wham!,dance rock,1984,82,57,62,-12,6,90,231,27,4,79,potencial_premium,q4_alto,1980,wham,wake me up before you go go,0,0,False,0,Canciones Energeticas,0.12393627832729134,1.8298994291166364,15.384615384615385,52,59.38461538461539
1299,you'll never walk alone,lee towers,dutch pop,1984,79,27,34,-16,26,14,210,61,3,44,zona_critica,q1_bajo,1980,lee towers,you ll never walk alone,0,0,False,1,Baladas Acusticas,-3.188036456242209,-0.4868038230202335,1.1363636363636365,88,45.23863636363637
1300,run to you,bryan adams,album rock,1984,127,81,56,-6,29,64,233,1,3,65,rendimiento_medio,q3_medio_alto,1980,bryan adams,run to you,0,0,False,0,Canciones Energeticas,1.5548915587632028,0.27967022220863663,20.823244552058114,413,60.69491525423729
1301,perhaps love,john denver,adult standards,1984,81,25,39,-11,10,20,177,79,4,59,rendimiento_medio,q2_medio_bajo,1980,john denver,perhaps love,1,1,True,1,Baladas Acusticas,-2.7049165412412917,-0.5374624798168134,20.32520325203252,123,62.577235772357724
1302,don't answer me,the alan parsons project,album rock,1984,115,78,62,-9,22,63,252,7,3,57,rendimiento_medio,q2_medio_bajo,1980,the alan parsons project,don t answer me,0,0,False,0,Canciones Energeticas,1.04655306485353,0.7677975332116275,20.823244552058114,413,60.69491525423729
1303,nightporter,japan,art pop,1984,110,8,52,-20,10,10,408,75,3,41,zona_critica,q1_bajo,1980,japan,nightporter,0,0,False,1,Baladas Acusticas,-4.239053976645741,0.5371742966951568,7.142857142857142,14,59.42857142857143
1304,big in japan,alphaville,dance rock,1984,98,41,75,-15,34,24,286,7,4,66,rendimiento_medio,q3_medio_alto,1980,alphaville,big in japan,0,0,False,1,Baladas Acusticas,-1.0489524607121485,0.9542260838227609,15.384615384615385,52,59.38461538461539
1305,relax,frankie goes to hollywood,art rock,1984,115,70,68,-13,5,69,237,33,4,61,rendimiento_medio,q2_medio_bajo,1980,frankie goes to hollywood,relax,0,0,False,0,Canciones Energeticas,0.03433268505019077,1.5933403305666287,15.0,40,60.2
1306,two tribes,frankie goes to hollywood,art rock,1984,130,62,54,-13,37,20,208,0,4,54,rendimiento_medio,q2_medio_bajo,1980,frankie goes to hollywood,two tribes,0,0,False,1,Baladas Acusticas,-0.4854110726880934,-0.18514799948351426,15.0,40,60.2
1307,dancing with tears in my eyes,ultravox,art rock,1984,144,91,59,-8,60,93,244,15,4,59,rendimiento_medio,q2_medio_bajo,1980,ultravox,dancing with tears in my eyes,0,0,False,0,Canciones Energeticas,1.73974382527725,1.2797272389250303,15.0,40,60.2
1308,that was yesterday,foreigner,album rock,1984,115,68,43,-7,21,51,229,5,3,54,rendimiento_medio,q2_medio_bajo,1980,foreigner,that was yesterday,0,0,False,0,Canciones Energeticas,0.6498509189329177,-0.3649033230204253,20.823244552058114,413,60.69491525423729
1309,how soon is now? - 2011 remaster,the smiths,dance rock,1984,191,93,40,-7,9,73,408,0,6,70,rendimiento_medio,q3_medio_alto,1980,the smiths,how soon is now 2011 remaster,0,0,False,0,Canciones Energeticas,1.626513963394236,-0.04347608213012235,15.384615384615385,52,59.38461538461539
1310,no surrender,bruce springsteen,classic rock,1984,154,95,35,-5,56,86,240,0,5,52,rendimiento_medio,q2_medio_bajo,1980,bruce springsteen,no surrender,13,13,True,0,Canciones Energeticas,2.0481910405664436,-0.09180906548034609,27.450980392156865,51,62.15686274509804
1311,brothers in arms,dire straits,album rock,1985,79,44,22,-9,12,13,419,50,4,52,rendimiento_medio,q2_medio_bajo,1980,dire straits,brothers in arms,2,2,True,1,Baladas Acusticas,-1.7965841653204944,-1.6899450230538218,20.823244552058114,413,60.69491525423729
1312,jeanny,falco,austropop,1985,106,66,65,-10,19,45,356,45,5,58,rendimiento_medio,q2_medio_bajo,1980,falco,jeanny,0,0,False,0,Canciones Energeticas,-0.21350528781149686,0.6549656021501491,0.0,2,42.0
1313,money for nothing,dire straits,album rock,1985,134,66,67,-9,6,66,506,5,4,62,rendimiento_medio,q2_medio_bajo,1980,dire straits,money for nothing,2,2,True,0,Canciones Energeticas,0.8957807398740327,1.0344253525297247,20.823244552058114,413,60.69491525423729
1314,kronenburg park,frank boeijen groep,dutch cabaret,1985,90,55,50,-13,10,45,244,45,3,53,rendimiento_medio,q2_medio_bajo,1980,frank boeijen groep,kronenburg park,0,0,False,1,Baladas Acusticas,-1.1289976095128436,0.41245716061141474,0.0,51,46.05882352941177
1315,walk of life,dire straits,album rock,1985,172,94,46,-7,12,80,252,44,11,61,rendimiento_medio,q2_medio_bajo,1980,dire straits,walk of life,2,2,True,0,Canciones Energeticas,1.1158790280231377,0.4464393135692158,20.823244552058114,413,60.69491525423729
1316,take on me,a-ha,dance rock,1985,84,90,57,-8,9,88,225,2,5,83,potencial_premium,q4_alto,1980,a ha,take on me,0,0,False,0,Canciones Energeticas,1.8447509874624628,1.0217152190498522,15.384615384615385,52,59.38461538461539
1317,groot hart,de dijk,dutch indie,1985,129,46,78,-14,22,66,195,46,4,26,zona_critica,q1_bajo,1980,de dijk,groot hart,0,0,False,1,Baladas Acusticas,-0.8164507522653118,2.0729111817317665,0.0,75,37.266666666666666
1318,alive and kicking,simple minds,art rock,1985,103,91,57,-4,13,56,289,8,4,64,rendimiento_medio,q3_medio_alto,1980,simple minds,alive and kicking,0,0,False,0,Canciones Energeticas,1.8884397562708666,-0.09965005810363856,15.0,40,60.2
1319,holding back the years - 2008 remaster,simply red,british soul,1985,86,51,71,-9,10,52,270,58,3,68,rendimiento_medio,q3_medio_alto,1980,simply red,holding back the years 2008 remaster,0,0,False,1,Baladas Acusticas,-0.498201266203606,1.0511613033946086,38.70967741935484,31,66.38709677419355
1320,running up that hill (a deal with god),kate bush,art pop,1985,108,55,63,-13,6,20,299,72,6,67,rendimiento_medio,q3_medio_alto,1980,kate bush,running up that hill a deal with god,0,0,False,1,Baladas Acusticas,-1.7159283784301593,0.35595947464553973,7.142857142857142,14,59.42857142857143
1321,cloudbusting,kate bush,art pop,1985,113,25,68,-17,8,81,310,70,3,60,rendimiento_medio,q2_medio_bajo,1980,kate bush,cloudbusting,0,0,False,1,Baladas Acusticas,-2.11444408418997,2.4882512579279843,7.142857142857142,14,59.42857142857143
1322,binnen zonder kloppen,de dijk,dutch indie,1985,117,47,73,-13,14,58,284,17,4,26,zona_critica,q1_bajo,1980,de dijk,binnen zonder kloppen,0,0,False,0,Canciones Energeticas,-0.35438613315155937,1.5164474918521806,0.0,75,37.266666666666666
1323,nikita,elton john,glam rock,1985,87,66,63,-9,7,75,343,12,3,68,rendimiento_medio,q3_medio_alto,1980,elton john,nikita,2,2,True,0,Canciones Energeticas,0.8396147907857932,1.1293630726675976,18.367346938775512,49,58.714285714285715
1324,everybody wants to rule the world,tears for fears,art rock,1985,112,80,65,-12,10,54,251,35,5,80,potencial_premium,q4_alto,1980,tears for fears,everybody wants to rule the world,0,0,False,0,Canciones Energeticas,0.16220604952809775,0.9700455107945823,15.0,40,60.2
1325,eye of the tiger,survivor,album rock,1985,109,60,82,-9,9,55,246,13,3,76,potencial_premium,q4_alto,1980,survivor,eye of the tiger,1,1,True,0,Canciones Energeticas,0.6855187069764203,1.3590108702516077,20.823244552058114,413,60.69491525423729
1326,russians,sting,permanent wave,1985,116,28,44,-18,18,20,238,46,4,50,rendimiento_medio,q2_medio_bajo,1980,sting,russians,8,8,True,1,Baladas Acusticas,-2.9443224005953286,0.12546244428178685,34.21052631578947,38,67.65789473684211
1327,dancing in the street - 2002 remaster,david bowie,album rock,1985,131,82,60,-14,13,74,205,12,4,57,rendimiento_medio,q2_medio_bajo,1980,david bowie,dancing in the street 2002 remaster,3,3,True,0,Canciones Energeticas,0.5155931126496133,1.3772453916896517,20.823244552058114,413,60.69491525423729
1328,raspberry beret,prince,funk,1985,121,67,76,-13,7,91,215,21,4,69,rendimiento_medio,q3_medio_alto,1980,prince,raspberry beret,3,3,True,0,Canciones Energeticas,0.57965862285984,2.3712799400544142,15.384615384615385,13,57.46153846153846
1329,your latest trick,dire straits,album rock,1985,123,41,70,-14,14,26,394,72,3,46,zona_critica,q1_bajo,1980,dire straits,your latest trick,2,2,True,1,Baladas Acusticas,-2.0289942569988595,0.8982008775277726,20.823244552058114,413,60.69491525423729
1330,road to nowhere,talking heads,alternative rock,1985,110,71,66,-8,15,63,259,4,3,55,rendimiento_medio,q2_medio_bajo,1980,talking heads,road to nowhere,0,0,False,0,Canciones Energeticas,1.1224979069557384,0.8148991964908558,39.53488372093023,86,66.94186046511628
1331,why worry,dire straits,album rock,1985,94,13,60,-21,11,11,511,93,3,44,zona_critica,q1_bajo,1980,dire straits,why worry,2,2,True,1,Baladas Acusticas,-4.400512488262484,0.9493767659985257,20.823244552058114,413,60.69491525423729
1332,close to me - remastered,the cure,dance rock,1985,185,52,73,-11,8,96,203,7,12,60,rendimiento_medio,q2_medio_bajo,1980,the cure,close to me remastered,0,0,False,0,Canciones Energeticas,0.7181300797904941,2.221374057571319,15.384615384615385,52,59.38461538461539
1333,so far away,dire straits,album rock,1985,114,46,69,-12,6,70,312,25,3,50,rendimiento_medio,q2_medio_bajo,1980,dire straits,so far away,2,2,True,0,Canciones Energeticas,-0.27722835829050513,1.6032470644807235,20.823244552058114,413,60.69491525423729
1334,broken wings,mr. mister,album rock,1985,99,50,29,-14,11,44,344,13,4,60,rendimiento_medio,q2_medio_bajo,1980,mr mister,broken wings,0,0,False,1,Baladas Acusticas,-1.1894257414746618,-0.3673795739629017,20.823244552058114,413,60.69491525423729
1335,shout,tears for fears,art rock,1985,98,94,51,-10,14,50,394,17,4,71,rendimiento_medio,q3_medio_alto,1980,tears for fears,shout,0,0,False,0,Canciones Energeticas,0.8320918320742318,0.07936448548921124,15.0,40,60.2
1336,josephine,chris rea,art rock,1985,110,47,66,-16,5,66,238,2,3,57,rendimiento_medio,q2_medio_bajo,1980,chris rea,josephine,0,0,False,1,Baladas Acusticas,-0.5108563259502996,1.6764722781544346,15.0,40,60.2
1337,greatest love of all,whitney houston,dance pop,1985,131,31,50,-16,12,25,291,48,3,66,rendimiento_medio,q3_medio_alto,1980,whitney houston,greatest love of all,6,6,True,1,Baladas Acusticas,-2.4722870597092816,0.2853424253180706,50.602409638554214,83,68.51807228915662
1338,in between days - 2006 remaster,the cure,dance rock,1985,143,83,54,-6,17,71,178,11,3,54,rendimiento_medio,q2_medio_bajo,1980,the cure,in between days 2006 remaster,0,0,False,0,Canciones Energeticas,1.515186531996194,0.37258274341197384,15.384615384615385,52,59.38461538461539
1339,i got you babe,ub40,reggae fusion,1985,174,61,76,-13,11,86,189,8,7,65,rendimiento_medio,q3_medio_alto,1980,ub40,i got you babe,0,0,False,0,Canciones Energeticas,0.5740085675268722,2.232428713470836,25.0,4,59.5
1340,moon over bourbon street,sting,permanent wave,1985,125,6,41,-22,10,18,240,67,4,51,rendimiento_medio,q2_medio_bajo,1980,sting,moon over bourbon street,8,8,True,1,Baladas Acusticas,-4.475900255467482,0.46350221290785765,34.21052631578947,38,67.65789473684211
1341,we are the world,u.s.a. for africa,electro,1985,73,45,53,-15,7,29,427,19,4,70,rendimiento_medio,q3_medio_alto,1980,u s a for africa,we are the world,0,0,False,1,Baladas Acusticas,-1.3953706979926312,0.2665234938115807,42.857142857142854,7,71.14285714285714
1342,out in the fields,gary moore,album rock,1985,180,95,44,-8,39,36,258,3,6,52,rendimiento_medio,q2_medio_bajo,1980,gary moore,out in the fields,0,0,False,0,Canciones Energeticas,1.0712346379281774,-0.7404357990361455,20.823244552058114,413,60.69491525423729
1343,hunting high and low,a-ha,dance rock,1985,117,67,60,-8,11,30,224,4,3,37,zona_critica,q1_bajo,1980,a ha,hunting high and low,0,0,False,0,Canciones Energeticas,0.49048049685259415,-0.19663973361417805,15.384615384615385,52,59.38461538461539
1344,take me home - 2016 remaster,phil collins,mellow gold,1985,119,81,62,-8,5,58,354,47,5,56,rendimiento_medio,q2_medio_bajo,1980,phil collins,take me home 2016 remaster,5,5,True,0,Canciones Energeticas,0.5405628923266853,0.6376144891234636,36.36363636363637,11,64.63636363636364
1345,master of puppets (remastered),metallica,alternative metal,1986,105,83,54,-9,15,56,515,0,4,67,rendimiento_medio,q3_medio_alto,1980,metallica,master of puppets remastered,7,7,True,0,Canciones Energeticas,1.102098691289791,0.2098173158704567,37.142857142857146,70,66.01428571428572
1346,angel of death,slayer,alternative metal,1986,90,100,28,-4,15,10,291,0,16,57,rendimiento_medio,q2_medio_bajo,1980,slayer,angel of death,2,2,True,0,Canciones Energeticas,1.220050632569227,-2.3684735729538064,37.142857142857146,70,66.01428571428572
1347,livin' on a prayer,bon jovi,glam metal,1986,123,89,53,-4,29,80,249,8,3,83,potencial_premium,q4_alto,1980,bon jovi,livin on a prayer,0,0,False,0,Canciones Energeticas,2.1078381233189116,0.32108353912782744,64.70588235294117,17,71.94117647058823
1348,graceland,paul simon,classic rock,1986,118,71,73,-9,8,85,291,63,3,65,rendimiento_medio,q3_medio_alto,1980,paul simon,graceland,4,4,True,0,Canciones Energeticas,0.41569210200488027,1.844783273993734,27.450980392156865,51,62.15686274509804
1349,don't give up - 2012 remaster,peter gabriel,album rock,1986,161,26,54,-16,8,36,394,83,5,45,zona_critica,q1_bajo,1980,peter gabriel,don t give up 2012 remaster,4,4,True,1,Baladas Acusticas,-2.9650729270571907,0.7954404703417546,20.823244552058114,413,60.69491525423729
1350,sometimes it snows in april,prince,funk,1986,104,6,49,-24,10,6,409,83,4,53,rendimiento_medio,q2_medio_bajo,1980,prince,sometimes it snows in april,3,3,True,1,Baladas Acusticas,-5.042112905738591,0.658404032023148,15.384615384615385,13,57.46153846153846
1351,a kind of magic - remastered 2011,queen,glam rock,1986,130,78,67,-6,12,70,264,2,4,54,rendimiento_medio,q2_medio_bajo,1980,queen,a kind of magic remastered 2011,0,0,False,0,Canciones Energeticas,1.7276117232172163,0.7867876754616013,18.367346938775512,49,58.714285714285715
1352,the final countdown,europe,album rock,1986,118,84,54,-7,6,19,310,6,6,75,potencial_premium,q4_alto,1980,europe,the final countdown,0,0,False,0,Canciones Energeticas,0.8075875241985079,-0.8574726298189614,20.823244552058114,413,60.69491525423729
1353,de verzoening,frank boeijen groep,dutch cabaret,1986,101,31,61,-15,6,28,302,70,3,47,zona_critica,q1_bajo,1980,frank boeijen groep,de verzoening,0,0,False,1,Baladas Acusticas,-2.4862331121881076,0.7099915059118742,0.0,51,46.05882352941177
1354,i want you,elvis costello & the attractions,art rock,1986,123,13,50,-18,36,21,401,35,8,51,rendimiento_medio,q2_medio_bajo,1980,elvis costello the attractions,i want you,0,0,False,1,Baladas Acusticas,-3.034829893038265,0.3639668163104602,15.0,40,60.2
1355,you can call me al,paul simon,classic rock,1986,128,76,78,-8,8,82,280,18,5,75,potencial_premium,q4_alto,1980,paul simon,you can call me al,4,4,True,0,Canciones Energeticas,1.4625290787836374,1.7133626592226356,27.450980392156865,51,62.15686274509804
1356,don't dream it's over,crowded house,australian pop,1986,82,42,44,-17,7,55,237,1,4,72,potencial_premium,q4_alto,1980,crowded house,don t dream it s over,0,0,False,1,Baladas Acusticas,-1.2226179231501901,0.6801098539280456,37.5,8,63.375
1357,land of confusion - 2007 remaster,genesis,album rock,1986,115,91,63,-7,23,81,287,4,4,56,rendimiento_medio,q2_medio_bajo,1980,genesis,land of confusion 2007 remaster,1,1,True,0,Canciones Energeticas,1.9809913123101457,0.9559589139112696,20.823244552058114,413,60.69491525423729
1358,life's what you make it - 1997 remaster,talk talk,art rock,1986,92,80,53,-8,4,94,269,0,3,59,rendimiento_medio,q2_medio_bajo,1980,talk talk,life s what you make it 1997 remaster,0,0,False,0,Canciones Energeticas,1.6512093755674293,1.0257257132917812,15.0,40,60.2
1359,there is a light that never goes out - 2011 remaster,the smiths,dance rock,1986,136,77,52,-6,14,88,245,4,3,73,potencial_premium,q4_alto,1980,the smiths,there is a light that never goes out 2011 remaster,0,0,False,0,Canciones Energeticas,1.6842057181586547,0.689043952417863,15.384615384615385,52,59.38461538461539
1360,you give love a bad name,bon jovi,glam metal,1986,123,96,54,-3,34,81,223,7,5,80,potencial_premium,q4_alto,1980,bon jovi,you give love a bad name,0,0,False,0,Canciones Energeticas,2.469292693927201,0.2650452090337288,64.70588235294117,17,71.94117647058823
1361,the lady in red,chris de burgh,classic uk pop,1986,77,29,55,-17,4,49,256,33,3,74,potencial_premium,q4_alto,1980,chris de burgh,the lady in red,0,0,False,1,Baladas Acusticas,-2.005321673943452,1.0782351224377413,4.545454545454546,22,45.77272727272727
1362,one vision - remastered 2011,queen,glam rock,1986,120,92,46,-7,34,33,311,4,26,49,zona_critica,q1_bajo,1980,queen,one vision remastered 2011,0,0,False,0,Canciones Energeticas,1.1142940562810226,-0.8426065755631256,18.367346938775512,49,58.714285714285715
1363,diamonds on the soles of her shoes,paul simon,classic rock,1986,111,68,79,-10,22,88,349,78,4,63,rendimiento_medio,q3_medio_alto,1980,paul simon,diamonds on the soles of her shoes,4,4,True,0,Canciones Energeticas,0.08281397756043056,2.2811636625064504,27.450980392156865,51,62.15686274509804
1364,absolute beginners - 2002 remaster,david bowie,album rock,1986,114,77,56,-9,21,43,338,7,4,46,zona_critica,q1_bajo,1980,david bowie,absolute beginners 2002 remaster,3,3,True,0,Canciones Energeticas,0.6877716062349177,0.007833420387975526,20.823244552058114,413,60.69491525423729
1365,friends will be friends - remastered 2011,queen,glam rock,1986,75,53,44,-8,34,35,247,4,3,50,rendimiento_medio,q2_medio_bajo,1980,queen,friends will be friends remastered 2011,0,0,False,0,Canciones Energeticas,-0.03200791526865433,-0.6345256605801146,18.367346938775512,49,58.714285714285715
1366,kiss,prince,funk,1986,111,27,90,-12,5,74,226,1,9,74,potencial_premium,q4_alto,1980,prince,kiss,3,3,True,0,Canciones Energeticas,0.008635166195343753,2.4389037666336577,15.384615384615385,13,57.46153846153846
1367,in a lifetime,clannad,celtic,1986,134,38,44,-16,7,30,192,66,3,32,zona_critica,q1_bajo,1980,clannad,in a lifetime,1,1,True,1,Baladas Acusticas,-2.6020121656360877,0.18863237222337162,0.0,5,48.6
1368,wanted dead or alive,bon jovi,glam metal,1986,150,80,25,-4,31,25,309,13,4,73,potencial_premium,q4_alto,1980,bon jovi,wanted dead or alive,0,0,False,0,Canciones Energeticas,0.6425067233728313,-1.9985515435260375,64.70588235294117,17,71.94117647058823
1369,true colors,cyndi lauper,dance pop,1986,172,14,39,-17,10,26,226,79,4,69,rendimiento_medio,q3_medio_alto,1980,cyndi lauper,true colors,0,0,False,1,Baladas Acusticas,-3.7013904481199296,0.12371990285196349,50.602409638554214,83,68.51807228915662
1370,bigmouth strikes again - 2011 remaster,the smiths,dance rock,1986,135,90,40,-5,54,84,193,7,4,67,rendimiento_medio,q3_medio_alto,1980,the smiths,bigmouth strikes again 2011 remaster,0,0,False,0,Canciones Energeticas,1.873613543012911,0.025782305110769572,15.384615384615385,52,59.38461538461539
1371,anne,herman van veen,dutch pop,1986,115,8,67,-27,17,28,228,67,4,42,zona_critica,q1_bajo,1980,herman van veen,anne,0,0,False,1,Baladas Acusticas,-4.570841330610884,2.0633552420659167,1.1363636363636365,88,45.23863636363637
1372,you can leave your hat on,joe cocker,album rock,1986,174,54,65,-13,19,90,255,12,3,58,rendimiento_medio,q2_medio_bajo,1980,joe cocker,you can leave your hat on,0,0,False,0,Canciones Energeticas,0.22721950955181433,1.9387083821576687,20.823244552058114,413,60.69491525423729
1373,living in another world - 1997 remaster,talk talk,art rock,1986,111,86,56,-8,23,94,418,0,3,53,rendimiento_medio,q2_medio_bajo,1980,talk talk,living in another world 1997 remaster,0,0,False,0,Canciones Energeticas,1.850949655722291,1.113112174306068,15.0,40,60.2
1374,"fire - live at the winterland, san francisco, ca - december 1978",bruce springsteen,classic rock,1986,120,32,43,-21,98,52,193,20,17,41,zona_critica,q1_bajo,1980,bruce springsteen,fire live at the winterland san francisco ca december 1978,13,13,True,1,Baladas Acusticas,-2.3945244127448597,1.016455506510083,27.450980392156865,51,62.15686274509804
1375,sledgehammer - 2012 remaster,peter gabriel,album rock,1986,96,68,64,-8,4,47,312,4,4,57,rendimiento_medio,q2_medio_bajo,1980,peter gabriel,sledgehammer 2012 remaster,4,4,True,0,Canciones Energeticas,0.8136230827632759,0.3338915828577718,20.823244552058114,413,60.69491525423729
1376,don't leave me this way (with sarah jane morris),the communards,dance rock,1986,132,93,64,-6,13,90,271,14,3,64,rendimiento_medio,q3_medio_alto,1980,the communards,don t leave me this way with sarah jane morris,0,0,False,0,Canciones Energeticas,2.137134710413971,1.146816279727738,15.384615384615385,52,59.38461538461539
1377,the way it is,bruce hornsby,album rock,1986,111,69,58,-12,14,53,298,61,3,66,rendimiento_medio,q3_medio_alto,1980,bruce hornsby,the way it is,0,0,False,1,Baladas Acusticas,-0.6599959731104497,0.7803248805674162,20.823244552058114,413,60.69491525423729
1378,walk this way (feat. aerosmith),run–d.m.c.,east coast hip hop,1986,106,58,76,-13,6,94,310,1,5,68,rendimiento_medio,q3_medio_alto,1980,run d m c,walk this way feat aerosmith,0,0,False,0,Canciones Energeticas,0.7305937364591159,2.390686306550524,66.66666666666666,6,69.83333333333333
1379,i'll be over you,toto,album rock,1986,82,28,52,-18,26,41,230,6,3,68,rendimiento_medio,q3_medio_alto,1980,toto,i ll be over you,2,2,True,1,Baladas Acusticas,-1.869924972039394,0.7845178665040146,20.823244552058114,413,60.69491525423729
1380,why can't this be love,van halen,album rock,1986,88,63,53,-13,8,75,228,6,5,65,rendimiento_medio,q3_medio_alto,1980,van halen,why can t this be love,1,1,True,0,Canciones Energeticas,0.18053961943830601,1.0825403519967056,20.823244552058114,413,60.69491525423729
1381,in your eyes - 2012 remaster,peter gabriel,album rock,1986,89,65,62,-9,7,63,330,6,4,54,rendimiento_medio,q2_medio_bajo,1980,peter gabriel,in your eyes 2012 remaster,4,4,True,0,Canciones Energeticas,0.7501715322614007,0.7574702943708895,20.823244552058114,413,60.69491525423729
1382,fight for your right,beastie boys,alternative rock,1986,134,86,50,-6,8,42,209,1,7,68,rendimiento_medio,q3_medio_alto,1980,beastie boys,fight for your right,3,3,True,0,Canciones Energeticas,1.324453733854983,-0.5513695834783146,39.53488372093023,86,66.94186046511628
1383,homeless (with ladysmith black mambazo),paul simon,classic rock,1986,91,27,40,-16,26,29,228,88,7,49,zona_critica,q1_bajo,1980,paul simon,homeless with ladysmith black mambazo,4,4,True,1,Baladas Acusticas,-3.3243977280273254,0.12421837536936481,27.450980392156865,51,62.15686274509804
1384,live to tell,madonna,dance pop,1986,110,31,67,-14,11,27,353,41,3,56,rendimiento_medio,q2_medio_bajo,1980,madonna,live to tell,6,6,True,1,Baladas Acusticas,-1.7926430806617284,0.7300940048644913,50.602409638554214,83,68.51807228915662
1385,west end girls - 2001 remaster,pet shop boys,art pop,1986,113,95,65,-7,29,61,286,1,4,68,rendimiento_medio,q3_medio_alto,1980,pet shop boys,west end girls 2001 remaster,0,0,False,0,Canciones Energeticas,1.897811610464685,0.516056863613238,7.142857142857142,14,59.42857142857143
1386,invisible touch - 2007 remaster,genesis,album rock,1986,131,88,66,-6,7,84,210,34,3,60,rendimiento_medio,q2_medio_bajo,1980,genesis,invisible touch 2007 remaster,1,1,True,0,Canciones Energeticas,1.625940495399419,1.1510671836463326,20.823244552058114,413,60.69491525423729
1387,over de muur,klein orkest,dutch indie,1987,96,32,61,-15,14,29,209,63,5,55,rendimiento_medio,q2_medio_bajo,1980,klein orkest,over de muur,0,0,False,1,Baladas Acusticas,-2.3194948483711744,0.6822502147486483,0.0,75,37.266666666666666
1388,sweet child o' mine,guns n' roses,glam metal,1987,125,95,45,-5,11,62,356,9,5,73,potencial_premium,q4_alto,1980,guns n roses,sweet child o mine,0,0,False,0,Canciones Energeticas,1.7627883920567473,-0.3699864535867312,64.70588235294117,17,71.94117647058823
1389,with or without you - remastered,u2,irish rock,1987,110,43,54,-12,14,11,296,0,3,80,potencial_premium,q4_alto,1980,u2,with or without you remastered,18,18,True,1,Baladas Acusticas,-0.925912095667792,-0.5063646933386882,20.588235294117645,34,58.294117647058826
1390,where the streets have no name - remastered,u2,irish rock,1987,126,72,49,-10,16,29,338,1,4,66,rendimiento_medio,q3_medio_alto,1980,u2,where the streets have no name remastered,18,18,True,0,Canciones Energeticas,0.24301317099194816,-0.5291008314245637,20.588235294117645,34,58.294117647058826
1391,i still haven't found what i'm looking for,u2,irish rock,1987,101,77,56,-9,9,66,277,1,4,76,potencial_premium,q4_alto,1980,u2,i still haven t found what i m looking for,18,18,True,0,Canciones Energeticas,1.104845486609207,0.5249136027736973,20.588235294117645,34,58.294117647058826
1392,paradise city,guns n' roses,glam metal,1987,100,98,27,-6,18,40,406,2,10,71,rendimiento_medio,q3_medio_alto,1980,guns n roses,paradise city,0,0,False,0,Canciones Energeticas,1.259206346180784,-1.5090958036729234,64.70588235294117,17,71.94117647058823
1393,fragile,sting,permanent wave,1987,82,20,32,-21,9,29,236,91,4,62,rendimiento_medio,q2_medio_bajo,1980,sting,fragile,8,8,True,1,Baladas Acusticas,-4.342187484938034,0.28017153247676724,34.21052631578947,38,67.65789473684211
1394,englishman in new york,sting,permanent wave,1987,102,35,67,-18,9,65,267,40,4,71,rendimiento_medio,q3_medio_alto,1980,sting,englishman in new york,8,8,True,1,Baladas Acusticas,-1.6989928673738988,1.9669768025001568,34.21052631578947,38,67.65789473684211
1395,troy,sinéad o'connor,folk,1987,116,31,32,-9,44,18,391,48,3,51,rendimiento_medio,q2_medio_bajo,1980,sin ad o connor,troy,1,1,True,1,Baladas Acusticas,-1.860552530645972,-1.2158108811561277,25.0,8,61.75
1396,welcome to the jungle,guns n' roses,glam metal,1987,124,99,45,-4,27,32,273,2,9,72,potencial_premium,q4_alto,1980,guns n roses,welcome to the jungle,0,0,False,0,Canciones Energeticas,1.7189243992139789,-1.2276274892733752,64.70588235294117,17,71.94117647058823
1397,tougher than the rest,bruce springsteen,classic rock,1987,99,51,60,-11,11,60,274,20,2,62,rendimiento_medio,q2_medio_bajo,1980,bruce springsteen,tougher than the rest,13,13,True,0,Canciones Energeticas,-0.17390848620674296,0.8531312564190413,27.450980392156865,51,62.15686274509804
1398,smooth criminal - 2012 remaster,michael jackson,pop,1987,118,98,85,-4,31,60,258,25,8,76,potencial_premium,q4_alto,1980,michael jackson,smooth criminal 2012 remaster,9,9,True,0,Canciones Energeticas,2.280914732937912,0.9899717298842298,42.5531914893617,47,67.61702127659575
1399,patience,guns n' roses,glam metal,1987,120,30,46,-13,11,33,355,69,3,66,rendimiento_medio,q3_medio_alto,1980,guns n roses,patience,0,0,False,1,Baladas Acusticas,-2.369784644637894,0.08126166081513785,64.70588235294117,17,71.94117647058823
1400,everywhere - 2017 remaster,fleetwood mac,album rock,1987,115,49,73,-11,9,73,227,26,3,78,potencial_premium,q4_alto,1980,fleetwood mac,everywhere 2017 remaster,1,1,True,0,Canciones Energeticas,0.041868682584365866,1.671044534100603,20.823244552058114,413,60.69491525423729
1401,i will follow - live,u2,irish rock,1987,140,90,23,-7,96,49,239,0,6,42,zona_critica,q1_bajo,1980,u2,i will follow live,18,18,True,0,Canciones Energeticas,1.0100297008322583,-1.3232196369690308,20.588235294117645,34,58.294117647058826
1402,alone,heart,album rock,1987,175,45,42,-13,10,17,219,64,4,73,potencial_premium,q4_alto,1980,heart,alone,0,0,False,1,Baladas Acusticas,-2.1719993600290985,-0.5264394374475024,20.823244552058114,413,60.69491525423729
1403,sign 'o' the times,prince,funk,1987,198,52,70,-7,8,55,303,1,10,54,rendimiento_medio,q2_medio_bajo,1980,prince,sign o the times,3,3,True,0,Canciones Energeticas,0.7934445093890291,0.6829403377625672,15.384615384615385,13,57.46153846153846
1404,in the dutch mountains,nits,dutch indie,1987,85,50,42,-11,6,27,206,55,3,44,zona_critica,q1_bajo,1980,nits,in the dutch mountains,0,0,False,1,Baladas Acusticas,-1.4886975020140485,-0.5034578329374076,0.0,75,37.266666666666666
1405,never tear us apart,inxs,australian rock,1987,97,69,67,-6,17,28,186,5,3,60,rendimiento_medio,q2_medio_bajo,1980,inxs,never tear us apart,0,0,False,0,Canciones Energeticas,0.8978261839226314,-0.22610977559826276,0.0,3,55.0
1406,here i go again - 2018 remaster,whitesnake,album rock,1987,90,82,29,-7,16,24,275,1,4,65,rendimiento_medio,q3_medio_alto,1980,whitesnake,here i go again 2018 remaster,0,0,False,0,Canciones Energeticas,0.5436895230541813,-1.6831648163507298,20.823244552058114,413,60.69491525423729
1407,liefde van later,herman van veen,dutch pop,1987,121,8,50,-22,11,13,252,97,5,41,zona_critica,q1_bajo,1980,herman van veen,liefde van later,0,0,False,1,Baladas Acusticas,-4.831788288075037,0.6963795916994223,1.1363636363636365,88,45.23863636363637
1408,unchain my heart,joe cocker,album rock,1987,118,67,75,-13,32,70,304,2,4,62,rendimiento_medio,q2_medio_bajo,1980,joe cocker,unchain my heart,0,0,False,0,Canciones Energeticas,0.6234997028629071,1.709171077473348,20.823244552058114,413,60.69491525423729
1409,"non, je ne regrette rien",édith piaf,chanson,1987,87,35,39,-7,17,44,142,86,3,64,rendimiento_medio,q3_medio_alto,1980,dith piaf,non je ne regrette rien,0,0,False,1,Baladas Acusticas,-1.6660336005795189,-0.40225916648465954,0.0,9,50.55555555555556
1410,never gonna give you up,rick astley,dance pop,1987,113,94,73,-12,15,92,213,14,4,66,rendimiento_medio,q3_medio_alto,1980,rick astley,never gonna give you up,0,0,False,0,Canciones Energeticas,1.5203134713728998,2.0221388927404025,50.602409638554214,83,68.51807228915662
1411,running to stand still,u2,irish rock,1987,95,20,54,-19,33,23,257,86,3,55,rendimiento_medio,q2_medio_bajo,1980,u2,running to stand still,18,18,True,1,Baladas Acusticas,-3.73895423841953,0.7454239060804909,20.588235294117645,34,58.294117647058826
1412,i wanna dance with somebody (who loves me),whitney houston,dance pop,1987,119,82,71,-9,9,87,291,21,5,81,potencial_premium,q4_alto,1980,whitney houston,i wanna dance with somebody who loves me,6,6,True,0,Canciones Energeticas,1.4052725776622546,1.6273732217649484,50.602409638554214,83,68.51807228915662
1413,have a little faith in me,john hiatt,alternative country,1987,156,41,45,-11,12,32,245,74,3,51,rendimiento_medio,q2_medio_bajo,1980,john hiatt,have a little faith in me,0,0,False,1,Baladas Acusticas,-1.9252839419898355,-0.18182569419900632,0.0,1,51.0
1414,suzanne,herman van veen,dutch pop,1987,129,16,63,-21,12,18,239,93,3,43,zona_critica,q1_bajo,1980,herman van veen,suzanne,0,0,False,1,Baladas Acusticas,-4.16234011751782,1.163721846803544,1.1363636363636365,88,45.23863636363637
1415,the way you make me feel - 2012 remaster,michael jackson,pop,1987,114,85,88,-5,14,54,298,5,15,72,potencial_premium,q4_alto,1980,michael jackson,the way you make me feel 2012 remaster,9,9,True,0,Canciones Energeticas,2.1063473714490972,1.0293978348752886,42.5531914893617,47,67.61702127659575
1416,the one i love - remastered,r.e.m.,alternative rock,1987,128,84,49,-5,35,56,198,0,4,63,rendimiento_medio,q3_medio_alto,1980,r e m,the one i love remastered,3,3,True,0,Canciones Energeticas,1.6079931133075551,-0.35687970439761585,39.53488372093023,86,66.94186046511628
1417,bad - 2012 remaster,michael jackson,pop,1987,114,89,79,-4,7,39,247,0,4,68,rendimiento_medio,q3_medio_alto,1980,michael jackson,bad 2012 remaster,9,9,True,0,Canciones Energeticas,2.094544416068157,0.21601485979457033,42.5531914893617,47,67.61702127659575
1418,apache,the shadows,adult standards,1987,134,45,60,-13,10,78,174,1,3,53,rendimiento_medio,q2_medio_bajo,1980,the shadows,apache,0,0,False,0,Canciones Energeticas,-0.04552632360327098,1.4354170473596661,20.32520325203252,123,62.577235772357724
1419,the cross,prince,funk,1987,99,64,44,-7,64,25,286,53,6,42,zona_critica,q1_bajo,1980,prince,the cross,3,3,True,1,Baladas Acusticas,-0.5473561804801615,-0.8897632012378712,15.384615384615385,13,57.46153846153846
1420,luka,suzanne vega,folk,1987,125,70,63,-11,12,80,232,19,3,45,zona_critica,q1_bajo,1980,suzanne vega,luka,0,0,False,0,Canciones Energeticas,0.6443297511214857,1.3787732276929958,25.0,8,61.75
1421,seven wonders - 2017 remaster,fleetwood mac,album rock,1987,119,63,71,-10,10,63,222,3,3,63,rendimiento_medio,q3_medio_alto,1980,fleetwood mac,seven wonders 2017 remaster,1,1,True,0,Canciones Energeticas,0.7582223052901714,1.1450594225048971,20.823244552058114,413,60.69491525423729
1422,lessons in love,level 42,art rock,1987,113,84,71,-8,30,86,246,16,4,62,rendimiento_medio,q2_medio_bajo,1980,level 42,lessons in love,0,0,False,0,Canciones Energeticas,1.6624668919635663,1.492452838762543,15.0,40,60.2
1423,brilliant disguise,bruce springsteen,classic rock,1987,126,73,70,-12,3,95,255,15,3,57,rendimiento_medio,q2_medio_bajo,1980,bruce springsteen,brilliant disguise,13,13,True,0,Canciones Energeticas,0.9564954903641475,2.066495346325659,27.450980392156865,51,62.15686274509804
1424,it's a sin - 2001 remaster,pet shop boys,art pop,1987,127,86,54,-6,25,29,299,25,4,66,rendimiento_medio,q3_medio_alto,1980,pet shop boys,it s a sin 2001 remaster,0,0,False,0,Canciones Energeticas,0.8240585846428651,-0.6795510150730978,7.142857142857142,14,59.42857142857143
1425,bullet the blue sky,u2,irish rock,1987,153,64,36,-10,13,45,272,1,4,55,rendimiento_medio,q2_medio_bajo,1980,u2,bullet the blue sky,18,18,True,0,Canciones Energeticas,0.05526848287565177,-0.5828498759363415,20.588235294117645,34,58.294117647058826
1426,wonderful life,black,dance rock,1987,106,52,72,-12,21,82,288,71,3,64,rendimiento_medio,q3_medio_alto,1980,black,wonderful life,0,0,False,1,Baladas Acusticas,-0.6588027502663231,2.0657493479895463,15.384615384615385,52,59.38461538461539
1427,it's the end of the world as we know it (and i feel fine),r.e.m.,alternative rock,1987,206,89,38,-9,3,80,247,3,4,67,rendimiento_medio,q3_medio_alto,1980,r e m,it s the end of the world as we know it and i feel fine,3,3,True,0,Canciones Energeticas,1.299171607740792,0.17178719266845976,39.53488372093023,86,66.94186046511628
1428,is this love - 2018 remaster,whitesnake,album rock,1987,180,76,26,-7,23,43,284,6,4,58,rendimiento_medio,q2_medio_bajo,1980,whitesnake,is this love 2018 remaster,0,0,False,0,Canciones Energeticas,0.5137744835529968,-1.2908997626254726,20.823244552058114,413,60.69491525423729
1429,laat mij maar alleen,klein orkest,dutch indie,1987,153,74,45,-10,23,94,201,2,6,40,zona_critica,q1_bajo,1980,klein orkest,laat mij maar alleen,0,0,False,0,Canciones Energeticas,1.083343067720507,0.9104359509206622,0.0,75,37.266666666666666
1430,you win again,bee gees,adult standards,1987,169,83,55,-11,22,91,241,9,3,63,rendimiento_medio,q3_medio_alto,1980,bee gees,you win again,2,2,True,0,Canciones Energeticas,1.1730744183532018,1.2779809825988309,20.32520325203252,123,62.577235772357724
1431,liberian girl - 2012 remastered version,michael jackson,pop,1987,105,55,75,-7,13,45,233,46,10,59,rendimiento_medio,q2_medio_bajo,1980,michael jackson,liberian girl 2012 remastered version,9,9,True,0,Canciones Energeticas,0.06532436322704792,0.7437638931714304,42.5531914893617,47,67.61702127659575
1432,winter in hamburg,frank boeijen groep,dutch cabaret,1987,125,47,60,-14,11,53,318,70,3,37,zona_critica,q1_bajo,1980,frank boeijen groep,winter in hamburg,0,0,False,1,Baladas Acusticas,-1.6080384086194666,1.1100762284346013,0.0,51,46.05882352941177
1433,one (remastered),metallica,alternative metal,1988,103,69,44,-9,42,43,446,0,6,67,rendimiento_medio,q3_medio_alto,1980,metallica,one remastered,7,7,True,0,Canciones Energeticas,0.44101731582892706,-0.4769710740168612,37.142857142857146,70,66.01428571428572
1434,fast car,tracy chapman,folk,1988,104,29,71,-16,13,19,297,31,4,77,potencial_premium,q4_alto,1980,tracy chapman,fast car,2,2,True,1,Baladas Acusticas,-1.9739153775181957,0.7791066645520293,25.0,8,61.75
1435,dreams,fleetwood mac,album rock,1988,120,34,82,-16,50,79,254,14,4,59,rendimiento_medio,q2_medio_bajo,1980,fleetwood mac,dreams,1,1,True,1,Baladas Acusticas,-0.5998717532118419,2.5793757711980394,20.823244552058114,413,60.69491525423729
1436,sara,fleetwood mac,album rock,1988,127,39,74,-17,9,59,382,38,3,56,rendimiento_medio,q2_medio_bajo,1980,fleetwood mac,sara,1,1,True,1,Baladas Acusticas,-1.390624233198175,1.9392120638289816,20.823244552058114,413,60.69491525423729
1437,stop loving you,toto,album rock,1988,102,65,56,-13,6,60,269,23,3,63,rendimiento_medio,q3_medio_alto,1980,toto,stop loving you,2,2,True,0,Canciones Energeticas,-0.1821405992827206,0.8130279898804635,20.823244552058114,413,60.69491525423729
1438,can i play with madness - 2015 remaster,iron maiden,album rock,1988,141,98,31,-3,26,63,211,9,10,42,zona_critica,q1_bajo,1980,iron maiden,can i play with madness 2015 remaster,1,1,True,0,Canciones Energeticas,1.927636176453415,-1.0718410085841685,20.823244552058114,413,60.69491525423729
1439,tonight (with david bowie) - live,tina turner,disco,1988,102,72,59,-13,93,72,255,20,5,44,zona_critica,q1_bajo,1980,tina turner,tonight with david bowie live,6,6,True,0,Canciones Energeticas,0.25292714941186645,1.1813302012905265,11.11111111111111,18,61.666666666666664
1440,tusk,fleetwood mac,album rock,1988,181,62,61,-17,45,96,210,24,8,54,rendimiento_medio,q2_medio_bajo,1980,fleetwood mac,tusk,1,1,True,0,Canciones Energeticas,-0.2658410870599123,2.243025339659508,20.823244552058114,413,60.69491525423729
1441,maid of orleans,orchestral manoeuvres in the dark,art rock,1988,110,53,52,-14,5,35,252,7,3,34,zona_critica,q1_bajo,1980,orchestral manoeuvres in the dark,maid of orleans,0,0,False,1,Baladas Acusticas,-0.7546291668901184,0.14030893234632147,15.0,40,60.2
1442,like the way i do,melissa etheridge,folk,1988,101,84,60,-13,6,64,324,4,4,57,rendimiento_medio,q2_medio_bajo,1980,melissa etheridge,like the way i do,2,2,True,0,Canciones Energeticas,0.7369684562991385,0.9302194503401332,25.0,8,61.75
1443,little lies,fleetwood mac,album rock,1988,125,69,63,-10,16,89,218,12,3,59,rendimiento_medio,q2_medio_bajo,1980,fleetwood mac,little lies,1,1,True,0,Canciones Energeticas,1.001706492242002,1.4659166855076784,20.823244552058114,413,60.69491525423729
1444,zwart wit,frank boeijen groep,dutch cabaret,1988,132,63,55,-12,37,79,186,3,3,46,zona_critica,q1_bajo,1980,frank boeijen groep,zwart wit,0,0,False,0,Canciones Energeticas,0.4720246894863557,1.1009429270697055,0.0,51,46.05882352941177
1445,all i want is you,u2,irish rock,1988,186,44,24,-11,7,40,390,11,3,63,rendimiento_medio,q3_medio_alto,1980,u2,all i want is you,18,18,True,1,Baladas Acusticas,-0.9974118623076322,-0.9791877720856362,20.588235294117645,34,58.294117647058826
1446,take this waltz,leonard cohen,canadian folk,1988,142,18,44,-16,24,35,358,84,3,40,zona_critica,q1_bajo,1980,leonard cohen,take this waltz,1,1,True,1,Baladas Acusticas,-3.328108831016897,0.38301385074033256,0.0,7,60.857142857142854
1447,musica è,eros ramazzotti,italian pop,1988,125,28,53,-14,18,6,659,24,3,38,zona_critica,q1_bajo,1980,eros ramazzotti,musica,0,0,False,1,Baladas Acusticas,-2.05354202061855,-0.389654973105698,0.0,3,37.0
1448,when love comes to town,u2,irish rock,1988,116,67,65,-11,13,59,254,5,4,50,rendimiento_medio,q2_medio_bajo,1980,u2,when love comes to town,18,18,True,0,Canciones Energeticas,0.5610759080822034,0.8798372538905368,20.588235294117645,34,58.294117647058826
1449,ich bin wie du,marianne rosenberg,classic schlager,1988,129,74,48,-10,5,60,218,1,8,45,zona_critica,q1_bajo,1980,marianne rosenberg,ich bin wie du,0,0,False,0,Canciones Energeticas,0.7036516201456575,0.1576338709724993,0.0,3,45.333333333333336
1450,pamela,toto,album rock,1988,98,41,58,-16,6,53,310,13,3,53,rendimiento_medio,q2_medio_bajo,1980,toto,pamela,2,2,True,1,Baladas Acusticas,-1.1067315100419683,1.0382421818845162,20.823244552058114,413,60.69491525423729
1451,orinoco flow,enya,celtic,1988,115,31,69,-17,10,56,266,80,3,57,rendimiento_medio,q2_medio_bajo,1980,enya,orinoco flow,4,4,True,1,Baladas Acusticas,-2.4091438993182117,1.8378187744150305,0.0,5,48.6
1452,listen to your heart,roxette,europop,1988,86,58,54,-5,11,34,328,11,3,76,potencial_premium,q4_alto,1980,roxette,listen to your heart,0,0,False,0,Canciones Energeticas,0.5471160233648391,-0.6114028464072139,14.814814814814813,27,56.7037037037037
1453,fairytale of new york (feat. kirsty maccoll),the pogues,celtic punk,1988,119,65,32,-6,24,47,272,50,3,83,potencial_premium,q4_alto,1980,the pogues,fairytale of new york feat kirsty maccoll,0,0,False,0,Canciones Energeticas,-0.21086927107044334,-0.918254766726888,100.0,1,83.0
1454,living years,mike & the mechanics,album rock,1988,98,42,52,-13,7,31,330,58,3,55,rendimiento_medio,q2_medio_bajo,1980,mike the mechanics,living years,0,0,False,1,Baladas Acusticas,-1.8029006149958104,0.1466943327244265,20.823244552058114,413,60.69491525423729
1455,mushanga,toto,album rock,1988,122,31,72,-19,9,51,335,9,4,45,zona_critica,q1_bajo,1980,toto,mushanga,2,2,True,1,Baladas Acusticas,-1.5237095010599677,1.790090780053649,20.823244552058114,413,60.69491525423729
1456,baby can i hold you,tracy chapman,folk,1988,74,42,69,-11,8,47,193,8,3,72,potencial_premium,q4_alto,1980,tracy chapman,baby can i hold you,2,2,True,0,Canciones Energeticas,-0.23437753628558303,0.833584626312806,25.0,8,61.75
1457,big love,fleetwood mac,album rock,1988,125,76,64,-12,13,64,219,1,5,49,zona_critica,q1_bajo,1980,fleetwood mac,big love,1,1,True,0,Canciones Energeticas,0.7757074814552278,1.008687305868354,20.823244552058114,413,60.69491525423729
1458,angel of harlem,u2,irish rock,1988,103,69,52,-11,11,93,229,10,3,59,rendimiento_medio,q2_medio_bajo,1980,u2,angel of harlem,18,18,True,0,Canciones Energeticas,0.7881134163990036,1.2443570373660393,20.588235294117645,34,58.294117647058826
1459,handle with care,traveling wilburys,album rock,1988,115,77,68,-6,25,71,200,11,3,63,rendimiento_medio,q3_medio_alto,1980,traveling wilburys,handle with care,1,1,True,0,Canciones Energeticas,1.6033466987672989,0.8228960930930074,20.823244552058114,413,60.69491525423729
1460,(something inside) so strong,labi siffre,classic uk pop,1988,82,38,68,-10,10,23,337,42,3,50,rendimiento_medio,q2_medio_bajo,1980,labi siffre,something inside so strong,0,0,False,1,Baladas Acusticas,-1.1006810936863378,0.23777926454942086,4.545454545454546,22,45.77272727272727
1461,into temptation,crowded house,australian pop,1988,84,37,45,-16,8,26,274,48,3,49,zona_critica,q1_bajo,1980,crowded house,into temptation,0,0,False,1,Baladas Acusticas,-2.3445187179669524,0.022063672579433292,37.5,8,63.375
1462,twist in my sobriety,tanita tikaram,new wave pop,1988,115,56,78,-11,7,94,292,7,3,46,zona_critica,q1_bajo,1980,tanita tikaram,twist in my sobriety,0,0,False,0,Canciones Energeticas,0.9035949049978218,2.2572256903385495,50.0,2,62.0
1463,sympathy for the devil,the rolling stones,album rock,1989,115,69,57,-11,5,57,377,60,28,56,rendimiento_medio,q2_medio_bajo,1980,the rolling stones,sympathy for the devil,3,3,True,1,Baladas Acusticas,-0.4351202437460611,0.6674675122076921,20.823244552058114,413,60.69491525423729
1464,another day in paradise - 2016 remaster,phil collins,mellow gold,1989,102,56,78,-7,6,37,322,74,3,74,potencial_premium,q4_alto,1980,phil collins,another day in paradise 2016 remaster,5,5,True,1,Baladas Acusticas,-0.4126687627255004,0.6819172604883039,36.36363636363637,11,64.63636363636364
1465,niemand in de stad,de dijk,dutch indie,1989,90,41,63,-13,31,70,291,6,3,41,zona_critica,q1_bajo,1980,de dijk,niemand in de stad,0,0,False,0,Canciones Energeticas,-0.27076981666258465,1.3235679492205537,0.0,75,37.266666666666666
1466,rockin' in the free world,neil young,album rock,1989,132,88,49,-5,37,52,282,0,3,65,rendimiento_medio,q3_medio_alto,1980,neil young,rockin in the free world,0,0,False,0,Canciones Energeticas,1.680827530443117,-0.5248422741641801,20.823244552058114,413,60.69491525423729
1467,poison,alice cooper,album rock,1989,119,91,28,-6,18,26,270,3,11,70,rendimiento_medio,q3_medio_alto,1980,alice cooper,poison,0,0,False,0,Canciones Energeticas,0.9131981835083544,-1.8415702004186212,20.823244552058114,413,60.69491525423729
1468,i want it all - remastered 2011,queen,glam rock,1989,92,84,41,-6,37,39,242,3,5,55,rendimiento_medio,q2_medio_bajo,1980,queen,i want it all remastered 2011,0,0,False,0,Canciones Energeticas,1.0994644689016801,-1.0230562526867446,18.367346938775512,49,58.714285714285715
1469,ik kan het niet alleen,de dijk,dutch indie,1989,142,85,53,-12,30,91,239,31,4,52,rendimiento_medio,q2_medio_bajo,1980,de dijk,ik kan het niet alleen,0,0,False,0,Canciones Energeticas,0.7165221969916378,1.295900269364306,0.0,75,37.266666666666666
1470,leningrad,billy joel,album rock,1989,139,52,51,-6,12,23,243,38,3,49,zona_critica,q1_bajo,1980,billy joel,leningrad,4,4,True,1,Baladas Acusticas,-0.3717549617041152,-0.8269786615896014,20.823244552058114,413,60.69491525423729
1471,have i told you lately,van morrison,classic rock,1989,144,48,34,-10,14,18,260,28,3,68,rendimiento_medio,q3_medio_alto,1980,van morrison,have i told you lately,0,0,False,1,Baladas Acusticas,-1.172649728706865,-1.2322406646097464,27.450980392156865,51,62.15686274509804
1472,lullaby,the cure,dance rock,1989,94,56,72,-11,6,59,250,19,3,53,rendimiento_medio,q2_medio_bajo,1980,the cure,lullaby,0,0,False,0,Canciones Energeticas,0.1604048829160558,1.1900410956160188,15.384615384615385,52,59.38461538461539
1473,the best,tina turner,disco,1989,104,74,66,-10,12,75,330,11,3,64,rendimiento_medio,q3_medio_alto,1980,tina turner,the best,6,6,True,0,Canciones Energeticas,1.0172978547167257,1.1838837312153814,11.11111111111111,18,61.666666666666664
1474,breakthru - remastered 2011,queen,glam rock,1989,90,86,57,-6,36,31,248,6,9,48,zona_critica,q1_bajo,1980,queen,breakthru remastered 2011,0,0,False,0,Canciones Energeticas,1.2336816039987475,-0.6329934511677588,18.367346938775512,49,58.714285714285715
1475,need your love so bad,fleetwood mac,album rock,1989,147,18,36,-19,10,25,233,13,3,49,zona_critica,q1_bajo,1980,fleetwood mac,need your love so bad,1,1,True,1,Baladas Acusticas,-2.7978630152193076,-0.1281479305545076,20.823244552058114,413,60.69491525423729
1476,daar gaat ze,clouseau,belgian rock,1989,87,33,63,-15,13,64,229,83,3,39,zona_critica,q1_bajo,1980,clouseau,daar gaat ze,0,0,False,1,Baladas Acusticas,-2.1073629715027766,1.611921192050045,0.0,8,43.875
1477,personal jesus - original seven inch version,depeche mode,dance rock,1989,130,68,64,-12,5,71,225,1,4,61,rendimiento_medio,q2_medio_bajo,1980,depeche mode,personal jesus original seven inch version,1,1,True,0,Canciones Energeticas,0.6736279614279264,1.181780598091286,15.384615384615385,52,59.38461538461539
1478,kingston town,ub40,reggae fusion,1989,102,25,96,-13,4,80,228,16,6,49,zona_critica,q1_bajo,1980,ub40,kingston town,0,0,False,0,Canciones Energeticas,-0.22435581905211405,2.8619542773737323,25.0,4,59.5
1479,woman in chains,tears for fears,art rock,1989,160,61,43,-8,6,37,391,2,3,66,rendimiento_medio,q3_medio_alto,1980,tears for fears,woman in chains,0,0,False,0,Canciones Energeticas,0.25363675746870556,-0.7406282354568788,15.0,40,60.2
1480,nergens goed voor,de dijk,dutch indie,1989,102,59,77,-12,27,72,262,12,3,47,zona_critica,q1_bajo,1980,de dijk,nergens goed voor,0,0,False,0,Canciones Energeticas,0.46591185160918375,1.7468841557114483,0.0,75,37.266666666666666
1481,i wish it would rain down - 2016 remaster,phil collins,mellow gold,1989,126,67,51,-5,31,36,328,29,3,61,rendimiento_medio,q2_medio_bajo,1980,phil collins,i wish it would rain down 2016 remaster,5,5,True,0,Canciones Energeticas,0.4739028187277841,-0.6793424171871494,36.36363636363637,11,64.63636363636364
1482,if you don't know me by now - 2008 remaster,simply red,british soul,1989,94,35,64,-9,11,20,204,49,3,72,potencial_premium,q4_alto,1980,simply red,if you don t know me by now 2008 remaster,0,0,False,1,Baladas Acusticas,-1.24680621332121,-0.06560994437706183,38.70967741935484,31,66.38709677419355
1483,free fallin',tom petty,album rock,1989,84,45,62,-13,6,57,256,21,3,76,potencial_premium,q4_alto,1980,tom petty,free fallin,1,1,True,1,Baladas Acusticas,-0.604442485442978,0.9989369122292134,20.823244552058114,413,60.69491525423729
1484,let love rule,lenny kravitz,permanent wave,1989,153,45,69,-13,7,70,342,3,4,51,rendimiento_medio,q2_medio_bajo,1980,lenny kravitz,let love rule,4,4,True,0,Canciones Energeticas,-0.028090164349356482,1.5189478665261957,34.21052631578947,38,67.65789473684211
1485,epic,faith no more,alternative metal,1989,174,89,36,-7,13,26,294,2,12,68,rendimiento_medio,q3_medio_alto,1980,faith no more,epic,0,0,False,0,Canciones Energeticas,0.8617352718956414,-1.4568667504515578,37.142857142857146,70,66.01428571428572
1486,black velvet,alannah myles,classic canadian rock,1989,91,37,75,-10,11,47,287,27,3,71,rendimiento_medio,q3_medio_alto,1980,alannah myles,black velvet,1,1,True,1,Baladas Acusticas,-0.44220371944910014,1.0118145810150432,0.0,1,71.0
1487,we didn't start the fire,billy joel,album rock,1989,145,97,71,-5,36,90,288,8,5,73,potencial_premium,q4_alto,1980,billy joel,we didn t start the fire,4,4,True,0,Canciones Energeticas,2.614521491161992,1.1985656942965148,20.823244552058114,413,60.69491525423729
1488,sowing the seeds of love,tears for fears,art rock,1989,172,80,21,-7,36,68,377,1,4,62,rendimiento_medio,q2_medio_bajo,1980,tears for fears,sowing the seeds of love,0,0,False,0,Canciones Energeticas,0.9809090403935952,-0.9469278071563768,15.0,40,60.2
1489,new york minute,don henley,album rock,1989,132,29,55,-12,4,12,395,33,3,55,rendimiento_medio,q2_medio_bajo,1980,don henley,new york minute,2,2,True,1,Baladas Acusticas,-1.7844063843122,-0.35081899439707787,20.823244552058114,413,60.69491525423729
1490,something happened on the way to heaven - 2016 remaster,phil collins,mellow gold,1989,115,88,66,-4,27,88,292,18,3,57,rendimiento_medio,q2_medio_bajo,1980,phil collins,something happened on the way to heaven 2016 remaster,5,5,True,0,Canciones Energeticas,2.2506279649953767,0.9418816688019259,36.36363636363637,11,64.63636363636364
1491,lovesong,the cure,dance rock,1989,140,81,61,-8,22,82,210,34,3,60,rendimiento_medio,q2_medio_bajo,1980,the cure,lovesong,0,0,False,0,Canciones Energeticas,1.1063801286074462,1.038784295555681,15.384615384615385,52,59.38461538461539
1492,monkey gone to heaven,pixies,alternative rock,1989,116,39,65,-12,32,60,177,2,3,61,rendimiento_medio,q2_medio_bajo,1980,pixies,monkey gone to heaven,0,0,False,0,Canciones Energeticas,-0.22339821829753817,1.0592654456423434,39.53488372093023,86,66.94186046511628
1493,the miracle - remastered 2011,queen,glam rock,1989,92,65,48,-6,55,54,301,16,3,33,zona_critica,q1_bajo,1980,queen,the miracle remastered 2011,0,0,False,0,Canciones Energeticas,0.6970189736176466,-0.2916957390077821,18.367346938775512,49,58.714285714285715
1494,the invisible man - remastered 2011,queen,glam rock,1989,120,79,70,-7,33,56,238,19,4,47,zona_critica,q1_bajo,1980,queen,the invisible man remastered 2011,0,0,False,0,Canciones Energeticas,1.2279608060501206,0.6059462289498606,18.367346938775512,49,58.714285714285715
1495,if i could turn back time,cher,dance pop,1989,108,57,66,-10,12,50,240,24,3,72,potencial_premium,q4_alto,1980,cher,if i could turn back time,1,1,True,0,Canciones Energeticas,0.02971374450026846,0.673809130025092,50.602409638554214,83,68.51807228915662
1496,love shack,the b-52's,art rock,1989,134,82,72,-6,85,87,322,3,5,69,rendimiento_medio,q3_medio_alto,1980,the b 52 s,love shack,0,0,False,0,Canciones Energeticas,2.149316028205519,1.290384202849246,15.0,40,60.2
1497,thunderstruck,ac/dc,album rock,1990,134,89,50,-5,22,26,293,0,4,81,potencial_premium,q4_alto,1990,ac dc,thunderstruck,1,1,True,0,Canciones Energeticas,1.3869648055896027,-1.1556940496338108,20.823244552058114,413,60.69491525423729
1498,papa,stef bos,christelijk,1990,120,32,74,-13,8,29,193,72,3,57,rendimiento_medio,q2_medio_bajo,1990,stef bos,papa,0,0,False,1,Baladas Acusticas,-1.9690729317699986,0.9243049160579212,0.0,3,46.666666666666664
1499,enjoy the silence - single mix,depeche mode,dance rock,1990,113,81,64,-8,8,82,257,16,3,65,rendimiento_medio,q3_medio_alto,1990,depeche mode,enjoy the silence single mix,1,1,True,0,Canciones Energeticas,1.4614051628570468,1.0670696141055054,15.384615384615385,52,59.38461538461539
1500,still got the blues,gary moore,album rock,1990,170,39,19,-14,12,32,371,26,4,65,rendimiento_medio,q3_medio_alto,1990,gary moore,still got the blues,0,0,False,1,Baladas Acusticas,-1.9414284148628458,-1.0851085389157817,20.823244552058114,413,60.69491525423729
1501,wind of change,scorpions,album rock,1990,152,52,45,-10,10,25,312,32,4,77,potencial_premium,q4_alto,1990,scorpions,wind of change,0,0,False,1,Baladas Acusticas,-0.8670269448044332,-0.6899025280906137,20.823244552058114,413,60.69491525423729
1502,nothing compares 2 u,sinéad o'connor,folk,1990,120,57,51,-7,11,16,280,4,3,71,rendimiento_medio,q3_medio_alto,1990,sin ad o connor,nothing compares 2 u,1,1,True,0,Canciones Energeticas,0.10429383575399168,-1.057358627626465,25.0,8,61.75
1503,silent lucidity - remastered/2003,queensrÿche,album rock,1990,140,63,46,-6,12,10,348,5,3,61,rendimiento_medio,q2_medio_bajo,1990,queensr che,silent lucidity remastered 2003,0,0,False,0,Canciones Energeticas,0.22399896029782132,-1.4940602942531005,20.823244552058114,413,60.69491525423729
1504,such a shame,talk talk,art rock,1990,112,68,60,-11,30,71,258,21,3,57,rendimiento_medio,q2_medio_bajo,1990,talk talk,such a shame,0,0,False,0,Canciones Energeticas,0.42905849507669935,0.9793960032973001,15.0,40,60.2
1505,hunger strike,temple of the dog,alternative metal,1990,138,57,37,-11,9,30,246,2,3,59,rendimiento_medio,q2_medio_bajo,1990,temple of the dog,hunger strike,0,0,False,1,Baladas Acusticas,-0.42849898662118524,-0.8792684497118284,37.142857142857146,70,66.01428571428572
1506,candy,iggy pop,alternative rock,1990,144,59,62,-11,5,65,253,4,3,60,rendimiento_medio,q2_medio_bajo,1990,iggy pop,candy,0,0,False,0,Canciones Energeticas,0.4288901983186726,0.8882791512971532,39.53488372093023,86,66.94186046511628
1507,send me an angel,scorpions,album rock,1990,81,42,15,-12,21,17,273,43,3,69,rendimiento_medio,q3_medio_alto,1990,scorpions,send me an angel,0,0,False,1,Baladas Acusticas,-2.133869004159627,-1.734939062614632,20.823244552058114,413,60.69491525423729
1508,don't go breaking my heart,elton john,glam rock,1990,131,86,74,-8,7,78,271,18,4,69,rendimiento_medio,q3_medio_alto,1990,elton john,don t go breaking my heart,2,2,True,0,Canciones Energeticas,1.6533721372845762,1.3218469830560804,18.367346938775512,49,58.714285714285715
1509,"night fever - from ""saturday night fever"" soundtrack",bee gees,adult standards,1990,109,51,74,-16,14,90,210,2,3,54,rendimiento_medio,q2_medio_bajo,1990,bee gees,night fever from saturday night fever soundtrack,2,2,True,0,Canciones Energeticas,0.08814456431125375,2.402513591454721,20.32520325203252,123,62.577235772357724
1510,more than words,extreme,album rock,1990,92,13,63,-15,11,24,334,47,3,67,rendimiento_medio,q3_medio_alto,1990,extreme,more than words,0,0,False,1,Baladas Acusticas,-2.5470855551053257,0.5724704879209754,20.823244552058114,413,60.69491525423729
1511,"it must have been love - from the film ""pretty woman""",roxette,europop,1990,81,65,52,-7,26,72,259,34,3,73,potencial_premium,q4_alto,1990,roxette,it must have been love from the film pretty woman,0,0,False,0,Canciones Energeticas,0.5729474164810433,0.40876035580794284,14.814814814814813,27,56.7037037037037
1512,domino,clouseau,belgian rock,1990,75,19,49,-16,22,21,248,72,4,31,zona_critica,q1_bajo,1990,clouseau,domino,0,0,False,1,Baladas Acusticas,-3.1919503429857916,0.12835821995984523,0.0,8,43.875
1513,met hart en ziel,tröckener kecks,dutch indie,1990,167,61,38,-12,26,70,226,11,3,38,zona_critica,q1_bajo,1990,tr ckener kecks,met hart en ziel,0,0,False,0,Canciones Energeticas,-0.06322804547021396,0.23591685904010173,0.0,75,37.266666666666666
1514,love rears its ugly head,living colour,alternative metal,1990,156,48,62,-9,23,73,259,6,9,50,rendimiento_medio,q2_medio_bajo,1990,living colour,love rears its ugly head,2,2,True,0,Canciones Energeticas,0.4897146672536291,0.9541549092791987,37.142857142857146,70,66.01428571428572
1515,hard to handle,the black crowes,album rock,1990,104,79,59,-4,31,96,188,0,4,68,rendimiento_medio,q3_medio_alto,1990,the black crowes,hard to handle,0,0,False,0,Canciones Energeticas,2.330403225174982,0.833957353820923,20.823244552058114,413,60.69491525423729
1516,black,pearl jam,alternative rock,1991,77,68,36,-6,34,20,343,32,3,75,potencial_premium,q4_alto,1990,pearl jam,black,1,1,True,0,Canciones Energeticas,-0.09998222470853396,-1.5803410222357328,39.53488372093023,86,66.94186046511628
1517,de boer is de keerl,normaal,dutch rock,1991,85,40,52,-13,8,63,221,21,3,51,rendimiento_medio,q2_medio_bajo,1990,normaal,de boer is de keerl,0,0,False,1,Baladas Acusticas,-0.7802427855813263,0.7436876815203096,0.0,18,44.111111111111114
1518,november rain,guns n' roses,glam metal,1991,80,64,29,-9,11,23,536,2,3,80,potencial_premium,q4_alto,1990,guns n roses,november rain,0,0,False,0,Canciones Energeticas,-0.1772424564411005,-1.5725050126682265,64.70588235294117,17,71.94117647058823
1519,nothing else matters,metallica,alternative metal,1991,142,36,56,-11,8,17,389,5,3,69,rendimiento_medio,q3_medio_alto,1990,metallica,nothing else matters,7,7,True,1,Baladas Acusticas,-0.8986668489457319,-0.44472920952470807,37.142857142857146,70,66.01428571428572
1520,smells like teen spirit,nirvana,alternative rock,1991,117,91,50,-5,11,72,302,0,6,74,potencial_premium,q4_alto,1990,nirvana,smells like teen spirit,1,1,True,0,Canciones Energeticas,2.0621433772634052,-0.06552399239339193,39.53488372093023,86,66.94186046511628
1521,innuendo - remastered 2011,queen,glam rock,1991,73,73,21,-6,30,17,393,18,6,49,zona_critica,q1_bajo,1990,queen,innuendo remastered 2011,0,0,False,0,Canciones Energeticas,-0.0022306791103096093,-2.261555158209921,18.367346938775512,49,58.714285714285715
1522,alive,pearl jam,alternative rock,1991,75,88,28,-6,40,60,341,1,4,75,potencial_premium,q4_alto,1990,pearl jam,alive,1,1,True,0,Canciones Energeticas,1.3441406604089432,-1.0601047607428726,39.53488372093023,86,66.94186046511628
1523,enter sandman,metallica,alternative metal,1991,123,82,58,-9,6,64,332,0,3,74,potencial_premium,q4_alto,1990,metallica,enter sandman,7,7,True,0,Canciones Energeticas,1.299338098896093,0.41688320697305425,37.142857142857146,70,66.01428571428572
1524,who wants to live forever - remastered 2011,queen,glam rock,1991,87,40,14,-9,12,4,295,58,4,51,rendimiento_medio,q2_medio_bajo,1990,queen,who wants to live forever remastered 2011,0,0,False,1,Baladas Acusticas,-2.2036275540539103,-2.329665595937288,18.367346938775512,49,58.714285714285715
1525,under the bridge,red hot chili peppers,alternative rock,1991,85,35,56,-13,14,46,264,6,5,81,potencial_premium,q4_alto,1990,red hot chili peppers,under the bridge,3,3,True,1,Baladas Acusticas,-0.8268408275115577,0.4477054310192371,39.53488372093023,86,66.94186046511628
1526,deurdonderen,normaal,dutch rock,1991,175,79,46,-10,11,86,234,1,8,49,zona_critica,q1_bajo,1990,normaal,deurdonderen,0,0,False,0,Canciones Energeticas,1.183063313069679,0.6191235769248569,0.0,18,44.111111111111114
1527,the show must go on - 2011 mix,queen,glam rock,1991,83,69,31,-7,11,18,278,41,3,58,rendimiento_medio,q2_medio_bajo,1990,queen,the show must go on 2011 mix,0,0,False,1,Baladas Acusticas,-0.46067000082533965,-1.7005401402828326,18.367346938775512,49,58.714285714285715
1528,losing my religion,r.e.m.,alternative rock,1991,126,86,67,-5,10,80,268,18,3,81,potencial_premium,q4_alto,1990,r e m,losing my religion,3,3,True,0,Canciones Energeticas,1.9943696276270166,0.8229303160305439,39.53488372093023,86,66.94186046511628
1529,come as you are,nirvana,alternative rock,1991,120,82,50,-6,9,54,219,0,4,72,potencial_premium,q4_alto,1990,nirvana,come as you are,1,1,True,0,Canciones Energeticas,1.4543386833841938,-0.38441028380991654,39.53488372093023,86,66.94186046511628
1530,jeremy,pearl jam,alternative rock,1991,109,85,28,-6,18,29,318,4,4,73,potencial_premium,q4_alto,1990,pearl jam,jeremy,1,1,True,0,Canciones Energeticas,0.8043172554709254,-1.7984045106376767,39.53488372093023,86,66.94186046511628
1531,one,u2,irish rock,1991,181,53,39,-9,16,33,276,25,4,77,potencial_premium,q4_alto,1990,u2,one,18,18,True,1,Baladas Acusticas,-0.5608680145432362,-0.8536831592399758,20.588235294117645,34,58.294117647058826
1532,knockin' on heaven's door,guns n' roses,glam metal,1991,132,74,50,-7,11,38,336,2,4,77,potencial_premium,q4_alto,1990,guns n roses,knockin on heaven s door,0,0,False,0,Canciones Energeticas,0.8657683751551633,-0.6521124126241907,64.70588235294117,17,71.94117647058823
1533,the unforgiven,metallica,alternative metal,1991,139,60,54,-10,13,25,387,1,3,65,rendimiento_medio,q3_medio_alto,1990,metallica,the unforgiven,7,7,True,0,Canciones Energeticas,1.913324762606155e-05,-0.5107723227161798,37.142857142857146,70,66.01428571428572
1534,these are the days of our lives - 2011 remaster,queen,glam rock,1991,113,40,69,-10,6,55,255,37,3,49,zona_critica,q1_bajo,1990,queen,these are the days of our lives 2011 remaster,0,0,False,1,Baladas Acusticas,-0.49110418706979436,0.9517701545448336,18.367346938775512,49,58.714285714285715
1535,lithium,nirvana,alternative rock,1991,123,66,68,-6,6,49,257,0,4,68,rendimiento_medio,q3_medio_alto,1990,nirvana,lithium,1,1,True,0,Canciones Energeticas,1.2432674046003542,0.20959129318628764,39.53488372093023,86,66.94186046511628
1536,lekker op de trekker ('n boerinnen-wervingslied),mannenkoor karrespoor,levenslied,1991,132,49,72,-12,11,97,216,73,4,39,zona_critica,q1_bajo,1990,mannenkoor karrespoor,lekker op de trekker n boerinnen wervingslied,0,0,False,1,Baladas Acusticas,-0.5243588149990868,2.3390050237874114,0.0,1,39.0
1537,estranged,guns n' roses,glam metal,1991,89,76,36,-8,37,17,564,1,3,63,rendimiento_medio,q3_medio_alto,1990,guns n roses,estranged,0,0,False,0,Canciones Energeticas,0.30975483676639476,-1.5991559844728438,64.70588235294117,17,71.94117647058823
1538,even flow,pearl jam,alternative rock,1991,105,94,39,-7,30,27,293,0,8,75,potencial_premium,q4_alto,1990,pearl jam,even flow,1,1,True,0,Canciones Energeticas,1.1049224886511941,-1.4026281375631713,39.53488372093023,86,66.94186046511628
1539,hammer to fall - remastered 2011,queen,glam rock,1991,127,79,43,-5,13,51,218,32,9,55,rendimiento_medio,q2_medio_bajo,1990,queen,hammer to fall remastered 2011,0,0,False,0,Canciones Energeticas,0.8369636110269488,-0.6952482260777465,18.367346938775512,49,58.714285714285715
1540,sad but true,metallica,alternative metal,1991,89,85,63,-6,6,43,325,0,3,63,rendimiento_medio,q3_medio_alto,1990,metallica,sad but true,7,7,True,0,Canciones Energeticas,1.57948877140197,-0.1898932075979101,37.142857142857146,70,66.01428571428572
1541,year of the cat - 2001 remaster,al stewart,album rock,1991,117,61,53,-10,12,53,401,1,3,61,rendimiento_medio,q2_medio_bajo,1990,al stewart,year of the cat 2001 remaster,0,0,False,0,Canciones Energeticas,0.38352918026108984,0.13394411304714457,20.823244552058114,413,60.69491525423729
1542,don't cry (original),guns n' roses,glam metal,1991,125,59,46,-9,10,24,284,0,3,74,potencial_premium,q4_alto,1990,guns n roses,don t cry original,0,0,False,0,Canciones Energeticas,-0.006097709227292388,-0.9148142088996458,64.70588235294117,17,71.94117647058823
1543,(everything i do) i do it for you,bryan adams,album rock,1991,131,37,53,-13,6,25,394,8,3,64,rendimiento_medio,q3_medio_alto,1990,bryan adams,everything i do i do it for you,0,0,False,1,Baladas Acusticas,-1.1326347362469835,-0.17695589248101992,20.823244552058114,413,60.69491525423729
1544,no more tears,ozzy osbourne,album rock,1991,103,75,35,-7,65,32,443,0,4,66,rendimiento_medio,q3_medio_alto,1990,ozzy osbourne,no more tears,1,1,True,0,Canciones Energeticas,0.6210488245063815,-1.356222666940513,20.823244552058114,413,60.69491525423729
1545,you,ten sharp,pop,1991,174,90,41,-8,19,67,273,43,3,61,rendimiento_medio,q2_medio_bajo,1990,ten sharp,you,0,0,False,0,Canciones Energeticas,0.7139880064276221,-0.12018653700252323,42.5531914893617,47,67.61702127659575
1546,heal the world,michael jackson,pop,1991,81,49,53,-8,10,10,384,54,5,68,rendimiento_medio,q3_medio_alto,1990,michael jackson,heal the world,9,9,True,1,Baladas Acusticas,-1.1069382963949017,-0.8922144034125365,42.5531914893617,47,67.61702127659575
1547,bestel mar (edit),rowwen hèze,carnaval limburg,1991,160,85,58,-7,12,91,187,7,10,48,zona_critica,q1_bajo,1990,rowwen h ze,bestel mar edit,0,0,False,0,Canciones Energeticas,1.8915580863331731,0.9107207990534161,0.0,10,36.5
1548,on every street,dire straits,album rock,1991,132,27,32,-11,17,15,302,58,4,56,rendimiento_medio,q2_medio_bajo,1990,dire straits,on every street,2,2,True,1,Baladas Acusticas,-2.395961327125314,-1.1789738354352979,20.823244552058114,413,60.69491525423729
1549,give it away,red hot chili peppers,alternative rock,1991,92,94,67,-10,15,78,283,0,5,73,potencial_premium,q4_alto,1990,red hot chili peppers,give it away,3,3,True,0,Canciones Energeticas,1.794074499472053,1.131847499877785,39.53488372093023,86,66.94186046511628
1550,four seasons in one day,crowded house,australian pop,1991,89,26,52,-17,9,49,170,82,3,51,rendimiento_medio,q2_medio_bajo,1990,crowded house,four seasons in one day,0,0,False,1,Baladas Acusticas,-2.884260195512615,0.987258036729435,37.5,8,63.375
1551,walking in memphis,marc cohn,folk,1991,130,51,57,-9,30,33,253,55,4,69,rendimiento_medio,q3_medio_alto,1990,marc cohn,walking in memphis,0,0,False,1,Baladas Acusticas,-0.8419381669431572,-0.09976418052030743,25.0,8,61.75
1552,learning to fly,tom petty and the heartbreakers,album rock,1991,117,77,65,-10,36,95,242,21,3,71,rendimiento_medio,q3_medio_alto,1990,tom petty and the heartbreakers,learning to fly,0,0,False,0,Canciones Energeticas,1.2027237106198447,1.5999424424245947,20.823244552058114,413,60.69491525423729
1553,live and let die,guns n' roses,glam metal,1991,153,78,26,-9,12,26,183,1,6,68,rendimiento_medio,q3_medio_alto,1990,guns n roses,live and let die,0,0,False,0,Canciones Energeticas,0.19607237673491168,-1.6633260707456037,64.70588235294117,17,71.94117647058823
1554,in bloom - nevermind version,nirvana,alternative rock,1991,157,88,44,-5,21,51,255,0,6,64,rendimiento_medio,q3_medio_alto,1990,nirvana,in bloom nevermind version,1,1,True,0,Canciones Energeticas,1.6156427563545128,-0.7872172070133026,39.53488372093023,86,66.94186046511628
1555,weather with you,crowded house,australian pop,1991,94,61,64,-13,21,89,224,25,3,69,rendimiento_medio,q3_medio_alto,1990,crowded house,weather with you,0,0,False,0,Canciones Energeticas,0.22082048900667908,1.7522151494843308,37.5,8,63.375
1556,shiny happy people,r.e.m.,alternative rock,1991,125,91,45,-4,23,81,226,3,4,70,rendimiento_medio,q3_medio_alto,1990,r e m,shiny happy people,3,3,True,0,Canciones Energeticas,2.1932956177077405,-0.10719733427199409,39.53488372093023,86,66.94186046511628
1557,stars,simply red,british soul,1991,104,82,72,-7,24,82,249,15,3,49,zona_critica,q1_bajo,1990,simply red,stars,0,0,False,0,Canciones Energeticas,1.7704632589354217,1.236639868796681,38.70967741935484,31,66.38709677419355
1558,i'm going slightly mad - remastered 2011,queen,glam rock,1991,116,83,64,-6,19,31,263,57,5,48,zona_critica,q1_bajo,1990,queen,i m going slightly mad remastered 2011,0,0,False,0,Canciones Energeticas,0.4366698227754324,-0.2698644059099333,18.367346938775512,49,58.714285714285715
1559,on the border - 2001 remaster,al stewart,album rock,1991,98,64,48,-12,8,73,202,6,3,49,zona_critica,q1_bajo,1990,al stewart,on the border 2001 remaster,0,0,False,0,Canciones Energeticas,0.29784301790926304,0.6207982147303197,20.823244552058114,413,60.69491525423729
1560,diamonds and pearls,prince,funk,1991,81,55,55,-10,7,29,285,5,3,47,zona_critica,q1_bajo,1990,prince,diamonds and pearls,3,3,True,0,Canciones Energeticas,-0.12737003782677295,-0.3460460967613654,15.384615384615385,13,57.46153846153846
1561,i can't dance - 2007 remaster,genesis,album rock,1991,108,53,91,-9,5,90,241,50,5,54,rendimiento_medio,q2_medio_bajo,1990,genesis,i can t dance 2007 remaster,1,1,True,0,Canciones Energeticas,0.5587863301715541,2.5137170776208557,20.823244552058114,413,60.69491525423729
1562,no son of mine - 2007 remaster,genesis,album rock,1991,104,60,66,-9,10,26,399,13,3,39,zona_critica,q1_bajo,1990,genesis,no son of mine 2007 remaster,1,1,True,0,Canciones Energeticas,0.12904144981205096,-0.10062563237579784,20.823244552058114,413,60.69491525423729
1563,i can't make you love me,bonnie raitt,classic rock,1991,125,15,59,-17,24,11,333,85,3,66,rendimiento_medio,q3_medio_alto,1990,bonnie raitt,i can t make you love me,7,7,True,1,Baladas Acusticas,-3.6193575107326654,0.3628562661492372,27.450980392156865,51,62.15686274509804
1564,love of the common people,paul young,album rock,1991,91,61,74,-11,6,89,221,9,8,55,rendimiento_medio,q2_medio_bajo,1990,paul young,love of the common people,0,0,False,0,Canciones Energeticas,0.9074117049199653,1.893336510369516,20.823244552058114,413,60.69491525423729
1565,mysterious ways,u2,irish rock,1991,100,66,67,-8,11,70,244,0,3,63,rendimiento_medio,q3_medio_alto,1990,u2,mysterious ways,18,18,True,0,Canciones Energeticas,1.2361360105003005,0.8631522078709986,20.588235294117645,34,58.294117647058826
1566,we don't need another hero (thunderdome),tina turner,disco,1991,99,67,69,-6,12,71,255,20,5,61,rendimiento_medio,q2_medio_bajo,1990,tina turner,we don t need another hero thunderdome,6,6,True,0,Canciones Energeticas,1.2447154786879968,0.8400980326391968,11.11111111111111,18,61.666666666666664
1567,calling elvis,dire straits,album rock,1991,120,57,61,-12,16,39,385,9,3,54,rendimiento_medio,q2_medio_bajo,1990,dire straits,calling elvis,2,2,True,0,Canciones Energeticas,-0.19115521075086453,0.29855227172208654,20.823244552058114,413,60.69491525423729
1568,killing in the name,rage against the machine,alternative metal,1992,89,83,47,-4,3,66,314,3,30,78,potencial_premium,q4_alto,1990,rage against the machine,killing in the name,2,2,True,0,Canciones Energeticas,1.8283048660224366,-0.39923061966302636,37.142857142857146,70,66.01428571428572
1569,fear of the dark - 2015 remaster,iron maiden,album rock,1992,110,87,31,-6,23,23,438,0,6,55,rendimiento_medio,q2_medio_bajo,1990,iron maiden,fear of the dark 2015 remaster,1,1,True,0,Canciones Energeticas,0.8987001792222211,-1.8825991795279648,20.823244552058114,413,60.69491525423729
1570,bed of roses,bon jovi,glam metal,1992,165,60,31,-6,21,16,394,10,3,73,potencial_premium,q4_alto,1990,bon jovi,bed of roses,0,0,False,0,Canciones Energeticas,-0.05780222466146565,-1.9243757920531934,64.70588235294117,17,71.94117647058823
1571,everybody hurts,r.e.m.,alternative rock,1992,94,32,47,-10,12,17,320,62,3,74,potencial_premium,q4_alto,1990,r e m,everybody hurts,3,3,True,1,Baladas Acusticas,-1.9355098036427612,-0.7047743901820337,39.53488372093023,86,66.94186046511628
1572,kayleigh,marillion,album rock,1992,106,67,56,-7,9,60,243,2,3,58,rendimiento_medio,q2_medio_bajo,1990,marillion,kayleigh,0,0,False,0,Canciones Energeticas,1.0786914088130097,0.10328941654479279,20.823244552058114,413,60.69491525423729
1573,"layla - acoustic; live at mtv unplugged, bray film studios, windsor, england, uk, 1/16/1992; 2013 remaster",eric clapton,album rock,1992,94,52,56,-12,94,64,289,32,5,70,rendimiento_medio,q3_medio_alto,1990,eric clapton,layla acoustic live at mtv unplugged bray film studios windsor england uk 1 16 1992 2013 remaster,10,10,True,1,Baladas Acusticas,-0.43273773208944316,0.7867737206404984,20.823244552058114,413,60.69491525423729
1574,i will always love you,whitney houston,dance pop,1992,67,21,31,-13,8,11,271,84,4,77,potencial_premium,q4_alto,1990,whitney houston,i will always love you,6,6,True,1,Baladas Acusticas,-3.3110528074819636,-1.0650783992607167,50.602409638554214,83,68.51807228915662
1575,nightswimming,r.e.m.,alternative rock,1992,114,39,57,-11,10,57,258,80,3,62,rendimiento_medio,q2_medio_bajo,1990,r e m,nightswimming,3,3,True,1,Baladas Acusticas,-1.5078467863298182,0.7547419975678282,39.53488372093023,86,66.94186046511628
1576,conquest of paradise,vangelis,cyberpunk,1992,74,30,43,-14,23,16,278,70,3,61,rendimiento_medio,q2_medio_bajo,1990,vangelis,conquest of paradise,0,0,False,1,Baladas Acusticas,-2.7363320811476926,-0.4913251119946295,0.0,1,61.0
1577,would?,alice in chains,alternative metal,1992,101,83,31,-8,9,59,207,0,4,71,rendimiento_medio,q3_medio_alto,1990,alice in chains,would,0,0,False,0,Canciones Energeticas,1.002803113971276,-0.81083442981669,37.142857142857146,70,66.01428571428572
1578,friday i'm in love,the cure,dance rock,1992,136,76,53,-12,34,51,214,0,3,67,rendimiento_medio,q3_medio_alto,1990,the cure,friday i m in love,0,0,False,0,Canciones Energeticas,0.500631484131919,0.17537137547394563,15.384615384615385,52,59.38461538461539
1579,sharp dressed man,zz top,album rock,1992,125,77,65,-8,10,40,252,0,3,53,rendimiento_medio,q2_medio_bajo,1990,zz top,sharp dressed man,0,0,False,0,Canciones Energeticas,1.1025260665836942,-0.012005894522725795,20.823244552058114,413,60.69491525423729
1580,man on the moon,r.e.m.,alternative rock,1992,119,70,67,-8,20,66,314,42,3,67,rendimiento_medio,q3_medio_alto,1990,r e m,man on the moon,3,3,True,0,Canciones Energeticas,0.6002415482708567,0.8478832215584872,39.53488372093023,86,66.94186046511628
1581,gimme all your lovin',zz top,album rock,1992,120,79,66,-7,6,71,240,5,3,44,zona_critica,q1_bajo,1990,zz top,gimme all your lovin,0,0,False,0,Canciones Energeticas,1.634452888353569,0.7021208946181933,20.823244552058114,413,60.69491525423729
1582,what's up?,4 non blondes,new wave pop,1992,134,56,56,-10,11,45,296,16,3,78,potencial_premium,q4_alto,1990,4 non blondes,what s up,0,0,False,0,Canciones Energeticas,-0.04495572756258882,0.08322775745484873,50.0,2,62.0
1583,lavender,marillion,album rock,1992,138,55,33,-6,9,23,224,31,3,51,rendimiento_medio,q2_medio_bajo,1990,marillion,lavender,0,0,False,1,Baladas Acusticas,-0.41260213028329473,-1.599148911279647,20.823244552058114,413,60.69491525423729
1584,plush - 2017 remaster,stone temple pilots,alternative metal,1992,144,94,43,-5,14,47,314,1,4,61,rendimiento_medio,q2_medio_bajo,1990,stone temple pilots,plush 2017 remaster,1,1,True,0,Canciones Energeticas,1.6972199454659078,-0.9684263500681973,37.142857142857146,70,66.01428571428572
1585,eloise,barry ryan,bubblegum pop,1992,131,59,43,-12,36,46,345,22,3,45,zona_critica,q1_bajo,1990,barry ryan,eloise,0,0,False,1,Baladas Acusticas,-0.5195060616547335,-0.18381420886042157,0.0,3,52.0
1586,harvest moon,neil young,album rock,1992,113,31,65,-12,12,41,303,53,3,71,rendimiento_medio,q3_medio_alto,1990,neil young,harvest moon,0,0,False,1,Baladas Acusticas,-1.4954962884902425,0.6928213563274598,20.823244552058114,413,60.69491525423729
1587,drive,r.e.m.,alternative rock,1992,143,43,47,-12,23,24,271,18,3,62,rendimiento_medio,q2_medio_bajo,1990,r e m,drive,3,3,True,1,Baladas Acusticas,-1.0993718357704534,-0.5287473650012847,39.53488372093023,86,66.94186046511628
1588,remedy,the black crowes,album rock,1992,160,98,41,-4,8,35,323,0,5,56,rendimiento_medio,q2_medio_bajo,1990,the black crowes,remedy,0,0,False,0,Canciones Energeticas,1.763415711998027,-1.4409268231391574,20.823244552058114,413,60.69491525423729
1589,i've got dreams to remember,otis redding,classic soul,1992,142,28,39,-13,14,40,196,50,3,49,zona_critica,q1_bajo,1990,otis redding,i ve got dreams to remember,1,1,True,1,Baladas Acusticas,-2.06041074003679,-0.19064192462326743,36.36363636363637,11,69.0909090909091
1590,jump around,house of pain,gangster rap,1992,107,71,85,-6,17,82,215,1,8,74,potencial_premium,q4_alto,1990,house of pain,jump around,0,0,False,0,Canciones Energeticas,2.0600862339118704,1.5943843507988065,100.0,1,74.0
1591,human touch,bruce springsteen,classic rock,1992,115,52,65,-14,10,45,389,0,3,58,rendimiento_medio,q2_medio_bajo,1990,bruce springsteen,human touch,13,13,True,0,Canciones Energeticas,-0.2915843835981783,0.7317528268994159,27.450980392156865,51,62.15686274509804
1592,vlieg met me mee - live,paul de leeuw,dutch cabaret,1992,176,47,35,-14,77,56,312,77,20,40,zona_critica,q1_bajo,1990,paul de leeuw,vlieg met me mee live,0,0,False,1,Baladas Acusticas,-2.0006238129927882,0.15310040076736842,0.0,51,46.05882352941177
1593,in these arms,bon jovi,glam metal,1992,123,92,51,-3,21,46,319,1,6,59,rendimiento_medio,q2_medio_bajo,1990,bon jovi,in these arms,0,0,False,0,Canciones Energeticas,2.023339386537543,-0.8697818757685318,64.70588235294117,17,71.94117647058823
1594,out of space,the prodigy,big beat,1992,147,87,64,-11,11,61,298,0,6,48,zona_critica,q1_bajo,1990,the prodigy,out of space,0,0,False,0,Canciones Energeticas,1.217828009706364,0.692825201171611,0.0,11,57.36363636363637
1595,find the river,r.e.m.,alternative rock,1992,145,44,42,-9,14,30,230,22,3,58,rendimiento_medio,q2_medio_bajo,1990,r e m,find the river,3,3,True,1,Baladas Acusticas,-0.7272569979748463,-0.8209033937139287,39.53488372093023,86,66.94186046511628
1596,i have nothing,whitney houston,dance pop,1992,153,40,54,-10,16,24,289,58,4,73,potencial_premium,q4_alto,1990,whitney houston,i have nothing,6,6,True,1,Baladas Acusticas,-1.4648409025409677,-0.31939614359997603,50.602409638554214,83,68.51807228915662
1597,rosalyn,vitesse,nederpop,1992,102,51,49,-13,7,67,208,1,6,39,zona_critica,q1_bajo,1990,vitesse,rosalyn,0,0,False,0,Canciones Energeticas,-0.14425276487747016,0.6041739521055254,0.0,2,39.0
1598,rooster,alice in chains,alternative metal,1992,144,55,27,-8,12,20,374,3,3,68,rendimiento_medio,q3_medio_alto,1990,alice in chains,rooster,0,0,False,0,Canciones Energeticas,-0.3488505147925789,-1.7985753106391928,37.142857142857146,70,66.01428571428572
1599,why,annie lennox,europop,1992,91,47,53,-9,13,12,294,28,2,64,rendimiento_medio,q3_medio_alto,1990,annie lennox,why,2,2,True,1,Baladas Acusticas,-0.8247353605332357,-0.852782912242333,14.814814814814813,27,56.7037037037037
1600,rhythm is a dancer,snap!,diva house,1992,124,65,76,-15,9,86,332,21,3,57,rendimiento_medio,q2_medio_bajo,1990,snap,rhythm is a dancer,0,0,False,0,Canciones Energeticas,0.2694613698232716,2.239021006187757,0.0,1,57.0
1601,keep the faith,bon jovi,glam metal,1992,118,97,57,-4,8,57,347,0,5,58,rendimiento_medio,q2_medio_bajo,1990,bon jovi,keep the faith,0,0,False,0,Canciones Energeticas,2.2691900331285932,-0.3148730377447999,64.70588235294117,17,71.94117647058823
1602,no rain,blind melon,alternative metal,1992,148,48,39,-9,26,57,217,62,3,73,potencial_premium,q4_alto,1990,blind melon,no rain,0,0,False,1,Baladas Acusticas,-0.973571918478093,-0.16568472405035606,37.142857142857146,70,66.01428571428572
1603,creep,radiohead,alternative rock,1993,92,43,52,-10,13,10,239,1,4,82,potencial_premium,q4_alto,1990,radiohead,creep,3,3,True,1,Baladas Acusticas,-0.6457390718668673,-0.9433028416169829,39.53488372093023,86,66.94186046511628
1604,proud mary,tina turner,disco,1993,171,50,40,-11,11,37,327,8,7,66,rendimiento_medio,q3_medio_alto,1990,tina turner,proud mary,6,6,True,1,Baladas Acusticas,-0.536833090216557,-0.6378163104732865,11.11111111111111,18,61.666666666666664
1605,fields of gold,sting,permanent wave,1993,104,34,65,-12,7,32,222,37,2,69,rendimiento_medio,q3_medio_alto,1990,sting,fields of gold,8,8,True,1,Baladas Acusticas,-1.2607483737818168,0.3862910668621506,34.21052631578947,38,67.65789473684211
1606,eagle - short version,abba,europop,1993,86,83,41,-8,17,65,263,0,3,41,zona_critica,q1_bajo,1990,abba,eagle short version,0,0,False,0,Canciones Energeticas,1.243299618382518,-0.3266089799574225,14.814814814814813,27,56.7037037037037
1607,linger,the cranberries,irish rock,1993,95,43,44,-15,14,20,275,8,3,75,potencial_premium,q4_alto,1990,the cranberries,linger,1,1,True,1,Baladas Acusticas,-1.4274620135286027,-0.5289989695654363,20.588235294117645,34,58.294117647058826
1608,alles geprobeerd,het goede doel,dutch pop,1993,76,56,59,-15,8,84,388,11,4,38,zona_critica,q1_bajo,1990,het goede doel,alles geprobeerd,0,0,False,0,Canciones Energeticas,-0.0659390977267567,1.5451644642055797,1.1363636363636365,88,45.23863636363637
1609,i'd do anything for love (but i won't do that) - single edit,meat loaf,album rock,1993,105,67,42,-6,41,30,316,62,9,59,rendimiento_medio,q2_medio_bajo,1990,meat loaf,i d do anything for love but i won t do that single edit,1,1,True,1,Baladas Acusticas,-0.3785182662470808,-1.0790041701822042,20.823244552058114,413,60.69491525423729
1610,shape of my heart,sting,permanent wave,1993,84,37,54,-10,8,24,279,69,3,72,potencial_premium,q4_alto,1990,sting,shape of my heart,8,8,True,1,Baladas Acusticas,-1.7135800368659035,-0.3032506503381539,34.21052631578947,38,67.65789473684211
1611,i will survive - single version,gloria gaynor,disco,1993,116,62,80,-13,32,64,199,2,5,60,rendimiento_medio,q2_medio_bajo,1990,gloria gaynor,i will survive single version,2,2,True,0,Canciones Energeticas,0.5574344843034699,1.5973836288662493,11.11111111111111,18,61.666666666666664
1612,ordinary world,duran duran,dance rock,1993,140,65,47,-10,14,40,340,1,3,72,potencial_premium,q4_alto,1990,duran duran,ordinary world,2,2,True,0,Canciones Energeticas,0.24703266251750322,-0.47325019594581064,15.384615384615385,52,59.38461538461539
1613,disarm - remastered,the smashing pumpkins,alternative metal,1993,130,42,53,-10,14,22,197,14,3,62,rendimiento_medio,q2_medio_bajo,1990,the smashing pumpkins,disarm remastered,2,2,True,1,Baladas Acusticas,-0.7127942601223662,-0.5708633102233844,37.142857142857146,70,66.01428571428572
1614,mr. jones,counting crows,alternative rock,1993,142,82,58,-7,28,73,272,18,4,76,potencial_premium,q4_alto,1990,counting crows,mr jones,0,0,False,0,Canciones Energeticas,1.414662809371852,0.4588854668156597,39.53488372093023,86,66.94186046511628
1615,heart-shaped box,nirvana,alternative rock,1993,203,64,26,-10,9,38,281,20,6,74,potencial_premium,q4_alto,1990,nirvana,heart shaped box,1,1,True,1,Baladas Acusticas,-0.43434760608968853,-1.2286988719463203,39.53488372093023,86,66.94186046511628
1616,daughter (remastered),pearl jam,alternative rock,1993,97,70,62,-10,6,73,234,1,3,68,rendimiento_medio,q3_medio_alto,1990,pearl jam,daughter remastered,1,1,True,0,Canciones Energeticas,1.0392212899835482,0.8632141579807171,39.53488372093023,86,66.94186046511628
1617,in-a-gadda-da-vida - single version,iron butterfly,art rock,1993,119,53,47,-10,18,77,174,0,3,57,rendimiento_medio,q2_medio_bajo,1990,iron butterfly,in a gadda da vida single version,0,0,False,0,Canciones Energeticas,0.4460973920139322,0.47315358246105027,15.0,40,60.2
1618,gaia,valensia,classical rock,1993,174,33,38,-13,21,20,331,74,3,39,zona_critica,q1_bajo,1990,valensia,gaia,0,0,False,1,Baladas Acusticas,-2.5994623286937806,-0.6910796626552647,0.0,1,39.0
1619,mull of kintyre - 1993 digital remaster,wings,album rock,1993,93,26,33,-15,12,42,283,0,3,56,rendimiento_medio,q2_medio_bajo,1990,wings,mull of kintyre 1993 digital remaster,0,0,False,1,Baladas Acusticas,-1.6051166956628418,-0.35353713527839387,20.823244552058114,413,60.69491525423729
1620,cose della vita,eros ramazzotti,italian pop,1993,176,60,50,-9,22,47,289,6,3,48,zona_critica,q1_bajo,1990,eros ramazzotti,cose della vita,0,0,False,0,Canciones Energeticas,0.30864805690906744,-0.24732811668672927,0.0,3,37.0
1621,are you gonna go my way,lenny kravitz,permanent wave,1993,129,67,62,-10,33,78,212,0,4,72,potencial_premium,q4_alto,1990,lenny kravitz,are you gonna go my way,4,4,True,0,Canciones Energeticas,1.044883146502345,0.9936212945595593,34.21052631578947,38,67.65789473684211
1622,what's love got to do with it,tina turner,disco,1993,98,41,85,-12,9,79,227,22,7,69,rendimiento_medio,q3_medio_alto,1990,tina turner,what s love got to do with it,6,6,True,0,Canciones Energeticas,0.09308792756698703,2.195747465518248,11.11111111111111,18,61.666666666666664
1623,rearviewmirror (remastered),pearl jam,alternative rock,1993,159,96,37,-5,35,44,283,0,7,58,rendimiento_medio,q2_medio_bajo,1990,pearl jam,rearviewmirror remastered,1,1,True,0,Canciones Energeticas,1.6473700061207017,-1.2989241388537027,39.53488372093023,86,66.94186046511628
1624,la solitudine,laura pausini,europop,1993,132,47,57,-6,15,26,241,74,4,57,rendimiento_medio,q2_medio_bajo,1990,laura pausini,la solitudine,1,1,True,1,Baladas Acusticas,-0.923612117334143,-0.5195919476402576,14.814814814814813,27,56.7037037037037
1625,up where we belong,joe cocker,album rock,1993,139,43,57,-9,8,36,233,60,3,54,rendimiento_medio,q2_medio_bajo,1990,joe cocker,up where we belong,0,0,False,1,Baladas Acusticas,-1.0688862309433769,-0.037307630528629246,20.823244552058114,413,60.69491525423729
1626,rape me,nirvana,alternative rock,1993,112,75,42,-11,7,23,170,1,5,64,rendimiento_medio,q3_medio_alto,1990,nirvana,rape me,1,1,True,0,Canciones Energeticas,0.06860203422620233,-1.0203905840868266,39.53488372093023,86,66.94186046511628
1627,round here,counting crows,alternative rock,1993,94,48,31,-9,8,19,331,14,3,61,rendimiento_medio,q2_medio_bajo,1990,counting crows,round here,0,0,False,1,Baladas Acusticas,-0.7903253319434329,-1.557879200301963,39.53488372093023,86,66.94186046511628
1628,i want you back,the jackson 5,adult standards,1993,98,54,64,-13,28,94,181,49,3,65,rendimiento_medio,q3_medio_alto,1990,the jackson 5,i want you back,0,0,False,0,Canciones Energeticas,-0.2691537056343776,1.9164589975845605,20.32520325203252,123,62.577235772357724
1629,younger days,the fatal flowers,dutch indie,1993,116,85,54,-7,31,31,188,2,4,42,zona_critica,q1_bajo,1990,the fatal flowers,younger days,0,0,False,0,Canciones Energeticas,1.1391741322186686,-0.7732520398753017,0.0,75,37.266666666666666
1630,all apologies,nirvana,alternative rock,1993,113,63,45,-12,9,36,233,8,3,67,rendimiento_medio,q3_medio_alto,1990,nirvana,all apologies,1,1,True,0,Canciones Energeticas,-0.27559195339132936,-0.4395186737468126,39.53488372093023,86,66.94186046511628
1631,zombie,the cranberries,irish rock,1994,167,64,31,-9,37,31,306,2,3,80,potencial_premium,q4_alto,1990,the cranberries,zombie,1,1,True,0,Canciones Energeticas,-0.006789730572721243,-1.386809218064449,20.588235294117645,34,58.294117647058826
1632,hallelujah,jeff buckley,alternative rock,1994,97,14,32,-10,18,8,414,93,3,73,potencial_premium,q4_alto,1990,jeff buckley,hallelujah,0,0,False,1,Baladas Acusticas,-3.2360131951663114,-1.3692373509344107,39.53488372093023,86,66.94186046511628
1633,oude maasweg,the amazing stroopwafels,dutch rock,1994,90,26,75,-15,12,13,206,70,4,45,zona_critica,q1_bajo,1990,the amazing stroopwafels,oude maasweg,0,0,False,1,Baladas Acusticas,-2.5149625803280236,0.6513200801174964,0.0,18,44.111111111111114
1634,lightning crashes,live,alternative metal,1994,90,43,39,-9,11,43,326,24,4,64,rendimiento_medio,q3_medio_alto,1990,live,lightning crashes,0,0,False,1,Baladas Acusticas,-0.635315549373333,-0.6581459674788726,37.142857142857146,70,66.01428571428572
1635,black hole sun,soundgarden,alternative metal,1994,105,83,35,-5,8,15,319,0,4,76,potencial_premium,q4_alto,1990,soundgarden,black hole sun,2,2,True,0,Canciones Energeticas,0.9072328285762301,-2.0610098738539357,37.142857142857146,70,66.01428571428572
1636,the man who sold the world,nirvana,alternative rock,1994,115,75,48,-9,26,42,261,43,8,73,potencial_premium,q4_alto,1990,nirvana,the man who sold the world,1,1,True,0,Canciones Energeticas,-0.003299595313010956,-0.4155813058056174,39.53488372093023,86,66.94186046511628
1637,basket case,green day,modern rock,1994,85,94,44,-3,9,78,182,0,6,79,potencial_premium,q4_alto,1990,green day,basket case,4,4,True,0,Canciones Energeticas,2.4357051131027223,-0.40831477688839535,48.97959183673469,49,68.59183673469387
1638,where did you sleep last night,nirvana,alternative rock,1994,109,59,57,-8,69,36,306,67,6,68,rendimiento_medio,q3_medio_alto,1990,nirvana,where did you sleep last night,1,1,True,1,Baladas Acusticas,-0.6246774592490992,-0.19141041972381992,39.53488372093023,86,66.94186046511628
1639,high hopes,pink floyd,album rock,1994,75,41,52,-13,35,28,511,20,3,59,rendimiento_medio,q2_medio_bajo,1990,pink floyd,high hopes,1,1,True,1,Baladas Acusticas,-1.1694381657281105,-0.20215533046337855,20.823244552058114,413,60.69491525423729
1640,kiss from a rose,seal,british soul,1994,132,53,58,-7,31,22,288,68,3,72,potencial_premium,q4_alto,1990,seal,kiss from a rose,2,2,True,1,Baladas Acusticas,-0.8317867636057905,-0.5604201735765847,38.70967741935484,31,66.38709677419355
1641,always,bon jovi,glam metal,1994,141,66,38,-6,8,33,353,12,3,76,potencial_premium,q4_alto,1990,bon jovi,always,0,0,False,0,Canciones Energeticas,0.4174264419510554,-1.3244866566647813,64.70588235294117,17,71.94117647058823
1642,all i want for christmas is you,mariah carey,dance pop,1994,150,63,34,-7,7,35,241,16,4,95,potencial_premium,q4_alto,1990,mariah carey,all i want for christmas is you,3,3,True,0,Canciones Energeticas,0.10460798121401808,-1.3104415640709104,50.602409638554214,83,68.51807228915662
1643,i alone,live,alternative metal,1994,90,82,40,-7,37,10,231,0,5,62,rendimiento_medio,q2_medio_bajo,1990,live,i alone,0,0,False,0,Canciones Energeticas,0.6178424270061051,-1.820677120195564,37.142857142857146,70,66.01428571428572
1644,sabotage,beastie boys,alternative rock,1994,168,94,32,-7,10,54,178,3,10,71,rendimiento_medio,q3_medio_alto,1990,beastie boys,sabotage,3,3,True,0,Canciones Energeticas,1.3440628057917454,-1.0718516821467106,39.53488372093023,86,66.94186046511628
1645,smooth operator - single version,sade,british soul,1994,119,58,73,-7,3,96,259,24,3,66,rendimiento_medio,q3_medio_alto,1990,sade,smooth operator single version,3,3,True,0,Canciones Energeticas,1.2365671585802631,1.6479922971035108,38.70967741935484,31,66.38709677419355
1646,glory box,portishead,art pop,1994,120,43,51,-10,6,21,309,18,4,67,rendimiento_medio,q3_medio_alto,1990,portishead,glory box,0,0,False,1,Baladas Acusticas,-0.7851646038005107,-0.6878104895068903,7.142857142857142,14,59.42857142857143
1647,dromen zijn bedrog,marco borsato,dutch cabaret,1994,132,86,61,-9,26,64,243,3,4,56,rendimiento_medio,q2_medio_bajo,1990,marco borsato,dromen zijn bedrog,0,0,False,0,Canciones Energeticas,1.431752908455108,0.4375616565587206,0.0,51,46.05882352941177
1648,ode to my family,the cranberries,irish rock,1994,94,45,36,-10,28,14,271,6,2,69,rendimiento_medio,q3_medio_alto,1990,the cranberries,ode to my family,1,1,True,1,Baladas Acusticas,-0.8513296366113426,-1.4498409004610826,20.588235294117645,34,58.294117647058826
1649,no good (start the dance) [remastered],the prodigy,big beat,1994,145,99,64,-7,16,17,378,1,5,56,rendimiento_medio,q2_medio_bajo,1990,the prodigy,no good start the dance remastered,0,0,False,0,Canciones Energeticas,1.4916939062993388,-0.83292265157192,0.0,11,57.36363636363637
1650,when i come around,green day,modern rock,1994,98,91,53,-4,23,81,178,2,3,75,potencial_premium,q4_alto,1990,green day,when i come around,4,4,True,0,Canciones Energeticas,2.3634548554703776,0.09890827752624817,48.97959183673469,49,68.59183673469387
1651,live forever - remastered,oasis,britpop,1994,84,79,10,-4,36,18,277,0,4,55,rendimiento_medio,q2_medio_bajo,1990,oasis,live forever remastered,0,0,False,0,Canciones Energeticas,0.6065008533175695,-2.9738748269981303,0.0,11,53.63636363636363
1652,mmm mmm mmm mmm,crash test dummies,canadian rock,1994,93,57,58,-8,8,37,235,25,2,57,rendimiento_medio,q2_medio_bajo,1990,crash test dummies,mmm mmm mmm mmm,0,0,False,0,Canciones Energeticas,0.04925387969954488,-0.2480711441591348,0.0,1,57.0
1653,annabel,hans de booij,dutch cabaret,1994,174,52,81,-14,10,59,213,6,30,45,zona_critica,q1_bajo,1990,hans de booij,annabel,0,0,False,0,Canciones Energeticas,0.05669353713159582,1.620934387666335,0.0,51,46.05882352941177
1654,polly,nirvana,alternative rock,1994,115,39,62,-12,91,44,196,68,4,57,rendimiento_medio,q2_medio_bajo,1990,nirvana,polly,1,1,True,1,Baladas Acusticas,-1.5200383652731548,0.6164313545950321,39.53488372093023,86,66.94186046511628
1655,grace,jeff buckley,alternative rock,1994,128,87,55,-4,22,19,322,3,4,59,rendimiento_medio,q2_medio_bajo,1990,jeff buckley,grace,0,0,False,0,Canciones Energeticas,1.4483331344378803,-1.3269326166444764,39.53488372093023,86,66.94186046511628
1656,stil in mij,van dik hout,dutch cabaret,1995,99,65,59,-9,13,39,245,22,3,58,rendimiento_medio,q2_medio_bajo,1990,van dik hout,stil in mij,0,0,False,0,Canciones Energeticas,0.22276662130616848,-0.14058472733225577,0.0,51,46.05882352941177
1657,wonderwall - remastered,oasis,britpop,1995,175,87,37,-5,23,48,259,0,4,71,rendimiento_medio,q3_medio_alto,1990,oasis,wonderwall remastered,0,0,False,0,Canciones Energeticas,1.490920821009901,-1.223197257670891,0.0,11,53.63636363636363
1658,don't look back in anger - remastered,oasis,britpop,1995,163,92,33,-4,13,34,290,6,6,63,rendimiento_medio,q3_medio_alto,1990,oasis,don t look back in anger remastered,0,0,False,0,Canciones Energeticas,1.4102486675919863,-1.8005023590270626,0.0,11,53.63636363636363
1659,streets of philadelphia - single edit,bruce springsteen,classic rock,1995,94,29,74,-13,9,44,195,29,3,70,rendimiento_medio,q3_medio_alto,1990,bruce springsteen,streets of philadelphia single edit,13,13,True,1,Baladas Acusticas,-1.0760894377922832,1.0359370433123865,27.450980392156865,51,62.15686274509804
1660,earth song,michael jackson,pop,1995,138,44,50,-8,9,14,406,48,3,63,rendimiento_medio,q3_medio_alto,1990,michael jackson,earth song,9,9,True,1,Baladas Acusticas,-1.0824831817354095,-1.014003258287107,42.5531914893617,47,67.61702127659575
1661,street spirit (fade out),radiohead,alternative rock,1995,138,45,49,-12,18,13,254,31,3,62,rendimiento_medio,q2_medio_bajo,1990,radiohead,street spirit fade out,3,3,True,1,Baladas Acusticas,-1.3459555297931018,-0.776507534692571,39.53488372093023,86,66.94186046511628
1662,man in the mirror,michael jackson,pop,1995,100,80,79,-6,11,27,319,43,4,64,rendimiento_medio,q3_medio_alto,1990,michael jackson,man in the mirror,9,9,True,0,Canciones Energeticas,0.8078356232309862,0.03869245626627427,42.5531914893617,47,67.61702127659575
1663,aan de kust,bløf,dutch pop,1995,78,31,51,-10,13,22,223,93,5,47,zona_critica,q1_bajo,1990,bl f,aan de kust,0,0,False,1,Baladas Acusticas,-2.3156620715238936,-0.4234685076325309,1.1363636363636365,88,45.23863636363637
1664,beat it,michael jackson,pop,1995,139,80,76,-6,17,91,258,3,4,60,rendimiento_medio,q2_medio_bajo,1990,michael jackson,beat it,9,9,True,0,Canciones Energeticas,2.27887824233028,1.37562219661748,42.5531914893617,47,67.61702127659575
1665,margherita,marco borsato,dutch cabaret,1995,119,25,54,-12,14,14,250,52,4,52,rendimiento_medio,q2_medio_bajo,1990,marco borsato,margherita,0,0,False,1,Baladas Acusticas,-2.123215742420991,-0.4331285897083592,0.0,51,46.05882352941177
1666,vivo per lei,andrea bocelli,adult standards,1995,136,46,53,-6,18,29,266,70,3,64,rendimiento_medio,q3_medio_alto,1990,andrea bocelli,vivo per lei,1,1,True,1,Baladas Acusticas,-0.8800517905715649,-0.6558223749560333,20.32520325203252,123,62.577235772357724
1667,circle of life,elton john,glam rock,1995,160,61,28,-8,11,16,290,28,4,54,rendimiento_medio,q2_medio_bajo,1990,elton john,circle of life,2,2,True,1,Baladas Acusticas,-0.6131456302893045,-1.8906667565262911,18.367346938775512,49,58.714285714285715
1668,they don't care about us,michael jackson,pop,1995,90,91,86,-6,32,73,284,21,13,69,rendimiento_medio,q3_medio_alto,1990,michael jackson,they don t care about us,9,9,True,0,Canciones Energeticas,2.1738415531825037,1.3134125176503493,42.5531914893617,47,67.61702127659575
1669,champagne supernova - remastered,oasis,britpop,1995,150,80,29,-5,36,12,448,47,4,63,rendimiento_medio,q3_medio_alto,1990,oasis,champagne supernova remastered,0,0,False,0,Canciones Energeticas,-0.06872022238528697,-2.2301676209808745,0.0,11,53.63636363636363
1670,you do something to me,paul weller,britpop,1995,73,34,44,-13,11,30,219,48,3,58,rendimiento_medio,q2_medio_bajo,1990,paul weller,you do something to me,0,0,False,1,Baladas Acusticas,-1.896546125614658,-0.36381973236115595,0.0,11,53.63636363636363
1671,lemon tree,fools garden,german pop rock,1995,143,48,66,-9,12,64,191,64,4,73,potencial_premium,q4_alto,1990,fools garden,lemon tree,0,0,False,1,Baladas Acusticas,-0.47645392683486454,0.9143294050612308,100.0,1,73.0
1672,weak,skunk anansie,british alternative rock,1995,94,77,53,-6,26,45,212,1,3,24,zona_critica,q1_bajo,1990,skunk anansie,weak,0,0,False,0,Canciones Energeticas,1.2791341896931363,-0.5842835127229818,0.0,2,28.0
1673,ik leef niet meer voor jou,marco borsato,dutch cabaret,1995,150,82,55,-9,4,57,217,2,5,60,rendimiento_medio,q2_medio_bajo,1990,marco borsato,ik leef niet meer voor jou,0,0,False,0,Canciones Energeticas,1.1737141650112561,0.03137064287105194,0.0,51,46.05882352941177
1674,gangsta's paradise,coolio,g funk,1995,80,51,65,-10,40,39,241,7,6,80,potencial_premium,q4_alto,1990,coolio,gangsta s paradise,1,1,True,0,Canciones Energeticas,0.06398177252712278,0.17372487190807817,60.0,5,67.0
1675,con te partirò,andrea bocelli,adult standards,1995,135,37,24,-8,9,30,251,84,3,66,rendimiento_medio,q3_medio_alto,1990,andrea bocelli,con te partir,1,1,True,1,Baladas Acusticas,-2.036183128722646,-1.4389546273586131,20.32520325203252,123,62.577235772357724
1676,don't speak,no doubt,alternative rock,1995,76,71,52,-7,18,54,264,25,4,67,rendimiento_medio,q3_medio_alto,1990,no doubt,don t speak,2,2,True,0,Canciones Energeticas,0.6946994765010486,-0.21885937404725164,39.53488372093023,86,66.94186046511628
1677,heaven for everyone - remastered 2011,queen,glam rock,1995,110,43,60,-10,17,27,336,29,3,49,zona_critica,q1_bajo,1990,queen,heaven for everyone remastered 2011,0,0,False,1,Baladas Acusticas,-0.7422344535388009,-0.20735489474971555,18.367346938775512,49,58.714285714285715
1678,fake plastic trees,radiohead,alternative rock,1995,74,23,45,-13,20,13,291,17,3,70,rendimiento_medio,q3_medio_alto,1990,radiohead,fake plastic trees,3,3,True,1,Baladas Acusticas,-1.8772274911905578,-0.7948149243530342,39.53488372093023,86,66.94186046511628
1679,too much love will kill you - 2011 remaster,queen,glam rock,1995,73,40,41,-8,16,21,259,58,3,49,zona_critica,q1_bajo,1990,queen,too much love will kill you 2011 remaster,0,0,False,1,Baladas Acusticas,-1.3930166433834996,-1.126855367613664,18.367346938775512,49,58.714285714285715
1680,1979 - remastered 2012,the smashing pumpkins,alternative metal,1995,127,79,77,-10,5,96,266,2,3,74,potencial_premium,q4_alto,1990,the smashing pumpkins,1979 remastered 2012,2,2,True,0,Canciones Energeticas,1.807795604415078,1.8879236794050003,37.142857142857146,70,66.01428571428572
1681,avalon,roxy music,album rock,1995,137,49,76,-11,21,88,257,67,3,46,zona_critica,q1_bajo,1990,roxy music,avalon,0,0,False,1,Baladas Acusticas,-0.30344780462444154,2.0481562883989133,20.823244552058114,413,60.69491525423729
1682,you don't fool me - remastered 2011,queen,glam rock,1995,122,83,59,-6,38,58,325,10,4,45,zona_critica,q1_bajo,1990,queen,you don t fool me remastered 2011,0,0,False,0,Canciones Energeticas,1.547221890634509,-0.04256865332638554,18.367346938775512,49,58.714285714285715
1683,can you feel the love tonight,elton john,glam rock,1995,123,36,30,-9,10,15,240,81,3,58,rendimiento_medio,q2_medio_bajo,1990,elton john,can you feel the love tonight,2,2,True,1,Baladas Acusticas,-2.2580797914235187,-1.5038450227699722,18.367346938775512,49,58.714285714285715
1684,dear mama,2pac,g funk,1995,84,54,77,-7,13,32,280,37,10,72,potencial_premium,q4_alto,1990,2pac,dear mama,0,0,False,0,Canciones Energeticas,0.13682142499708283,0.25430033935789637,60.0,5,67.0
1685,diane,therapy?,alternative metal,1995,124,43,42,-12,25,4,300,68,4,44,zona_critica,q1_bajo,1990,therapy,diane,0,0,False,1,Baladas Acusticas,-2.2361982699847145,-1.134731858155108,37.142857142857146,70,66.01428571428572
1686,stranger in moscow,michael jackson,pop,1995,130,47,80,-9,32,59,344,25,4,58,rendimiento_medio,q2_medio_bajo,1990,michael jackson,stranger in moscow,9,9,True,0,Canciones Energeticas,0.2877015659408004,1.190807393490093,42.5531914893617,47,67.61702127659575
1687,an american trilogy,elvis presley,adult standards,1995,84,13,21,-14,96,17,272,73,3,31,zona_critica,q1_bajo,1990,elvis presley,an american trilogy,3,3,True,1,Baladas Acusticas,-3.506145073699845,-1.2814771658953663,20.32520325203252,123,62.577235772357724
1688,secret garden,bruce springsteen,classic rock,1995,87,33,52,-14,12,12,267,58,3,61,rendimiento_medio,q2_medio_bajo,1990,bruce springsteen,secret garden,13,13,True,1,Baladas Acusticas,-2.3443572575744533,-0.39037195040867567,27.450980392156865,51,62.15686274509804
1689,"tonight, tonight - remastered 2012",the smashing pumpkins,alternative metal,1995,149,67,29,-9,24,22,255,0,4,68,rendimiento_medio,q3_medio_alto,1990,the smashing pumpkins,tonight tonight remastered 2012,2,2,True,0,Canciones Energeticas,-0.03434604590876305,-1.7246924579722034,37.142857142857146,70,66.01428571428572
1690,bullet with butterfly wings - remastered 2012,the smashing pumpkins,alternative metal,1995,122,72,40,-9,5,48,258,0,6,71,rendimiento_medio,q3_medio_alto,1990,the smashing pumpkins,bullet with butterfly wings remastered 2012,2,2,True,0,Canciones Energeticas,0.6049810965731407,-0.7055107498241803,37.142857142857146,70,66.01428571428572
1691,a winter's tale - 2011 remaster,queen,glam rock,1995,54,56,36,-6,31,14,230,18,3,29,zona_critica,q1_bajo,1990,queen,a winter s tale 2011 remaster,0,0,False,0,Canciones Energeticas,-0.21177746505070413,-1.8351739586812883,18.367346938775512,49,58.714285714285715
1692,gold,prince,funk,1995,90,86,53,-3,13,44,443,0,3,46,zona_critica,q1_bajo,1990,prince,gold,3,3,True,0,Canciones Energeticas,1.922361697700849,-0.9095248788621627,15.384615384615385,13,57.46153846153846
1693,high and dry,radiohead,alternative rock,1995,88,38,42,-12,9,35,257,7,3,72,potencial_premium,q4_alto,1990,radiohead,high and dry,3,3,True,1,Baladas Acusticas,-0.9399799850428393,-0.5395411396212693,39.53488372093023,86,66.94186046511628
1694,fairground,simply red,british soul,1995,123,73,72,-6,8,62,333,21,4,56,rendimiento_medio,q2_medio_bajo,1990,simply red,fairground,0,0,False,0,Canciones Energeticas,1.3536019175921468,0.59961148322231,38.70967741935484,31,66.38709677419355
1695,avond,boudewijn de groot,dutch indie,1996,98,37,48,-15,12,17,277,66,4,40,zona_critica,q1_bajo,1990,boudewijn de groot,avond,0,0,False,1,Baladas Acusticas,-2.4915028647920665,-0.34455469133674826,0.0,75,37.266666666666666
1696,she - tous les visages de l’amour,charles aznavour,chanson,1996,132,39,35,-10,15,36,153,22,3,60,rendimiento_medio,q2_medio_bajo,1990,charles aznavour,she tous les visages de l amour,0,0,False,1,Baladas Acusticas,-0.971348118362802,-0.9337702060724694,0.0,9,50.55555555555556
1697,insomnia,faithless,big beat,1996,127,58,79,-10,17,26,527,18,4,55,rendimiento_medio,q2_medio_bajo,1990,faithless,insomnia,0,0,False,0,Canciones Energeticas,0.1094900048975635,0.34613268890250487,0.0,11,57.36363636363637
1698,jesus to a child,george michael,dance rock,1996,174,42,53,-12,8,19,411,31,3,62,rendimiento_medio,q2_medio_bajo,1990,george michael,jesus to a child,1,1,True,1,Baladas Acusticas,-1.2725015499318681,-0.5002840872740949,15.384615384615385,52,59.38461538461539
1699,down under,men at work,album rock,1996,107,79,75,-5,5,89,221,5,3,74,potencial_premium,q4_alto,1990,men at work,down under,0,0,False,0,Canciones Energeticas,2.32551293648645,1.1839661400338237,20.823244552058114,413,60.69491525423729
1700,jump,van halen,album rock,1996,130,82,55,-7,6,77,240,7,3,57,rendimiento_medio,q2_medio_bajo,1990,van halen,jump,1,1,True,0,Canciones Energeticas,1.6398885965008254,0.3314268087663579,20.823244552058114,413,60.69491525423729
1701,het is een nacht... (levensecht),guus meeuwis,dutch pop,1996,138,62,63,-7,16,50,225,54,3,58,rendimiento_medio,q2_medio_bajo,1990,guus meeuwis,het is een nacht levensecht,0,0,False,0,Canciones Energeticas,0.10310662404870236,0.17681634957518585,1.1363636363636365,88,45.23863636363637
1702,where the wild roses grow - 2011 - remaster,nick cave & the bad seeds,art rock,1996,155,47,34,-11,10,16,237,38,3,59,rendimiento_medio,q2_medio_bajo,1990,nick cave the bad seeds,where the wild roses grow 2011 remaster,0,0,False,1,Baladas Acusticas,-1.4473023989950684,-1.3532320908092959,15.0,40,60.2
1703,beautiful noise,neil diamond,adult standards,1996,127,35,53,-15,15,73,193,12,3,57,rendimiento_medio,q2_medio_bajo,1990,neil diamond,beautiful noise,0,0,False,1,Baladas Acusticas,-0.8267059603713641,1.0544987117727536,20.32520325203252,123,62.577235772357724
1704,yesterday when i was young,charles aznavour,chanson,1996,68,51,33,-9,37,29,215,40,6,53,rendimiento_medio,q2_medio_bajo,1990,charles aznavour,yesterday when i was young,0,0,False,1,Baladas Acusticas,-0.9474707583531705,-1.2569437624727602,0.0,9,50.55555555555556
1705,de waarheid,marco borsato,dutch cabaret,1996,61,36,34,-11,33,9,312,11,3,50,rendimiento_medio,q2_medio_bajo,1990,marco borsato,de waarheid,0,0,False,1,Baladas Acusticas,-1.3762499162673067,-1.5642188601693061,0.0,51,46.05882352941177
1706,wereld zonder jou,marco borsato,dutch cabaret,1996,121,36,57,-10,17,9,236,51,3,55,rendimiento_medio,q2_medio_bajo,1990,marco borsato,wereld zonder jou,0,0,False,1,Baladas Acusticas,-1.5612356399479348,-0.6935436505625653,0.0,51,46.05882352941177
1707,wannabe,spice girls,dance pop,1996,110,86,77,-6,16,89,173,10,3,80,potencial_premium,q4_alto,1990,spice girls,wannabe,0,0,False,0,Canciones Energeticas,2.3173035226457355,1.3342220771891669,50.602409638554214,83,68.51807228915662
1708,hedonism (just because you feel good),skunk anansie,british alternative rock,1996,81,54,56,-9,16,31,207,9,3,32,zona_critica,q1_bajo,1990,skunk anansie,hedonism just because you feel good,0,0,False,0,Canciones Energeticas,0.01465951757033168,-0.47157306606184496,0.0,2,28.0
1709,killing me softly with his song,fugees,east coast hip hop,1996,92,29,77,-17,57,51,299,3,14,74,potencial_premium,q4_alto,1990,fugees,killing me softly with his song,2,2,True,1,Baladas Acusticas,-1.0384078143207438,1.5644050515542403,66.66666666666666,6,69.83333333333333
1710,you have been loved,george michael,dance rock,1996,137,24,61,-16,11,16,331,24,3,53,rendimiento_medio,q2_medio_bajo,1990,george michael,you have been loved,1,1,True,1,Baladas Acusticas,-2.084982303595913,0.1168230387673111,15.384615384615385,52,59.38461538461539
1711,children,robert miles,eurodance,1996,137,76,60,-11,6,39,243,0,3,67,rendimiento_medio,q3_medio_alto,1990,robert miles,children,0,0,False,0,Canciones Energeticas,0.6267801402698753,-0.061462707329490725,0.0,3,66.0
1712,no diggity,blackstreet,boy band,1996,89,65,87,-5,28,67,305,30,29,76,potencial_premium,q4_alto,1990,blackstreet,no diggity,1,1,True,0,Canciones Energeticas,1.4352143979290026,1.2100762231026434,66.66666666666666,6,72.83333333333333
1713,"casser la voix - live ""si ce soir""",patrick bruel,chanson,1996,135,72,27,-10,84,34,455,2,6,35,zona_critica,q1_bajo,1990,patrick bruel,casser la voix live si ce soir,0,0,False,0,Canciones Energeticas,0.06696324586753544,-1.456170724205667,0.0,9,50.55555555555556
1714,beautiful goodbye,amanda marshall,canadian pop,1996,99,29,49,-8,18,4,317,65,3,37,zona_critica,q1_bajo,1990,amanda marshall,beautiful goodbye,0,0,False,1,Baladas Acusticas,-1.8887635362941293,-1.216820317669104,60.0,5,63.0
1715,ain't nobody,chaka khan,dance pop,1996,104,88,80,-7,14,82,281,19,4,70,rendimiento_medio,q3_medio_alto,1990,chaka khan,ain t nobody,4,4,True,0,Canciones Energeticas,2.0353221253521583,1.3801278910626427,50.602409638554214,83,68.51807228915662
1716,a long december,counting crows,alternative rock,1996,71,58,39,-7,22,38,295,47,3,63,rendimiento_medio,q3_medio_alto,1990,counting crows,a long december,0,0,False,1,Baladas Acusticas,-0.4019173091130946,-0.9991030412937973,39.53488372093023,86,66.94186046511628
1717,novocaine for the soul,eels,alternative rock,1996,169,72,41,-8,8,31,189,0,4,54,rendimiento_medio,q2_medio_bajo,1990,eels,novocaine for the soul,0,0,False,0,Canciones Energeticas,0.5408908258389976,-1.2007084100674608,39.53488372093023,86,66.94186046511628
1718,per spoor (kedeng kedeng),guus meeuwis,dutch pop,1996,126,88,58,-7,15,79,253,20,5,49,zona_critica,q1_bajo,1990,guus meeuwis,per spoor kedeng kedeng,0,0,False,0,Canciones Energeticas,1.6503976562880516,0.5064327577563037,1.1363636363636365,88,45.23863636363637
1719,bitter sweet symphony,the verve,alternative rock,1997,171,92,36,-6,41,52,357,3,5,78,potencial_premium,q4_alto,1990,the verve,bitter sweet symphony,0,0,False,0,Canciones Energeticas,1.4954728908978725,-1.138551771002013,39.53488372093023,86,66.94186046511628
1720,zeg me dat het niet zo is,frank boeijen,dutch cabaret,1997,70,13,35,-14,17,29,161,85,4,48,zona_critica,q1_bajo,1990,frank boeijen,zeg me dat het niet zo is,0,0,False,1,Baladas Acusticas,-3.3139579615560257,-0.49638476839763973,0.0,51,46.05882352941177
1721,du hast,rammstein,alternative metal,1997,125,92,64,-6,33,72,234,0,4,67,rendimiento_medio,q3_medio_alto,1990,rammstein,du hast,0,0,False,0,Canciones Energeticas,2.229395641589114,0.36411368182510195,37.142857142857146,70,66.01428571428572
1722,"take me home, country roads",john denver,adult standards,1997,164,43,26,-13,19,55,198,55,3,77,potencial_premium,q4_alto,1990,john denver,take me home country roads,1,1,True,1,Baladas Acusticas,-1.6935755992102248,-0.47725830234977495,20.32520325203252,123,62.577235772357724
1723,karma police,radiohead,alternative rock,1997,75,51,36,-9,17,32,264,6,3,74,potencial_premium,q4_alto,1990,radiohead,karma police,3,3,True,0,Canciones Energeticas,-0.28686618240025036,-1.2029004655167237,39.53488372093023,86,66.94186046511628
1724,everlong,foo fighters,alternative metal,1997,158,88,41,-6,8,36,251,0,4,77,potencial_premium,q4_alto,1990,foo fighters,everlong,10,10,True,0,Canciones Energeticas,1.3036933049509962,-1.341531734467555,37.142857142857146,70,66.01428571428572
1725,op fietse,skik,dutch indie,1997,104,86,53,-5,24,86,291,19,3,46,zona_critica,q1_bajo,1990,skik,op fietse,0,0,False,0,Canciones Energeticas,1.9169066977112201,0.2954486095908523,0.0,75,37.266666666666666
1726,paranoid android,radiohead,alternative rock,1997,164,85,25,-7,5,19,387,4,6,67,rendimiento_medio,q3_medio_alto,1990,radiohead,paranoid android,3,3,True,0,Canciones Energeticas,0.558905446057619,-2.230411606620711,39.53488372093023,86,66.94186046511628
1727,lopen tot de zon komt,acda en de munnik,dutch cabaret,1997,100,33,43,-9,14,36,206,89,3,49,zona_critica,q1_bajo,1990,acda en de munnik,lopen tot de zon komt,0,0,False,1,Baladas Acusticas,-1.972117226372722,-0.5359425690354747,0.0,51,46.05882352941177
1728,into my arms - 2011 remastered version,nick cave & the bad seeds,art rock,1997,94,9,48,-18,11,22,256,89,4,65,rendimiento_medio,q3_medio_alto,1990,nick cave the bad seeds,into my arms 2011 remastered version,0,0,False,1,Baladas Acusticas,-3.9261017258165563,0.1864952393016681,15.0,40,60.2
1729,engel,rammstein,alternative metal,1997,96,66,64,-6,30,33,264,1,3,60,rendimiento_medio,q2_medio_bajo,1990,rammstein,engel,0,0,False,0,Canciones Energeticas,1.022310815422247,-0.49091250742977166,37.142857142857146,70,66.01428571428572
1730,k heb je lief,paul de leeuw,dutch cabaret,1997,136,37,53,-12,9,22,284,73,4,54,rendimiento_medio,q2_medio_bajo,1990,paul de leeuw,k heb je lief,0,0,False,1,Baladas Acusticas,-2.047681349134732,-0.31109358911468216,0.0,51,46.05882352941177
1731,chan chan,buena vista social club,latin jazz,1997,166,50,40,-12,10,68,257,83,4,68,rendimiento_medio,q3_medio_alto,1990,buena vista social club,chan chan,0,0,False,1,Baladas Acusticas,-1.459880366355342,0.32123398453683616,0.0,1,68.0
1732,firestarter,the prodigy,big beat,1997,142,95,53,-5,16,38,280,0,8,64,rendimiento_medio,q3_medio_alto,1990,the prodigy,firestarter,0,0,False,0,Canciones Energeticas,1.8260510062195807,-0.9684882585109328,0.0,11,57.36363636363637
1733,the unforgiven ii,metallica,alternative metal,1997,133,88,49,-5,27,25,396,0,4,55,rendimiento_medio,q2_medio_bajo,1990,metallica,the unforgiven ii,7,7,True,0,Canciones Energeticas,1.4125592119229642,-1.4066949817342862,37.142857142857146,70,66.01428571428572
1734,smack my bitch up,the prodigy,big beat,1997,136,99,61,-5,11,23,343,0,15,65,rendimiento_medio,q3_medio_alto,1990,the prodigy,smack my bitch up,0,0,False,0,Canciones Energeticas,1.849161446315627,-1.058074549670201,0.0,11,57.36363636363637
1735,you'll never walk alone,gerry & the pacemakers,adult standards,1997,113,37,47,-5,19,22,160,25,3,55,rendimiento_medio,q2_medio_bajo,1990,gerry the pacemakers,you ll never walk alone,0,0,False,1,Baladas Acusticas,-0.3894556302207541,-1.290391063395955,20.32520325203252,123,62.577235772357724
1736,good riddance (time of your life),green day,modern rock,1997,95,43,48,-8,16,65,153,18,3,75,potencial_premium,q4_alto,1990,green day,good riddance time of your life,4,4,True,0,Canciones Energeticas,0.06138545555955299,0.019550746605874546,48.97959183673469,49,68.59183673469387
1737,candle in the wind 1997,elton john,glam rock,1997,126,31,45,-8,17,37,250,98,3,53,rendimiento_medio,q2_medio_bajo,1990,elton john,candle in the wind 1997,2,2,True,1,Baladas Acusticas,-1.994209092792932,-0.4924722079898316,18.367346938775512,49,58.714285714285715
1738,no surprises,radiohead,alternative rock,1997,76,39,26,-11,11,12,229,6,3,71,rendimiento_medio,q3_medio_alto,1990,radiohead,no surprises,3,3,True,1,Baladas Acusticas,-1.283868390778139,-1.8365725922136795,39.53488372093023,86,66.94186046511628
1739,als het vuur gedoofd is,acda en de munnik,dutch cabaret,1997,92,64,56,-8,14,61,234,49,3,42,zona_critica,q1_bajo,1990,acda en de munnik,als het vuur gedoofd is,0,0,False,0,Canciones Energeticas,0.15521797789918435,0.22855106982790954,0.0,51,46.05882352941177
1740,little green bag,george baker selection,classic uk pop,1997,103,61,71,-14,8,88,195,4,3,44,zona_critica,q1_bajo,1990,george baker selection,little green bag,0,0,False,0,Canciones Energeticas,0.5931231560886847,1.8429822788210546,4.545454545454546,22,45.77272727272727
1741,beds are burning - remastered,midnight oil,australian rock,1997,119,50,75,-9,9,34,258,1,4,63,rendimiento_medio,q3_medio_alto,1990,midnight oil,beds are burning remastered,0,0,False,0,Canciones Energeticas,0.379100890316214,0.2588407087269353,0.0,3,55.0
1742,"my heart will go on - love theme from ""titanic""",céline dion,canadian pop,1997,99,28,43,-12,12,4,280,73,3,75,potencial_premium,q4_alto,1990,c line dion,my heart will go on love theme from titanic,0,0,False,1,Baladas Acusticas,-2.668926861553822,-1.0833018662958478,60.0,5,63.0
1743,t dondert en 't bliksemt,guus meeuwis,dutch pop,1997,121,95,70,-4,9,89,192,64,7,50,rendimiento_medio,q2_medio_bajo,1990,guus meeuwis,t dondert en t bliksemt,0,0,False,0,Canciones Energeticas,1.8317006167785408,1.0020841102388218,1.1363636363636365,88,45.23863636363637
1744,breathe,the prodigy,big beat,1997,130,82,68,-6,4,32,335,1,5,66,rendimiento_medio,q3_medio_alto,1990,the prodigy,breathe,0,0,False,0,Canciones Energeticas,1.48193524790599,-0.4283956727380489,0.0,11,57.36363636363637
1745,the memory remains,metallica,alternative metal,1997,144,90,43,-4,21,60,279,0,4,51,rendimiento_medio,q2_medio_bajo,1990,metallica,the memory remains,7,7,True,0,Canciones Energeticas,1.976243570347899,-0.8651969455732009,37.142857142857146,70,66.01428571428572
1746,n'oubliez jamais,joe cocker,album rock,1997,87,49,59,-8,6,35,283,14,2,35,zona_critica,q1_bajo,1990,joe cocker,n oubliez jamais,0,0,False,0,Canciones Energeticas,0.0477316952961426,-0.3467095178886854,20.823244552058114,413,60.69491525423729
1747,tell him,barbra streisand,adult standards,1997,76,40,34,-9,11,7,291,76,4,47,zona_critica,q1_bajo,1990,barbra streisand,tell him,7,7,True,1,Baladas Acusticas,-2.0957489027731553,-1.6384845711436251,20.32520325203252,123,62.577235772357724
1748,mooi liedje,acda en de munnik,dutch cabaret,1997,177,21,49,-11,10,22,179,96,4,42,zona_critica,q1_bajo,1990,acda en de munnik,mooi liedje,0,0,False,1,Baladas Acusticas,-2.7666640380437446,-0.41780022588329846,0.0,51,46.05882352941177
1749,can't stand losing you,the police,album rock,1997,142,63,76,-10,4,93,181,35,31,45,zona_critica,q1_bajo,1990,the police,can t stand losing you,5,5,True,0,Canciones Energeticas,0.8145639122440861,1.8799815524018402,20.823244552058114,413,60.69491525423729
1750,songbird,eva cassidy,adult standards,1997,153,23,38,-12,13,15,225,85,3,61,rendimiento_medio,q2_medio_bajo,1990,eva cassidy,songbird,0,0,False,1,Baladas Acusticas,-2.925554991393293,-0.942610358621265,20.32520325203252,123,62.577235772357724
1751,hier komt de storm,frank boeijen groep,dutch cabaret,1997,89,77,41,-8,24,43,388,51,4,31,zona_critica,q1_bajo,1990,frank boeijen groep,hier komt de storm,0,0,False,0,Canciones Energeticas,-0.0056887716404474,-0.8014958404498321,0.0,51,46.05882352941177
1752,the drugs don't work,the verve,alternative rock,1997,77,52,44,-9,15,18,305,18,3,64,rendimiento_medio,q3_medio_alto,1990,the verve,the drugs don t work,0,0,False,1,Baladas Acusticas,-0.5271702765412958,-1.2212290498869531,39.53488372093023,86,66.94186046511628
1753,around the world,daft punk,electro,1997,121,80,96,-5,9,84,430,0,15,70,rendimiento_medio,q3_medio_alto,1990,daft punk,around the world,4,4,True,0,Canciones Energeticas,2.692670037890176,1.7821835101883905,42.857142857142854,7,71.14285714285714
1754,somebody to love,george michael,dance rock,1998,110,86,33,-7,97,38,319,5,5,57,rendimiento_medio,q2_medio_bajo,1990,george michael,somebody to love,1,1,True,0,Canciones Energeticas,0.9517683151804067,-1.5019284208116928,15.384615384615385,52,59.38461538461539
1755,nobody's wife,anouk,dutch indie,1998,98,91,51,-7,17,46,206,1,4,33,zona_critica,q1_bajo,1990,anouk,nobody s wife,0,0,False,0,Canciones Energeticas,1.5224645614710821,-0.6793686630712907,0.0,75,37.266666666666666
1756,als ze er niet is,de dijk,dutch indie,1998,166,49,38,-12,11,21,211,24,6,50,rendimiento_medio,q2_medio_bajo,1990,de dijk,als ze er niet is,0,0,False,1,Baladas Acusticas,-1.150025646923967,-1.1010865910665721,0.0,75,37.266666666666666
1757,careless whisper,george michael,dance rock,1998,153,63,57,-9,27,79,300,13,4,76,potencial_premium,q4_alto,1990,george michael,careless whisper,1,1,True,0,Canciones Energeticas,0.8571306109149779,0.6624207317920865,15.384615384615385,52,59.38461538461539
1758,whiskey in the jar,metallica,alternative metal,1998,133,97,51,-4,19,53,305,0,4,61,rendimiento_medio,q2_medio_bajo,1990,metallica,whiskey in the jar,7,7,True,0,Canciones Energeticas,2.194672951409893,-0.7978417787191155,37.142857142857146,70,66.01428571428572
1759,don't let the sun go down on me,george michael,dance rock,1998,135,55,44,-8,54,26,347,49,3,66,rendimiento_medio,q3_medio_alto,1990,george michael,don t let the sun go down on me,1,1,True,1,Baladas Acusticas,-0.7107305418571715,-1.0602026674179894,15.384615384615385,52,59.38461538461539
1760,the whole of the moon,the waterboys,art rock,1998,106,85,54,-6,60,60,299,7,3,59,rendimiento_medio,q2_medio_bajo,1990,the waterboys,the whole of the moon,0,0,False,0,Canciones Energeticas,1.6348026464493706,-0.27554740467691846,15.0,40,60.2
1761,liefs uit londen,bløf,dutch pop,1998,77,13,44,-19,18,13,239,81,4,51,rendimiento_medio,q2_medio_bajo,1990,bl f,liefs uit londen,0,0,False,1,Baladas Acusticas,-3.993895774097565,-0.15777479022233648,1.1363636363636365,88,45.23863636363637
1762,narcotic - long version,liquido,german alternative rock,1998,102,59,59,-7,8,36,278,0,3,42,zona_critica,q1_bajo,1990,liquido,narcotic long version,0,0,False,0,Canciones Energeticas,0.6989640603003017,-0.5167078561402516,0.0,1,42.0
1763,new year's day,u2,irish rock,1998,133,80,52,-6,61,63,257,0,3,58,rendimiento_medio,q2_medio_bajo,1990,u2,new year s day,18,18,True,0,Canciones Energeticas,1.631963514928615,-0.2775650516330534,20.588235294117645,34,58.294117647058826
1764,cowboys and angels,george michael,dance rock,1998,128,51,57,-13,13,28,435,4,3,43,zona_critica,q1_bajo,1990,george michael,cowboys and angels,1,1,True,1,Baladas Acusticas,-0.5253632681806555,-0.21483399806218173,15.384615384615385,52,59.38461538461539
1765,zelfs je naam is mooi,henk westbroek,alternative pop rock,1998,94,46,56,-7,21,45,270,38,2,49,zona_critica,q1_bajo,1990,henk westbroek,zelfs je naam is mooi,0,0,False,0,Canciones Energeticas,-0.19272887490573853,-0.2449832090539982,0.0,7,49.714285714285715
1766,toen ik je zag - single version,hero,pop,1998,81,20,37,-14,30,14,205,71,4,47,zona_critica,q1_bajo,1990,hero,toen ik je zag single version,0,0,False,1,Baladas Acusticas,-3.0591021500295943,-0.8854730248926557,42.5531914893617,47,67.61702127659575
1767,"i don't want to miss a thing - from ""armageddon"" soundtrack",aerosmith,album rock,1998,121,66,38,-5,25,14,299,17,3,76,potencial_premium,q4_alto,1990,aerosmith,i don t want to miss a thing from armageddon soundtrack,4,4,True,0,Canciones Energeticas,0.2629142245473624,-1.9732592913869085,20.823244552058114,413,60.69491525423729
1768,fields of gold,eva cassidy,adult standards,1998,80,9,46,-15,8,31,282,97,3,62,rendimiento_medio,q2_medio_bajo,1990,eva cassidy,fields of gold,0,0,False,1,Baladas Acusticas,-3.550144032195109,0.06518751872259504,20.32520325203252,123,62.577235772357724
1769,a different corner,george michael,dance rock,1998,99,29,27,-10,11,15,244,86,3,58,rendimiento_medio,q2_medio_bajo,1990,george michael,a different corner,1,1,True,1,Baladas Acusticas,-2.668357360274869,-1.567486923731471,15.384615384615385,52,59.38461538461539
1770,teardrop,massive attack,big beat,1998,77,42,62,-9,14,22,331,2,4,69,rendimiento_medio,q3_medio_alto,1990,massive attack,teardrop,0,0,False,0,Canciones Energeticas,-0.18647878419871322,-0.5045273691970762,0.0,11,57.36363636363637
1771,faith,george michael,dance rock,1998,96,50,92,-10,7,56,194,1,10,46,zona_critica,q1_bajo,1990,george michael,faith,1,1,True,0,Canciones Energeticas,0.801177077987623,1.4782327437696456,15.384615384615385,52,59.38461538461539
1772,father figure,george michael,dance rock,1998,102,39,48,-11,8,25,340,23,3,51,rendimiento_medio,q2_medio_bajo,1990,george michael,father figure,1,1,True,1,Baladas Acusticas,-1.0533533452780808,-0.6923568776320103,15.384615384615385,52,59.38461538461539
1773,niet of nooit geweest,acda en de munnik,dutch cabaret,1998,122,51,48,-10,17,51,242,38,4,54,rendimiento_medio,q2_medio_bajo,1990,acda en de munnik,niet of nooit geweest,0,0,False,1,Baladas Acusticas,-0.5106624756886629,-0.14420523055220483,0.0,51,46.05882352941177
1774,is dit nu later,stef bos,christelijk,1998,134,51,41,-9,69,38,257,52,4,39,zona_critica,q1_bajo,1990,stef bos,is dit nu later,0,0,False,1,Baladas Acusticas,-0.8847694107002477,-0.7643141864359622,0.0,3,46.666666666666664
1775,de bestemming,marco borsato,dutch cabaret,1998,109,50,27,-9,10,13,266,28,3,50,rendimiento_medio,q2_medio_bajo,1990,marco borsato,de bestemming,0,0,False,1,Baladas Acusticas,-1.0537793859977194,-1.9547817904768263,0.0,51,46.05882352941177
1776,freak on a leash,korn,alternative metal,1998,103,90,35,-6,39,53,256,0,5,73,potencial_premium,q4_alto,1990,korn,freak on a leash,2,2,True,0,Canciones Energeticas,1.5033903737848076,-1.1798231423384027,37.142857142857146,70,66.01428571428572
1777,onderuit,de dijk,dutch indie,1998,118,57,68,-9,9,65,313,10,3,35,zona_critica,q1_bajo,1990,de dijk,onderuit,0,0,False,0,Canciones Energeticas,0.7298763642254631,0.734826343584833,0.0,75,37.266666666666666
1778,non non rien n'a changé,les poppys,alternative pop rock,1998,84,48,50,-8,20,47,190,48,9,50,rendimiento_medio,q2_medio_bajo,1990,les poppys,non non rien n a chang,0,0,False,1,Baladas Acusticas,-0.5058908453439158,-0.3045649073698418,0.0,7,49.714285714285715
1779,i'm not so tough,ilse delange,dutch americana,1998,117,58,73,-8,10,55,268,2,3,40,zona_critica,q1_bajo,1990,ilse delange,i m not so tough,0,0,False,0,Canciones Energeticas,0.9659231366194312,0.557080041039186,0.0,12,42.833333333333336
1780,killer / papa was a rollin' stone,george michael,dance rock,1998,122,98,71,-7,76,58,255,3,5,51,rendimiento_medio,q2_medio_bajo,1990,george michael,killer papa was a rollin stone,1,1,True,0,Canciones Energeticas,2.1282768525973936,0.3245388507925762,15.384615384615385,52,59.38461538461539
1781,i knew you were waiting (for me),george michael,dance rock,1998,108,84,72,-5,24,68,238,26,5,63,rendimiento_medio,q3_medio_alto,1990,george michael,i knew you were waiting for me,1,1,True,0,Canciones Energeticas,1.8044894742063413,0.5494367575556458,15.384615384615385,52,59.38461538461539
1782,if you tolerate this your children will be next,manic street preachers,alternative rock,1998,96,80,22,-6,9,26,291,0,4,37,zona_critica,q1_bajo,1990,manic street preachers,if you tolerate this your children will be next,0,0,False,0,Canciones Energeticas,0.6917690677172078,-2.278031857411059,39.53488372093023,86,66.94186046511628
1783,praying for time,george michael,dance rock,1998,128,80,57,-8,9,21,281,2,3,45,zona_critica,q1_bajo,1990,george michael,praying for time,1,1,True,0,Canciones Energeticas,0.8428138914850285,-0.9400461008479382,15.384615384615385,52,59.38461538461539
1784,hilversum 3,herman van veen,dutch pop,1998,91,22,69,-15,11,47,233,92,6,39,zona_critica,q1_bajo,1990,herman van veen,hilversum 3,0,0,False,1,Baladas Acusticas,-2.5751364288489946,1.233490853569247,1.1363636363636365,88,45.23863636363637
1785,the reflex,duran duran,dance rock,1998,127,90,56,-6,57,80,267,12,10,50,rendimiento_medio,q2_medio_bajo,1990,duran duran,the reflex,2,2,True,0,Canciones Energeticas,1.9769220506887437,0.2831311169872584,15.384615384615385,52,59.38461538461539
1786,world of hurt,ilse delange,dutch americana,1998,99,47,87,-10,13,64,234,62,4,40,zona_critica,q1_bajo,1990,ilse delange,world of hurt,0,0,False,0,Canciones Energeticas,-0.2572951695198867,1.6840116489292325,0.0,12,42.833333333333336
1787,as,george michael,dance rock,1998,93,74,67,-8,20,77,282,14,19,61,rendimiento_medio,q2_medio_bajo,1990,george michael,as,1,1,True,0,Canciones Energeticas,1.3831060393816312,0.8528003165589094,15.384615384615385,52,59.38461538461539
1788,pure morning,placebo,alternative rock,1998,81,90,39,-7,11,20,255,4,7,60,rendimiento_medio,q2_medio_bajo,1990,placebo,pure morning,0,0,False,0,Canciones Energeticas,0.9217053367652277,-1.740901946742874,39.53488372093023,86,66.94186046511628
1789,she's the one,robbie williams,dance pop,1998,167,61,24,-8,22,33,258,66,3,68,rendimiento_medio,q3_medio_alto,1990,robbie williams,she s the one,0,0,False,1,Baladas Acusticas,-1.0434235998446504,-1.5907830567207843,50.602409638554214,83,68.51807228915662
1790,ik heb je lief,stef bos,christelijk,1998,131,48,30,-12,73,24,231,77,6,44,zona_critica,q1_bajo,1990,stef bos,ik heb je lief,0,0,False,1,Baladas Acusticas,-2.135335750979983,-1.1583517789971665,0.0,3,46.666666666666664
1791,pretty fly (for a white guy),the offspring,alternative metal,1998,143,90,72,-4,7,96,189,9,10,72,potencial_premium,q4_alto,1990,the offspring,pretty fly for a white guy,0,0,False,0,Canciones Energeticas,2.7501506231037536,1.0734111365457129,37.142857142857146,70,66.01428571428572
1792,i can't make you love me,george michael,dance rock,1998,116,19,56,-13,11,12,321,73,3,53,rendimiento_medio,q2_medio_bajo,1990,george michael,i can t make you love me,1,1,True,1,Baladas Acusticas,-2.7253028934125645,-0.3191938006791307,15.384615384615385,52,59.38461538461539
1793,praise you,fatboy slim,big beat,1998,110,89,60,-9,17,53,323,10,5,44,zona_critica,q1_bajo,1990,fatboy slim,praise you,0,0,False,0,Canciones Energeticas,1.2772148004211414,0.031036183150648496,0.0,11,57.36363636363637
1794,sacrifice,anouk,dutch indie,1998,136,17,54,-13,9,24,238,74,5,11,zona_critica,q1_bajo,1990,anouk,sacrifice,0,0,False,1,Baladas Acusticas,-2.6637234023522995,-0.08832119088621823,0.0,75,37.266666666666666
1795,toveren,herman van veen,dutch pop,1998,145,28,81,-15,21,81,206,58,3,44,zona_critica,q1_bajo,1990,herman van veen,toveren,0,0,False,1,Baladas Acusticas,-1.22407438163351,2.379979121442515,1.1363636363636365,88,45.23863636363637
1796,kissing a fool,george michael,dance rock,1998,117,27,39,-14,11,17,275,17,3,56,rendimiento_medio,q2_medio_bajo,1990,george michael,kissing a fool,1,1,True,1,Baladas Acusticas,-1.9119478045937934,-0.9256466570793903,15.384615384615385,52,59.38461538461539
1797,hijo de la luna,mecano,latin,1998,179,54,45,-7,6,61,266,68,3,62,rendimiento_medio,q2_medio_bajo,1990,mecano,hijo de la luna,0,0,False,1,Baladas Acusticas,-0.43550278869391096,-0.19548040254573554,50.0,2,71.0
1798,"slaap zacht , elisabeth",acda en de munnik,dutch cabaret,1998,174,38,44,-11,10,19,263,36,3,37,zona_critica,q1_bajo,1990,acda en de munnik,slaap zacht elisabeth,0,0,False,1,Baladas Acusticas,-1.434580027445646,-0.9427894016832974,0.0,51,46.05882352941177
1799,angels,robbie williams,dance pop,1999,150,59,44,-7,10,25,266,15,3,50,rendimiento_medio,q2_medio_bajo,1990,robbie williams,angels,0,0,False,0,Canciones Energeticas,0.09099927148091815,-1.31650435857888,50.602409638554214,83,68.51807228915662
1800,tears in heaven,eric clapton,album rock,1999,154,24,50,-12,13,31,272,84,3,61,rendimiento_medio,q2_medio_bajo,1990,eric clapton,tears in heaven,10,10,True,1,Baladas Acusticas,-2.4683194331747624,-0.17508677223893554,20.823244552058114,413,60.69491525423729
1801,californication,red hot chili peppers,alternative rock,1999,96,77,59,-3,13,33,330,0,3,81,potencial_premium,q4_alto,1990,red hot chili peppers,californication,3,3,True,0,Canciones Energeticas,1.6786215029729317,-1.0369900739211912,39.53488372093023,86,66.94186046511628
1802,harder dan ik hebben kan,bløf,dutch pop,1999,90,40,62,-10,15,35,254,9,2,57,rendimiento_medio,q2_medio_bajo,1990,bl f,harder dan ik hebben kan,0,0,False,0,Canciones Energeticas,-0.30581050875879556,-0.0977899128073711,1.1363636363636365,88,45.23863636363637
1803,learn to fly,foo fighters,alternative metal,1999,136,92,47,-4,26,54,235,0,4,74,potencial_premium,q4_alto,1990,foo fighters,learn to fly,10,10,True,0,Canciones Energeticas,2.0305188200497306,-0.9286460061178505,37.142857142857146,70,66.01428571428572
1804,total eclipse of the heart,bonnie tyler,europop,1999,130,66,44,-8,10,18,270,20,7,75,potencial_premium,q4_alto,1990,bonnie tyler,total eclipse of the heart,0,0,False,0,Canciones Energeticas,-0.04021723424501476,-1.410504946342643,14.814814814814813,27,56.7037037037037
1805,scar tissue,red hot chili peppers,alternative rock,1999,89,72,60,-5,11,55,216,8,3,77,potencial_premium,q4_alto,1990,red hot chili peppers,scar tissue,3,3,True,0,Canciones Energeticas,1.4526913100265162,-0.2436677116155683,39.53488372093023,86,66.94186046511628
1806,otherside,red hot chili peppers,alternative rock,1999,123,80,46,-3,8,51,255,0,6,78,potencial_premium,q4_alto,1990,red hot chili peppers,otherside,3,3,True,0,Canciones Energeticas,1.8015828042479274,-1.0824294663483034,39.53488372093023,86,66.94186046511628
1807,"you'll be in my heart - from ""tarzan""/soundtrack version",phil collins,mellow gold,1999,97,74,57,-6,9,66,258,6,3,62,rendimiento_medio,q2_medio_bajo,1990,phil collins,you ll be in my heart from tarzan soundtrack version,5,5,True,0,Canciones Energeticas,1.5033214022009977,-0.00927671235150856,36.36363636363637,11,64.63636363636364
1808,let me entertain you,robbie williams,dance pop,1999,125,96,46,-5,9,37,261,0,7,44,zona_critica,q1_bajo,1990,robbie williams,let me entertain you,0,0,False,0,Canciones Energeticas,1.7568382874497994,-1.3075814322652564,50.602409638554214,83,68.51807228915662
1809,road trippin',red hot chili peppers,alternative rock,1999,204,47,24,-8,12,39,205,31,4,62,rendimiento_medio,q2_medio_bajo,1990,red hot chili peppers,road trippin,3,3,True,1,Baladas Acusticas,-0.7326447464126102,-1.5241814565596696,39.53488372093023,86,66.94186046511628
1810,jesus he knows me,genesis,album rock,1999,95,87,60,-7,8,65,256,57,4,18,zona_critica,q1_bajo,1990,genesis,jesus he knows me,1,1,True,0,Canciones Energeticas,0.8879265970542484,0.26780421003447025,20.823244552058114,413,60.69491525423729
1811,the family tree,venice,alternative rock,1999,127,10,34,-16,10,26,205,81,3,41,zona_critica,q1_bajo,1990,venice,the family tree,0,0,False,1,Baladas Acusticas,-3.6287764062782846,-0.4860779291628841,39.53488372093023,86,66.94186046511628
1812,porcelain,moby,downtempo,1999,95,64,30,-8,25,33,241,0,3,54,rendimiento_medio,q2_medio_bajo,1990,moby,porcelain,0,0,False,0,Canciones Energeticas,0.23083323883415377,-1.6069143584488241,0.0,4,49.5
1813,unintended,muse,modern rock,1999,139,28,49,-12,11,16,237,65,3,61,rendimiento_medio,q2_medio_bajo,1990,muse,unintended,2,2,True,1,Baladas Acusticas,-2.2640861261692042,-0.6498470528313657,48.97959183673469,49,68.59183673469387
1814,la song,beth hart,blues rock,1999,130,62,77,-8,9,51,217,10,4,41,zona_critica,q1_bajo,1990,beth hart,la song,0,0,False,0,Canciones Energeticas,0.95425849316987,0.58665702543287,6.666666666666667,15,55.53333333333333
1815,the dolphin's cry,live,alternative metal,1999,150,79,34,-6,14,43,264,0,4,56,rendimiento_medio,q2_medio_bajo,1990,live,the dolphin s cry,0,0,False,0,Canciones Energeticas,1.08267632918809,-1.4480118174099088,37.142857142857146,70,66.01428571428572
1816,all star,smash mouth,alternative rock,1999,104,87,73,-6,9,78,200,4,3,80,potencial_premium,q4_alto,1990,smash mouth,all star,0,0,False,0,Canciones Energeticas,2.270797836763238,0.8145192193996187,39.53488372093023,86,66.94186046511628
1817,why does my heart feel so bad?,moby,downtempo,1999,98,62,60,-7,8,5,265,0,3,45,zona_critica,q1_bajo,1990,moby,why does my heart feel so bad,0,0,False,0,Canciones Energeticas,0.39021659029206907,-1.2772513031727053,0.0,4,49.5
1818,il volo,zucchero,classic italian pop,1999,150,40,45,-12,6,17,332,3,3,24,zona_critica,q1_bajo,1990,zucchero,il volo,0,0,False,1,Baladas Acusticas,-0.9711492964829299,-1.0002958606520544,0.0,1,24.0
1819,the next episode,dr. dre,g funk,1999,95,91,92,-2,9,31,162,3,27,70,rendimiento_medio,q3_medio_alto,1990,dr dre,the next episode,1,1,True,0,Canciones Energeticas,2.5921946777667917,-0.01193314934912026,60.0,5,67.0
1820,geen kind meer,karin bloemen,dutch cabaret,1999,77,17,50,-16,14,25,263,95,3,38,zona_critica,q1_bajo,1990,karin bloemen,geen kind meer,0,0,False,1,Baladas Acusticas,-3.4549134879062624,0.08949788151440477,0.0,51,46.05882352941177
1821,all the small things,blink-182,pop punk,1999,149,90,43,-5,61,68,167,1,5,79,potencial_premium,q4_alto,1990,blink 182,all the small things,0,0,False,0,Canciones Energeticas,1.953027827852419,-0.6336851631282038,100.0,1,79.0
1822,run to the water,live,alternative metal,1999,181,85,15,-5,9,29,268,0,5,48,zona_critica,q1_bajo,1990,live,run to the water,0,0,False,0,Canciones Energeticas,0.9035440346369449,-2.5945648754360704,37.142857142857146,70,66.01428571428572
1823,hart van mijn gevoel,de kast,dutch pop,1999,140,43,44,-10,14,26,269,54,3,44,zona_critica,q1_bajo,1990,de kast,hart van mijn gevoel,0,0,False,1,Baladas Acusticas,-1.363948647160352,-0.8523052609873532,1.1363636363636365,88,45.23863636363637
1824,smooth (feat. rob thomas),santana,blues rock,1999,116,92,61,-4,30,96,295,16,3,70,rendimiento_medio,q3_medio_alto,1990,santana,smooth feat rob thomas,4,4,True,0,Canciones Energeticas,2.532758807950769,0.6575457447327004,6.666666666666667,15,55.53333333333333
1825,my name is,eminem,detroit hip hop,1999,86,68,87,-6,9,82,268,4,32,72,potencial_premium,q4_alto,1990,eminem,my name is,11,11,True,0,Canciones Energeticas,2.0423061821106927,1.493698291462625,85.71428571428571,7,76.0
1826,desert rose,sting,permanent wave,1999,112,65,58,-8,11,13,286,1,3,52,rendimiento_medio,q2_medio_bajo,1990,sting,desert rose,8,8,True,0,Canciones Energeticas,0.3918670628941585,-1.074493857318132,34.21052631578947,38,67.65789473684211
1827,hey boy hey girl,the chemical brothers,alternative dance,1999,127,92,63,-5,11,36,290,12,5,65,rendimiento_medio,q3_medio_alto,1990,the chemical brothers,hey boy hey girl,6,6,True,0,Canciones Energeticas,1.6947445893397255,-0.6608325507140111,6.666666666666667,15,56.8
1828,at last,etta james,adult standards,1960,87,35,27,-9,33,33,180,55,3,74,potencial_premium,q4_alto,1960,etta james,at last,3,3,True,1,Baladas Acusticas,-2.0557376624905075,-0.27818583437955485,20.32520325203252,123,62.577235772357724
1829,can't help falling in love,elvis presley,adult standards,1961,100,29,40,-14,11,34,182,94,3,78,potencial_premium,q4_alto,1960,elvis presley,can t help falling in love,3,3,True,1,Baladas Acusticas,-3.3186504671924184,0.7724705390721468,20.32520325203252,123,62.577235772357724
1830,fly me to the moon (in other words),frank sinatra,adult standards,1962,119,26,67,-14,6,37,147,45,5,77,potencial_premium,q4_alto,1960,frank sinatra,fly me to the moon in other words,8,8,True,1,Baladas Acusticas,-2.128219122578289,1.6692538210316419,20.32520325203252,123,62.577235772357724
1831,stand by me,ben e. king,adult standards,1962,118,31,65,-9,7,61,180,57,4,77,potencial_premium,q4_alto,1960,ben e king,stand by me,0,0,False,1,Baladas Acusticas,-1.2296475746436741,1.7596057240242446,20.32520325203252,123,62.577235772357724
1832,"oh, pretty woman",roy orbison,adult standards,1962,127,60,62,-9,7,96,179,72,3,73,potencial_premium,q4_alto,1960,roy orbison,oh pretty woman,1,1,True,0,Canciones Energeticas,-0.3087520629733157,2.4437969071521577,20.32520325203252,123,62.577235772357724
1833,ring of fire,johnny cash,arkansas country,1963,104,59,66,-8,35,78,158,62,3,71,rendimiento_medio,q3_medio_alto,1960,johnny cash,ring of fire,8,8,True,0,Canciones Energeticas,-0.20115912305661607,2.007602511651709,11.11111111111111,9,52.0
1834,blowin' in the wind,bob dylan,album rock,1963,175,10,38,-21,6,44,165,91,5,69,rendimiento_medio,q3_medio_alto,1960,bob dylan,blowin in the wind,9,9,True,1,Baladas Acusticas,-4.584380708529046,1.5672711228032137,20.823244552058114,413,60.69491525423729
1835,in dreams,roy orbison,adult standards,1963,108,44,50,-10,13,71,169,67,3,57,rendimiento_medio,q2_medio_bajo,1960,roy orbison,in dreams,1,1,True,1,Baladas Acusticas,-1.2752237857190885,1.498810979488043,20.32520325203252,123,62.577235772357724
1836,twist and shout - remastered 2009,the beatles,british invasion,1963,125,85,48,-9,4,94,155,64,5,74,potencial_premium,q4_alto,1960,the beatles,twist and shout remastered 2009,8,8,True,0,Canciones Energeticas,0.24552118576476104,1.7399007749613773,27.77777777777778,36,68.08333333333333
1837,are you lonesome tonight,elvis presley,adult standards,1963,66,9,36,-18,11,19,187,92,5,59,rendimiento_medio,q2_medio_bajo,1960,elvis presley,are you lonesome tonight,3,3,True,1,Baladas Acusticas,-4.581859878914377,0.6248024752603681,20.32520325203252,123,62.577235772357724
1838,i saw her standing there - remastered 2009,the beatles,british invasion,1963,160,80,49,-10,7,97,174,27,4,71,rendimiento_medio,q3_medio_alto,1960,the beatles,i saw her standing there remastered 2009,8,8,True,0,Canciones Energeticas,0.6497392903923898,1.8463140398685134,27.77777777777778,36,68.08333333333333
1839,"don't think twice, it's all right",bob dylan,album rock,1963,111,24,60,-17,25,47,217,89,4,65,rendimiento_medio,q3_medio_alto,1960,bob dylan,don t think twice it s all right,9,9,True,1,Baladas Acusticas,-3.277957814015715,2.03353439456796,20.823244552058114,413,60.69491525423729
1840,the sound of silence - acoustic version,simon & garfunkel,classic rock,1964,107,22,53,-14,11,33,185,84,3,75,potencial_premium,q4_alto,1960,simon garfunkel,the sound of silence acoustic version,0,0,False,1,Baladas Acusticas,-3.118515875968318,1.1357349117772149,27.450980392156865,51,62.15686274509804
1841,house of the rising sun,the animals,album rock,1964,117,58,30,-7,10,23,271,0,3,69,rendimiento_medio,q3_medio_alto,1960,the animals,house of the rising sun,0,0,False,0,Canciones Energeticas,-0.3196474871910614,-0.9489753554724267,20.823244552058114,413,60.69491525423729
1842,folsom prison blues,johnny cash,arkansas country,1964,111,53,69,-10,28,78,156,19,3,58,rendimiento_medio,q2_medio_bajo,1960,johnny cash,folsom prison blues,8,8,True,0,Canciones Energeticas,0.14233392132264575,2.1600069376670756,11.11111111111111,9,52.0
1843,the times they are a-changin',bob dylan,album rock,1964,172,40,39,-8,8,59,192,89,3,69,rendimiento_medio,q3_medio_alto,1960,bob dylan,the times they are a changin,9,9,True,1,Baladas Acusticas,-1.784655734972948,0.6798275349303626,20.823244552058114,413,60.69491525423729
1844,a change is gonna come,sam cooke,adult standards,1964,174,38,21,-10,30,45,191,72,3,66,rendimiento_medio,q3_medio_alto,1960,sam cooke,a change is gonna come,1,1,True,1,Baladas Acusticas,-2.280705344889798,-0.18670449340304793,20.32520325203252,123,62.577235772357724
1845,a hard day's night - remastered 2009,the beatles,british invasion,1964,139,81,59,-6,10,80,154,14,4,69,rendimiento_medio,q3_medio_alto,1960,the beatles,a hard day s night remastered 2009,8,8,True,0,Canciones Energeticas,1.369159955049082,1.3727711436566183,27.77777777777778,36,68.08333333333333
1846,nathalie,gilbert bécaud,chanson,1964,135,63,42,-7,59,81,245,75,8,53,rendimiento_medio,q2_medio_bajo,1960,gilbert b caud,nathalie,0,0,False,1,Baladas Acusticas,-0.4848192230591925,1.1127361017547792,0.0,9,50.55555555555556
1847,eight days a week - remastered 2009,the beatles,british invasion,1964,138,58,65,-8,12,74,164,41,4,66,rendimiento_medio,q3_medio_alto,1960,the beatles,eight days a week remastered 2009,8,8,True,0,Canciones Energeticas,0.0649112423306972,1.7867517982622152,27.77777777777778,36,68.08333333333333
1848,it's all over now - mono version,the rolling stones,album rock,1964,99,69,60,-11,33,76,206,2,3,46,zona_critica,q1_bajo,1960,the rolling stones,it s all over now mono version,3,3,True,0,Canciones Energeticas,0.5410266396016252,1.7609807464398053,20.823244552058114,413,60.69491525423729
1849,yesterday - remastered 2009,the beatles,british invasion,1965,97,18,33,-12,9,32,126,88,3,78,potencial_premium,q4_alto,1960,the beatles,yesterday remastered 2009,8,8,True,1,Baladas Acusticas,-3.3170457057160254,0.20363048205283632,27.77777777777778,36,68.08333333333333
1850,(i can't get no) satisfaction - mono version,the rolling stones,album rock,1965,136,86,72,-8,13,93,223,4,3,77,potencial_premium,q4_alto,1960,the rolling stones,i can t get no satisfaction mono version,3,3,True,0,Canciones Energeticas,1.7710962938925034,2.2659217912731475,20.823244552058114,413,60.69491525423729
1851,like a rolling stone,bob dylan,album rock,1965,95,72,48,-7,19,56,370,73,3,71,rendimiento_medio,q3_medio_alto,1960,bob dylan,like a rolling stone,9,9,True,1,Baladas Acusticas,-0.4509197298617383,0.6534208443019088,20.823244552058114,413,60.69491525423729
1852,norwegian wood (this bird has flown) - remastered 2009,the beatles,british invasion,1965,177,37,43,-12,11,65,125,18,4,69,rendimiento_medio,q3_medio_alto,1960,the beatles,norwegian wood this bird has flown remastered 2009,8,8,True,1,Baladas Acusticas,-1.0756735984211214,1.0974740011048687,27.77777777777778,36,68.08333333333333
1853,help! - remastered 2009,the beatles,british invasion,1965,95,73,53,-8,10,76,140,19,3,73,potencial_premium,q4_alto,1960,the beatles,help remastered 2009,8,8,True,0,Canciones Energeticas,0.6764543505279481,1.2489757621488746,27.77777777777778,36,68.08333333333333
1854,unchained melody,the righteous brothers,adult standards,1965,99,21,34,-17,18,29,218,40,3,70,rendimiento_medio,q3_medio_alto,1960,the righteous brothers,unchained melody,0,0,False,1,Baladas Acusticas,-3.146746614353563,0.45376018937107,20.32520325203252,123,62.577235772357724
1855,michelle - remastered 2009,the beatles,british invasion,1965,117,29,58,-13,11,67,162,65,3,67,rendimiento_medio,q3_medio_alto,1960,the beatles,michelle remastered 2009,8,8,True,1,Baladas Acusticas,-1.9479606374255758,1.9517240083726848,27.77777777777778,36,68.08333333333333
1856,feeling good,nina simone,adult standards,1965,79,33,40,-9,19,55,174,86,4,74,potencial_premium,q4_alto,1960,nina simone,feeling good,0,0,False,1,Baladas Acusticas,-2.0783848900207693,0.6959268346788086,20.32520325203252,123,62.577235772357724
1857,my generation - stereo version,the who,album rock,1965,97,78,41,-9,8,71,199,31,6,71,rendimiento_medio,q3_medio_alto,1960,the who,my generation stereo version,0,0,False,0,Canciones Energeticas,0.22484872769629535,0.7939622471172862,20.823244552058114,413,60.69491525423729
1858,in my life - remastered 2009,the beatles,british invasion,1965,103,44,69,-11,11,44,146,45,3,74,potencial_premium,q4_alto,1960,the beatles,in my life remastered 2009,8,8,True,1,Baladas Acusticas,-1.0987044127243062,1.4994558241138036,27.77777777777778,36,68.08333333333333
1859,as tears go by - mono version,the rolling stones,album rock,1965,113,28,33,-11,18,37,165,72,3,53,rendimiento_medio,q2_medio_bajo,1960,the rolling stones,as tears go by mono version,3,3,True,1,Baladas Acusticas,-2.5907554760844222,0.15319885112187095,20.823244552058114,413,60.69491525423729
1860,it was a very good year,frank sinatra,adult standards,1965,80,14,22,-15,11,13,267,86,3,62,rendimiento_medio,q2_medio_bajo,1960,frank sinatra,it was a very good year,8,8,True,1,Baladas Acusticas,-4.211680022294454,-0.3893921077379103,20.32520325203252,123,62.577235772357724
1861,time is on my side - mono version,the rolling stones,album rock,1965,100,65,53,-9,11,42,179,29,4,53,rendimiento_medio,q2_medio_bajo,1960,the rolling stones,time is on my side mono version,3,3,True,0,Canciones Energeticas,-0.28447994712043734,0.5647801202764717,20.823244552058114,413,60.69491525423729
1862,little red rooster - mono version,the rolling stones,album rock,1965,109,43,72,-12,10,67,186,7,4,47,zona_critica,q1_bajo,1960,the rolling stones,little red rooster mono version,3,3,True,0,Canciones Energeticas,-0.27857199358410256,2.150379800552224,20.823244552058114,413,60.69491525423729
1863,mr. tambourine man,the byrds,art rock,1965,120,47,46,-10,44,64,149,51,3,62,rendimiento_medio,q2_medio_bajo,1960,the byrds,mr tambourine man,0,0,False,1,Baladas Acusticas,-1.0621902318840521,1.0674773486892328,15.0,40,60.2
1864,"paint it, black",the rolling stones,album rock,1966,159,80,46,-9,40,61,202,5,9,78,potencial_premium,q4_alto,1960,the rolling stones,paint it black,3,3,True,0,Canciones Energeticas,0.6611342461544869,0.6194613432542083,20.823244552058114,413,60.69491525423729
1865,god only knows - remastered,the beach boys,baroque pop,1966,117,49,52,-8,6,48,173,25,3,72,potencial_premium,q4_alto,1960,the beach boys,god only knows remastered,0,0,False,1,Baladas Acusticas,-0.419160393355175,0.6063378245551004,50.0,6,66.83333333333333
1866,california dreamin' - single version,the mamas & the papas,adult standards,1966,112,61,55,-10,5,64,162,35,3,76,potencial_premium,q4_alto,1960,the mamas the papas,california dreamin single version,0,0,False,0,Canciones Energeticas,-0.28923886005288496,1.2691046592355915,20.32520325203252,123,62.577235772357724
1867,eleanor rigby - remastered 2009,the beatles,british invasion,1966,138,28,58,-9,31,81,127,94,4,71,rendimiento_medio,q3_medio_alto,1960,the beatles,eleanor rigby remastered 2009,8,8,True,1,Baladas Acusticas,-1.7142809655963194,2.003760334327817,27.77777777777778,36,68.08333333333333
1868,river deep - mountain high,ike & tina turner,brill building pop,1966,83,75,39,-7,14,27,215,78,4,57,rendimiento_medio,q2_medio_bajo,1960,ike tina turner,river deep mountain high,1,1,True,1,Baladas Acusticas,-0.9653419074776257,-0.4084469592901406,16.666666666666664,6,60.0
1869,that's life,frank sinatra,adult standards,1966,112,44,55,-14,44,63,187,53,7,75,potencial_premium,q4_alto,1960,frank sinatra,that s life,8,8,True,1,Baladas Acusticas,-1.583784675444407,1.7137545301266472,20.32520325203252,123,62.577235772357724
1870,jumpin' jack flash - mono,the rolling stones,album rock,1966,137,90,60,-7,7,62,219,4,5,65,rendimiento_medio,q3_medio_alto,1960,the rolling stones,jumpin jack flash mono,3,3,True,0,Canciones Energeticas,1.4299528641137544,0.938825057141152,20.823244552058114,413,60.69491525423729
1871,scarborough fair / canticle,simon & garfunkel,classic rock,1966,129,25,34,-16,11,30,190,65,3,63,rendimiento_medio,q3_medio_alto,1960,simon garfunkel,scarborough fair canticle,0,0,False,1,Baladas Acusticas,-3.29801177134704,0.42200411755583045,27.450980392156865,51,62.15686274509804
1872,sloop john b - remastered,the beach boys,baroque pop,1966,126,75,57,-5,9,90,180,40,3,61,rendimiento_medio,q2_medio_bajo,1960,the beach boys,sloop john b remastered,0,0,False,0,Canciones Energeticas,1.0443194851081476,1.5003661109147852,50.0,6,66.83333333333333
1873,homeward bound,simon & garfunkel,classic rock,1966,93,38,49,-12,10,53,150,83,3,65,rendimiento_medio,q3_medio_alto,1960,simon garfunkel,homeward bound,0,0,False,1,Baladas Acusticas,-2.1878263287733364,1.185130912839006,27.450980392156865,51,62.15686274509804
1874,under my thumb,the rolling stones,album rock,1966,127,49,73,-14,9,80,222,30,4,64,rendimiento_medio,q3_medio_alto,1960,the rolling stones,under my thumb,3,3,True,1,Baladas Acusticas,-0.5778530377166855,2.6999112189493775,20.823244552058114,413,60.69491525423729
1875,i want you,bob dylan,album rock,1966,100,68,51,-8,8,79,185,36,4,58,rendimiento_medio,q2_medio_bajo,1960,bob dylan,i want you,9,9,True,0,Canciones Energeticas,0.28650915277177524,1.2907237637043274,20.823244552058114,413,60.69491525423729
1876,when a man loves a woman,percy sledge,classic soul,1966,97,15,52,-20,12,21,174,13,3,66,rendimiento_medio,q3_medio_alto,1960,percy sledge,when a man loves a woman,0,0,False,1,Baladas Acusticas,-3.0872939523806453,1.093986493422144,36.36363636363637,11,69.0909090909091
1877,sunny afternoon - mono mix,the kinks,album rock,1966,125,47,60,-8,6,49,211,10,3,67,rendimiento_medio,q3_medio_alto,1960,the kinks,sunny afternoon mono mix,0,0,False,0,Canciones Energeticas,-0.0890347926695634,0.885638208931808,20.823244552058114,413,60.69491525423729
1878,how can we hang on to a dream,tim hardin,classic uk pop,1966,127,18,56,-15,15,37,123,83,4,48,zona_critica,q1_bajo,1960,tim hardin,how can we hang on to a dream,0,0,False,1,Baladas Acusticas,-3.2202788165149165,1.3877551004579787,4.545454545454546,22,45.77272727272727
1879,"monday, monday - single version",the mamas & the papas,adult standards,1966,110,46,49,-9,57,71,208,74,3,62,rendimiento_medio,q2_medio_bajo,1960,the mamas the papas,monday monday single version,0,0,False,1,Baladas Acusticas,-1.1847537513659727,1.3045366660979996,20.32520325203252,123,62.577235772357724
1880,for no one - remastered 2009,the beatles,british invasion,1966,81,35,48,-10,12,71,120,78,3,63,rendimiento_medio,q3_medio_alto,1960,the beatles,for no one remastered 2009,8,8,True,1,Baladas Acusticas,-1.6860172665926787,1.408734927758897,27.77777777777778,36,68.08333333333333
1881,"it's a man's, man's, man's world",james brown & the famous flames,motown,1966,81,24,54,-17,13,57,167,69,4,63,rendimiento_medio,q3_medio_alto,1960,james brown the famous flames,it s a man s man s man s world,0,0,False,1,Baladas Acusticas,-2.8682364081104526,1.9165155777269802,0.0,1,63.0
1882,try a little tenderness,otis redding,classic soul,1966,103,13,59,-15,26,7,202,19,6,64,rendimiento_medio,q3_medio_alto,1960,otis redding,try a little tenderness,1,1,True,1,Baladas Acusticas,-2.641227494859752,0.5914043712426983,36.36363636363637,11,69.0909090909091
1883,wouldn't it be nice - stereo mix,the beach boys,baroque pop,1966,125,63,39,-7,13,72,153,72,3,72,potencial_premium,q4_alto,1960,the beach boys,wouldn t it be nice stereo mix,0,0,False,1,Baladas Acusticas,-0.5767991518877368,0.7187654343217583,50.0,6,66.83333333333333
1884,nights in white satin - single version / mono mix,the moody blues,album rock,1967,85,48,20,-5,7,17,269,47,3,68,rendimiento_medio,q3_medio_alto,1960,the moody blues,nights in white satin single version mono mix,0,0,False,1,Baladas Acusticas,-1.281596017502552,-1.543455870221953,20.823244552058114,413,60.69491525423729
1885,the end,the doors,album rock,1967,106,30,35,-12,14,3,703,16,3,61,rendimiento_medio,q2_medio_bajo,1960,the doors,the end,1,1,True,1,Baladas Acusticas,-2.1449772137992538,-0.746699246721174,20.823244552058114,413,60.69491525423729
1886,a day in the life - remastered 2009,the beatles,british invasion,1967,163,46,36,-14,92,18,337,29,7,67,rendimiento_medio,q3_medio_alto,1960,the beatles,a day in the life remastered 2009,8,8,True,1,Baladas Acusticas,-2.0047224876684178,-0.18725853428818648,27.77777777777778,36,68.08333333333333
1887,brown eyed girl,van morrison,classic rock,1967,151,58,49,-11,41,91,183,18,4,79,potencial_premium,q4_alto,1960,van morrison,brown eyed girl,0,0,False,0,Canciones Energeticas,0.06083062000889691,1.7314769604975357,27.450980392156865,51,62.15686274509804
1888,respect,aretha franklin,adult standards,1967,115,56,81,-5,5,97,148,16,4,73,potencial_premium,q4_alto,1960,aretha franklin,respect,16,16,True,0,Canciones Energeticas,1.414887184436508,2.518946453239549,20.32520325203252,123,62.577235772357724
1889,white rabbit,jefferson airplane,album rock,1967,107,29,55,-13,9,32,151,49,3,69,rendimiento_medio,q3_medio_alto,1960,jefferson airplane,white rabbit,0,0,False,1,Baladas Acusticas,-2.170090027439495,0.883058181902154,20.823244552058114,413,60.69491525423729
1890,penny lane,the beatles,british invasion,1967,114,39,63,-10,10,65,182,41,4,45,zona_critica,q1_bajo,1960,the beatles,penny lane,8,8,True,1,Baladas Acusticas,-0.8129376146121394,1.6570831279505789,27.77777777777778,36,68.08333333333333
1891,suzanne,leonard cohen,canadian folk,1967,132,17,41,-16,11,35,229,92,4,66,rendimiento_medio,q3_medio_alto,1960,leonard cohen,suzanne,1,1,True,1,Baladas Acusticas,-3.770512086433458,0.8821355460022968,0.0,7,60.857142857142854
1892,hey joe,jimi hendrix,album rock,1967,169,77,35,-6,2,53,210,1,4,71,rendimiento_medio,q3_medio_alto,1960,jimi hendrix,hey joe,1,1,True,0,Canciones Energeticas,0.7982825601927197,-0.27095268841428793,20.823244552058114,413,60.69491525423729
1893,good vibrations - remastered,the beach boys,baroque pop,1967,133,47,40,-8,11,39,219,33,3,71,rendimiento_medio,q3_medio_alto,1960,the beach boys,good vibrations remastered,0,0,False,1,Baladas Acusticas,-0.8911565140928096,-0.04844886912281506,50.0,6,66.83333333333333
1894,light my fire,the doors,album rock,1967,125,73,41,-6,9,44,430,37,3,72,potencial_premium,q4_alto,1960,the doors,light my fire,1,1,True,0,Canciones Energeticas,0.06704403809044066,-0.15009964122890926,20.823244552058114,413,60.69491525423729
1895,strawberry fields forever - remastered 2009,the beatles,british invasion,1967,98,50,39,-12,7,29,247,34,18,70,rendimiento_medio,q3_medio_alto,1960,the beatles,strawberry fields forever remastered 2009,8,8,True,1,Baladas Acusticas,-1.5216077969702315,0.015089028268006765,27.77777777777778,36,68.08333333333333
1896,"so long, marianne",leonard cohen,canadian folk,1967,95,40,54,-11,10,23,341,70,3,62,rendimiento_medio,q2_medio_bajo,1960,leonard cohen,so long marianne,1,1,True,1,Baladas Acusticas,-2.0977065084849684,0.47190541701057864,0.0,7,60.857142857142854
1897,little wing,jimi hendrix,album rock,1967,71,53,52,-8,5,43,146,18,8,69,rendimiento_medio,q3_medio_alto,1960,jimi hendrix,little wing,1,1,True,0,Canciones Energeticas,-0.25478795467325593,0.4207512554890062,20.823244552058114,413,60.69491525423729
1898,the fool on the hill - remastered 2009,the beatles,british invasion,1967,144,26,36,-11,11,49,179,91,3,58,rendimiento_medio,q2_medio_bajo,1960,the beatles,the fool on the hill remastered 2009,8,8,True,1,Baladas Acusticas,-2.730645341292945,0.5648684091929839,27.77777777777778,36,68.08333333333333
1899,people are strange,the doors,album rock,1967,119,47,70,-9,32,76,130,69,4,70,rendimiento_medio,q3_medio_alto,1960,the doors,people are strange,1,1,True,1,Baladas Acusticas,-0.684521365981826,2.147368899195004,20.823244552058114,413,60.69491525423729
1900,the wind cries mary,jimi hendrix,album rock,1967,80,50,50,-11,20,34,201,35,5,63,rendimiento_medio,q3_medio_alto,1960,jimi hendrix,the wind cries mary,1,1,True,1,Baladas Acusticas,-1.1716434057630294,0.45382539802805727,20.823244552058114,413,60.69491525423729
1901,sgt. pepper's lonely hearts club band - remastered 2009,the beatles,british invasion,1967,96,67,45,-9,80,58,123,9,7,65,rendimiento_medio,q3_medio_alto,1960,the beatles,sgt pepper s lonely hearts club band remastered 2009,8,8,True,0,Canciones Energeticas,0.21550576438127364,0.5417939324531422,27.77777777777778,36,68.08333333333333
1902,lucy in the sky with diamonds - remastered 2009,the beatles,british invasion,1967,65,33,31,-9,14,67,208,5,3,69,rendimiento_medio,q3_medio_alto,1960,the beatles,lucy in the sky with diamonds remastered 2009,8,8,True,1,Baladas Acusticas,-0.6853922388048808,0.3643899245236802,27.77777777777778,36,68.08333333333333
1903,purple haze,jimi hendrix,album rock,1967,109,91,53,-5,7,49,171,1,8,72,potencial_premium,q4_alto,1960,jimi hendrix,purple haze,1,1,True,0,Canciones Energeticas,1.511143409294045,0.14855539203445525,20.823244552058114,413,60.69491525423729
1904,ruby tuesday,the rolling stones,album rock,1967,105,55,52,-11,17,52,196,83,3,63,rendimiento_medio,q3_medio_alto,1960,the rolling stones,ruby tuesday,3,3,True,1,Baladas Acusticas,-1.5700921289381975,1.0915771133843912,20.823244552058114,413,60.69491525423729
1905,all you need is love - remastered 2009,the beatles,british invasion,1967,103,48,40,-8,16,65,230,35,3,68,rendimiento_medio,q3_medio_alto,1960,the beatles,all you need is love remastered 2009,8,8,True,1,Baladas Acusticas,-0.5525414468896176,0.589810964541286,27.77777777777778,36,68.08333333333333
1906,"he ain't heavy, he's my brother",the hollies,adult standards,1967,76,44,31,-7,51,22,258,41,3,50,rendimiento_medio,q2_medio_bajo,1960,the hollies,he ain t heavy he s my brother,0,0,False,1,Baladas Acusticas,-1.326205942357777,-0.8462134610842352,20.32520325203252,123,62.577235772357724
1907,when i'm sixty four - remastered 2009,the beatles,british invasion,1967,140,24,70,-13,9,66,158,63,5,65,rendimiento_medio,q3_medio_alto,1960,the beatles,when i m sixty four remastered 2009,8,8,True,1,Baladas Acusticas,-1.855308192698414,2.3225783929978996,27.77777777777778,36,68.08333333333333
1908,somebody will know someday,cuby & the blizzards,dutch indie,1967,82,24,55,-14,12,33,413,18,4,37,zona_critica,q1_bajo,1960,cuby the blizzards,somebody will know someday,0,0,False,1,Baladas Acusticas,-1.9070355348483599,0.9218953439697979,0.0,75,37.266666666666666
1909,i am the walrus - remastered 2009,the beatles,british invasion,1967,85,56,40,-11,59,65,276,8,5,65,rendimiento_medio,q3_medio_alto,1960,the beatles,i am the walrus remastered 2009,8,8,True,0,Canciones Energeticas,-0.30512718630259916,0.7444784627736815,27.77777777777778,36,68.08333333333333
1910,guitar man,elvis presley,adult standards,1967,114,66,60,-13,7,91,139,54,6,41,zona_critica,q1_bajo,1960,elvis presley,guitar man,3,3,True,1,Baladas Acusticas,-0.43774907666021784,2.3871260088652737,20.32520325203252,123,62.577235772357724
1911,ain't no mountain high enough,marvin gaye,classic soul,1967,130,60,66,-11,18,80,152,43,3,80,potencial_premium,q4_alto,1960,marvin gaye,ain t no mountain high enough,2,2,True,0,Canciones Energeticas,-0.1952259487388412,2.1501547742187035,36.36363636363637,11,69.0909090909091
1912,san francisco (be sure to wear some flowers in your hair),scott mckenzie,bubblegum pop,1967,112,67,50,-6,22,48,179,5,3,53,rendimiento_medio,q2_medio_bajo,1960,scott mckenzie,san francisco be sure to wear some flowers in your hair,0,0,False,0,Canciones Energeticas,0.6309741431396737,0.20326360713713557,0.0,3,52.0
1913,she's leaving home - remastered 2009,the beatles,british invasion,1967,128,21,38,-12,11,39,215,94,3,63,rendimiento_medio,q3_medio_alto,1960,the beatles,she s leaving home remastered 2009,8,8,True,1,Baladas Acusticas,-3.148640300563386,0.5088616138959478,27.77777777777778,36,68.08333333333333
1914,i'm a believer - 2006 remaster,the monkees,brill building pop,1967,80,78,53,-6,22,96,167,71,4,73,potencial_premium,q4_alto,1960,the monkees,i m a believer 2006 remaster,0,0,False,0,Canciones Energeticas,0.502773082888865,1.6428000420117543,16.666666666666664,6,60.0
1915,waterloo sunset - mono mix,the kinks,album rock,1967,108,69,51,-7,17,42,194,16,2,66,rendimiento_medio,q3_medio_alto,1960,the kinks,waterloo sunset mono mix,0,0,False,0,Canciones Energeticas,0.2992387615815662,0.2065580965050208,20.823244552058114,413,60.69491525423729
1916,sunshine of your love,cream,album rock,1967,115,48,68,-13,12,78,250,48,4,74,potencial_premium,q4_alto,1960,cream,sunshine of your love,0,0,False,1,Baladas Acusticas,-0.8565840862675553,2.409829401123442,20.823244552058114,413,60.69491525423729
1917,break on through (to the other side),the doors,album rock,1967,90,75,42,-10,17,79,146,20,5,72,potencial_premium,q4_alto,1960,the doors,break on through to the other side,1,1,True,0,Canciones Energeticas,0.3383235538789336,1.0373435897719996,20.823244552058114,413,60.69491525423729
1918,somebody to love,jefferson airplane,album rock,1967,132,58,50,-9,32,65,175,41,3,69,rendimiento_medio,q3_medio_alto,1960,jefferson airplane,somebody to love,0,0,False,1,Baladas Acusticas,-0.38045750286322566,1.0240716800266019,20.823244552058114,413,60.69491525423729
1919,green green grass of home,tom jones,adult standards,1967,95,41,54,-13,10,82,185,16,3,62,rendimiento_medio,q2_medio_bajo,1960,tom jones,green green grass of home,0,0,False,1,Baladas Acusticas,-0.6618059502736857,1.9270843796521995,20.32520325203252,123,62.577235772357724
1920,to love somebody,bee gees,adult standards,1967,90,38,42,-13,27,52,182,73,3,66,rendimiento_medio,q3_medio_alto,1960,bee gees,to love somebody,2,2,True,1,Baladas Acusticas,-2.264040413625729,0.9358287625034962,20.32520325203252,123,62.577235772357724
1921,pastorale - remastered,liesbeth list,dutch rock,1968,112,52,46,-9,28,35,256,65,3,45,zona_critica,q1_bajo,1960,liesbeth list,pastorale remastered,0,0,False,1,Baladas Acusticas,-1.3814568977442296,0.21009321826689012,0.0,18,44.111111111111114
1922,(sittin' on) the dock of the bay,otis redding,classic soul,1968,104,37,77,-11,8,54,164,68,3,73,potencial_premium,q4_alto,1960,otis redding,sittin on the dock of the bay,1,1,True,1,Baladas Acusticas,-1.3747404646692614,2.0474608598898754,36.36363636363637,11,69.0909090909091
1923,blackbird - remastered 2009,the beatles,british invasion,1968,94,13,69,-14,6,37,138,75,3,74,potencial_premium,q4_alto,1960,the beatles,blackbird remastered 2009,8,8,True,1,Baladas Acusticas,-2.8639391411945647,1.7135327201607962,27.77777777777778,36,68.08333333333333
1924,i put a spell on you,creedence clearwater revival,album rock,1968,100,73,39,-8,10,62,272,0,3,60,rendimiento_medio,q2_medio_bajo,1960,creedence clearwater revival,i put a spell on you,0,0,False,0,Canciones Energeticas,0.630773942702682,0.2557534458382304,20.823244552058114,413,60.69491525423729
1925,while my guitar gently weeps - remastered 2009,the beatles,british invasion,1968,115,65,45,-9,17,70,285,2,3,70,rendimiento_medio,q3_medio_alto,1960,the beatles,while my guitar gently weeps remastered 2009,8,8,True,0,Canciones Energeticas,0.4511474953234319,0.7942053506640039,27.77777777777778,36,68.08333333333333
1926,all along the watchtower,jimi hendrix,album rock,1968,113,81,44,-6,8,56,241,0,6,77,potencial_premium,q4_alto,1960,jimi hendrix,all along the watchtower,1,1,True,0,Canciones Energeticas,1.103838636313183,0.08563010691955822,20.823244552058114,413,60.69491525423729
1927,"window of my eyes - from ""the american"" soundtrack",cuby & the blizzards,dutch indie,1968,184,53,41,-9,31,41,206,19,3,43,zona_critica,q1_bajo,1960,cuby the blizzards,window of my eyes from the american soundtrack,0,0,False,1,Baladas Acusticas,-0.5866575117216077,0.03367858246806147,0.0,75,37.266666666666666
1928,i say a little prayer,aretha franklin,adult standards,1968,133,36,59,-14,6,50,217,48,4,75,potencial_premium,q4_alto,1960,aretha franklin,i say a little prayer,16,16,True,1,Baladas Acusticas,-1.7979088097972085,1.501112990831399,20.32520325203252,123,62.577235772357724
1929,(you make me feel like) a natural woman,aretha franklin,adult standards,1968,111,32,65,-9,19,28,167,21,3,69,rendimiento_medio,q3_medio_alto,1960,aretha franklin,you make me feel like a natural woman,16,16,True,1,Baladas Acusticas,-0.9769652000453946,0.6754805419770873,20.32520325203252,123,62.577235772357724
1930,white room,cream,album rock,1968,110,58,55,-13,4,46,298,19,3,74,potencial_premium,q4_alto,1960,cream,white room,0,0,False,1,Baladas Acusticas,-0.7253314637691566,1.0014737855966465,20.823244552058114,413,60.69491525423729
1931,"mrs. robinson - from ""the graduate"" soundtrack",simon & garfunkel,classic rock,1968,92,46,61,-14,7,81,244,71,5,76,potencial_premium,q4_alto,1960,simon garfunkel,mrs robinson from the graduate soundtrack,0,0,False,1,Baladas Acusticas,-1.4791384271634835,2.3639870520393313,27.450980392156865,51,62.15686274509804
1932,what a wonderful world - single version,louis armstrong,adult standards,1968,77,17,27,-21,12,20,139,73,4,68,rendimiento_medio,q3_medio_alto,1960,louis armstrong,what a wonderful world single version,1,1,True,1,Baladas Acusticas,-4.531414494487203,0.3607567951420179,20.32520325203252,123,62.577235772357724
1933,lea,the cats,classic uk pop,1968,167,52,18,-8,6,42,222,39,3,48,zona_critica,q1_bajo,1960,the cats,lea,0,0,False,1,Baladas Acusticas,-1.1387420010606828,-0.8066264819469792,4.545454545454546,22,45.77272727272727
1934,the weight - remastered,the band,album rock,1968,144,55,63,-9,10,52,274,37,5,72,potencial_premium,q4_alto,1960,the band,the weight remastered,0,0,False,0,Canciones Energeticas,-0.3590875544923391,1.1522378116026124,20.823244552058114,413,60.69491525423729
1935,ain't got no - i got life - remastered,nina simone,adult standards,1968,122,72,62,-10,76,89,176,20,4,48,zona_critica,q1_bajo,1960,nina simone,ain t got no i got life remastered,0,0,False,0,Canciones Energeticas,0.703842792123722,1.9956219492426435,20.32520325203252,123,62.577235772357724
1936,voodoo child (slight return),jimi hendrix,album rock,1968,176,91,21,-7,5,45,313,48,39,67,rendimiento_medio,q3_medio_alto,1960,jimi hendrix,voodoo child slight return,1,1,True,0,Canciones Energeticas,-0.06040722900775483,-0.8290970097610298,20.823244552058114,413,60.69491525423729
1937,suzie q,creedence clearwater revival,album rock,1968,130,62,44,-11,17,70,517,6,3,56,rendimiento_medio,q2_medio_bajo,1960,creedence clearwater revival,suzie q,0,0,False,0,Canciones Energeticas,0.020664420483956975,0.9570580334261313,20.823244552058114,413,60.69491525423729
1938,born to be wild - single version,steppenwolf,album rock,1968,146,73,44,-12,24,54,213,26,10,67,rendimiento_medio,q3_medio_alto,1960,steppenwolf,born to be wild single version,0,0,False,0,Canciones Energeticas,-0.3760674438807393,0.6727854142777033,20.823244552058114,413,60.69491525423729
1939,words,bee gees,adult standards,1968,80,29,26,-10,16,25,198,14,3,59,rendimiento_medio,q2_medio_bajo,1960,bee gees,words,2,2,True,1,Baladas Acusticas,-1.696134024403729,-0.7434821172673513,20.32520325203252,123,62.577235772357724
1940,massachussetts,bee gees,adult standards,1968,102,44,48,-14,6,42,148,1,3,57,rendimiento_medio,q2_medio_bajo,1960,bee gees,massachussetts,2,2,True,1,Baladas Acusticas,-1.0815893019378982,0.7343376889845639,20.32520325203252,123,62.577235772357724
1941,times were when,the cats,classic uk pop,1968,99,56,45,-9,5,61,191,24,3,43,zona_critica,q1_bajo,1960,the cats,times were when,0,0,False,0,Canciones Energeticas,-0.26633661121880353,0.6727674650832411,4.545454545454546,22,45.77272727272727
1942,i started a joke,bee gees,adult standards,1968,145,46,31,-9,13,43,188,16,3,66,rendimiento_medio,q3_medio_alto,1960,bee gees,i started a joke,2,2,True,1,Baladas Acusticas,-0.840288879998889,-0.2656141740091798,20.32520325203252,123,62.577235772357724
1943,macarthur park,richard harris,pop,1968,170,34,25,-16,14,37,450,80,3,36,zona_critica,q1_bajo,1960,richard harris,macarthur park,1,1,True,1,Baladas Acusticas,-3.3330604654168066,0.22068957837637873,42.5531914893617,47,67.61702127659575
1944,i'd rather go blind,etta james,adult standards,1968,83,43,48,-6,15,61,157,69,2,67,rendimiento_medio,q3_medio_alto,1960,etta james,i d rather go blind,3,3,True,1,Baladas Acusticas,-0.8969656003190103,0.699679538905038,20.32520325203252,123,62.577235772357724
1945,daydream believer,the monkees,brill building pop,1968,126,49,51,-10,11,65,180,26,3,69,rendimiento_medio,q3_medio_alto,1960,the monkees,daydream believer,0,0,False,1,Baladas Acusticas,-0.47336672377247585,1.109681304686238,16.666666666666664,6,60.0
1946,back in the u.s.s.r. - remastered 2009,the beatles,british invasion,1968,142,97,48,-7,6,49,163,7,9,66,rendimiento_medio,q3_medio_alto,1960,the beatles,back in the u s s r remastered 2009,8,8,True,0,Canciones Energeticas,1.2315618329811628,0.11040599052194114,27.77777777777778,36,68.08333333333333
1947,"girl, you'll be a woman soon",neil diamond,adult standards,1968,110,64,52,-6,32,66,180,57,3,59,rendimiento_medio,q2_medio_bajo,1960,neil diamond,girl you ll be a woman soon,0,0,False,0,Canciones Energeticas,-0.029121037976389125,0.8547848307758243,20.32520325203252,123,62.577235772357724
1948,here comes the sun - remastered 2009,the beatles,british invasion,1969,129,54,56,-10,18,39,186,3,3,82,potencial_premium,q4_alto,1960,the beatles,here comes the sun remastered 2009,8,8,True,0,Canciones Energeticas,-0.2223329937751933,0.541650225067201,27.77777777777778,36,68.08333333333333
1949,space oddity - 2015 remaster,david bowie,album rock,1969,140,44,30,-13,18,43,319,7,3,73,potencial_premium,q4_alto,1960,david bowie,space oddity 2015 remaster,3,3,True,1,Baladas Acusticas,-1.2893821546380015,0.003558564052074475,20.823244552058114,413,60.69491525423729
1950,gimme shelter,the rolling stones,album rock,1969,119,63,63,-8,17,49,271,45,3,76,potencial_premium,q4_alto,1960,the rolling stones,gimme shelter,3,3,True,0,Canciones Energeticas,-0.1780165151159818,0.9572641789208886,20.823244552058114,413,60.69491525423729
1951,suspicious minds,elvis presley,adult standards,1969,117,38,49,-11,41,71,261,4,3,72,potencial_premium,q4_alto,1960,elvis presley,suspicious minds,3,3,True,1,Baladas Acusticas,-0.46664034230457807,1.2190683207053647,20.32520325203252,123,62.577235772357724
1952,whole lotta love - 1990 remaster,led zeppelin,album rock,1969,90,90,41,-12,41,42,334,5,41,76,potencial_premium,q4_alto,1960,led zeppelin,whole lotta love 1990 remaster,1,1,True,0,Canciones Energeticas,0.2185643727427444,0.11675852885042451,20.823244552058114,413,60.69491525423729
1953,sweet caroline,neil diamond,adult standards,1969,63,13,53,-16,24,58,204,61,3,78,potencial_premium,q4_alto,1960,neil diamond,sweet caroline,0,0,False,1,Baladas Acusticas,-2.8511492780626257,1.7500504857798695,20.32520325203252,123,62.577235772357724
1954,fortunate son,creedence clearwater revival,album rock,1969,133,66,64,-8,15,66,141,20,4,80,potencial_premium,q4_alto,1960,creedence clearwater revival,fortunate son,0,0,False,0,Canciones Energeticas,0.5557070039990492,1.3241297704707655,20.823244552058114,413,60.69491525423729
1955,in the ghetto,elvis presley,adult standards,1969,89,27,40,-17,11,49,167,72,3,63,rendimiento_medio,q3_medio_alto,1960,elvis presley,in the ghetto,3,3,True,1,Baladas Acusticas,-3.1218706154943683,1.1244722296996064,20.32520325203252,123,62.577235772357724
1956,bad moon rising,creedence clearwater revival,album rock,1969,179,77,51,-6,6,94,142,6,3,77,potencial_premium,q4_alto,1960,creedence clearwater revival,bad moon rising,0,0,False,0,Canciones Energeticas,1.5224673074514559,1.2757123472674308,20.823244552058114,413,60.69491525423729
1957,you can't always get what you want,the rolling stones,album rock,1969,86,62,32,-10,25,47,449,64,6,67,rendimiento_medio,q3_medio_alto,1960,the rolling stones,you can t always get what you want,3,3,True,1,Baladas Acusticas,-1.2803310431272659,0.013067661558674814,20.823244552058114,413,60.69491525423729
1958,with a little help from my friends,joe cocker,album rock,1969,145,43,31,-11,10,31,312,29,6,69,rendimiento_medio,q3_medio_alto,1960,joe cocker,with a little help from my friends,0,0,False,1,Baladas Acusticas,-1.553587768573456,-0.36067044328342696,20.823244552058114,413,60.69491525423729
1959,my way,frank sinatra,adult standards,1969,75,38,40,-7,12,23,277,70,3,73,potencial_premium,q4_alto,1960,frank sinatra,my way,8,8,True,1,Baladas Acusticas,-1.7922568321372243,-0.4400068591905744,20.32520325203252,123,62.577235772357724
1960,come together - remastered 2009,the beatles,british invasion,1969,165,38,53,-12,9,19,260,3,4,79,potencial_premium,q4_alto,1960,the beatles,come together remastered 2009,8,8,True,1,Baladas Acusticas,-1.2181506199778351,0.17833800156134974,27.77777777777778,36,68.08333333333333
1961,something - remastered 2009,the beatles,british invasion,1969,134,34,40,-11,14,38,182,20,3,72,potencial_premium,q4_alto,1960,the beatles,something remastered 2009,8,8,True,1,Baladas Acusticas,-1.4090962985653006,0.14561668978775102,27.77777777777778,36,68.08333333333333
1962,albatross - 2018 remaster,fleetwood mac,album rock,1969,136,6,32,-22,14,26,191,83,4,50,rendimiento_medio,q2_medio_bajo,1960,fleetwood mac,albatross 2018 remaster,1,1,True,1,Baladas Acusticas,-4.9515116501914616,0.8209881951220798,20.823244552058114,413,60.69491525423729
1963,just a little bit of peace in my heart,golden earring,album rock,1969,95,72,27,-6,6,26,320,1,3,42,zona_critica,q1_bajo,1960,golden earring,just a little bit of peace in my heart,0,0,False,0,Canciones Energeticas,0.2131882160179049,-1.260404845973837,20.823244552058114,413,60.69491525423729
1964,venus,shocking blue,classic rock,1969,128,76,69,-6,8,96,188,46,4,59,rendimiento_medio,q2_medio_bajo,1960,shocking blue,venus,0,0,False,0,Canciones Energeticas,1.1278030624471194,2.104628728827609,27.450980392156865,51,62.15686274509804
1965,son of a preacher man,dusty springfield,adult standards,1969,182,50,40,-11,13,82,149,39,8,61,rendimiento_medio,q2_medio_bajo,1960,dusty springfield,son of a preacher man,0,0,False,1,Baladas Acusticas,-0.7258095102221762,1.219404611567512,20.32520325203252,123,62.577235772357724
1966,pinball wizard,the who,album rock,1969,124,72,54,-9,26,47,181,2,4,69,rendimiento_medio,q3_medio_alto,1960,the who,pinball wizard,0,0,False,0,Canciones Energeticas,0.47158361856621395,0.5066897972398886,20.823244552058114,413,60.69491525423729
1967,marian,the cats,classic uk pop,1969,80,45,39,-10,19,39,240,0,3,46,zona_critica,q1_bajo,1960,the cats,marian,0,0,False,1,Baladas Acusticas,-0.6587226915302824,-0.05477268691482059,4.545454545454546,22,45.77272727272727
1968,proud mary,creedence clearwater revival,album rock,1969,121,39,72,-17,5,79,187,16,3,60,rendimiento_medio,q2_medio_bajo,1960,creedence clearwater revival,proud mary,0,0,False,1,Baladas Acusticas,-1.005257745175202,2.815736630059865,20.823244552058114,413,60.69491525423729
1969,beautiful people,melanie,classic uk pop,1969,129,44,54,-9,40,37,215,61,5,44,zona_critica,q1_bajo,1960,melanie,beautiful people,0,0,False,1,Baladas Acusticas,-1.3642422482387502,0.5410769423370695,4.545454545454546,22,45.77272727272727
1970,oh well (pt. 1) - 2013 remaster,fleetwood mac,album rock,1969,103,59,47,-10,14,22,202,20,14,41,zona_critica,q1_bajo,1960,fleetwood mac,oh well pt 1 2013 remaster,1,1,True,1,Baladas Acusticas,-0.7360340196893511,-0.1706700505249474,20.823244552058114,413,60.69491525423729
1971,born on the bayou,creedence clearwater revival,album rock,1969,117,39,68,-16,11,55,315,7,5,59,rendimiento_medio,q2_medio_bajo,1960,creedence clearwater revival,born on the bayou,0,0,False,1,Baladas Acusticas,-1.0990840279349,1.9676274405435288,20.823244552058114,413,60.69491525423729
1972,scarlet ribbons,the cats,classic uk pop,1969,101,42,48,-10,14,47,197,9,3,44,zona_critica,q1_bajo,1960,the cats,scarlet ribbons,0,0,False,1,Baladas Acusticas,-0.6448290786904507,0.5074030027118732,4.545454545454546,22,45.77272727272727
1973,the thrill is gone,b.b. king,blues,1969,91,46,55,-9,10,54,325,34,3,60,rendimiento_medio,q2_medio_bajo,1960,b b king,the thrill is gone,11,11,True,1,Baladas Acusticas,-0.6231380579778163,0.9056813438731836,0.0,8,59.125
1974,dazed and confused,led zeppelin,album rock,1969,87,55,27,-10,10,43,386,4,5,63,rendimiento_medio,q3_medio_alto,1960,led zeppelin,dazed and confused,1,1,True,1,Baladas Acusticas,-0.5927686914814903,-0.42009804723312977,20.823244552058114,413,60.69491525423729
1975,overture,the who,album rock,1969,118,62,48,-10,14,19,320,6,3,43,zona_critica,q1_bajo,1960,the who,overture,0,0,False,1,Baladas Acusticas,-0.4511002261352332,-0.2602909795323392,20.823244552058114,413,60.69491525423729
1976,streets of london,ralph mctell,british folk,1969,156,30,40,-15,10,19,249,63,3,57,rendimiento_medio,q2_medio_bajo,1960,ralph mctell,streets of london,0,0,False,1,Baladas Acusticas,-3.022522790236496,0.17637862253155426,25.0,4,64.25
1977,down on the corner,creedence clearwater revival,album rock,1969,108,54,86,-9,7,87,166,58,8,73,potencial_premium,q4_alto,1960,creedence clearwater revival,down on the corner,0,0,False,0,Canciones Energeticas,0.08687962476906277,2.886718025252276,20.823244552058114,413,60.69491525423729
1978,appleknockers flophouse,cuby & the blizzards,dutch indie,1969,197,71,31,-9,26,67,151,0,10,34,zona_critica,q1_bajo,1960,cuby the blizzards,appleknockers flophouse,0,0,False,0,Canciones Energeticas,0.401789337035342,0.15385794322791205,0.0,75,37.266666666666666
1979,the first time ever i saw your face,roberta flack,adult standards,1969,121,3,31,-22,16,14,261,73,4,64,rendimiento_medio,q3_medio_alto,1960,roberta flack,the first time ever i saw your face,3,3,True,1,Baladas Acusticas,-5.037572934952421,0.47224710900103645,20.32520325203252,123,62.577235772357724
1980,touch me,the doors,album rock,1969,109,90,43,-5,12,77,190,41,7,68,rendimiento_medio,q3_medio_alto,1960,the doors,touch me,1,1,True,0,Canciones Energeticas,1.067272136310624,0.5357565808070038,20.823244552058114,413,60.69491525423729
1981,summertime,brainbox,dutch prog,1969,89,55,38,-9,31,25,263,4,3,36,zona_critica,q1_bajo,1960,brainbox,summertime,0,0,False,1,Baladas Acusticas,-0.5322738936474323,-0.5469525172704687,0.0,5,31.2
1982,midnight rambler,the rolling stones,album rock,1969,75,66,40,-10,17,51,413,77,12,50,rendimiento_medio,q2_medio_bajo,1960,the rolling stones,midnight rambler,3,3,True,1,Baladas Acusticas,-1.2202238406321395,0.42694612537720994,20.823244552058114,413,60.69491525423729
1983,get ready,rare earth,blues rock,1969,127,87,41,-6,83,65,1292,0,4,45,zona_critica,q1_bajo,1960,rare earth,get ready,0,0,False,0,Canciones Energeticas,1.345162861282027,0.1464175098006513,6.666666666666667,15,55.53333333333333
1984,black magic woman - 2018 remaster,fleetwood mac,album rock,1969,129,41,46,-11,28,44,173,5,4,48,zona_critica,q1_bajo,1960,fleetwood mac,black magic woman 2018 remaster,1,1,True,1,Baladas Acusticas,-0.8098494132286863,0.44096930436406073,20.823244552058114,413,60.69491525423729
1985,suite: judy blue eyes - remastered,"crosby, stills & nash",album rock,1969,154,36,45,-13,20,30,444,47,4,67,rendimiento_medio,q3_medio_alto,1960,crosby stills nash,suite judy blue eyes remastered,0,0,False,1,Baladas Acusticas,-2.109226054185578,0.3818583102301115,20.823244552058114,413,60.69491525423729
1986,blue suede shoes,elvis presley,adult standards,1956,95,66,56,-8,14,96,119,65,6,62,rendimiento_medio,q2_medio_bajo,1950,elvis presley,blue suede shoes,3,3,True,0,Canciones Energeticas,-0.059576697506336124,2.2595822908421694,20.32520325203252,123,62.577235772357724
1987,jailhouse rock,elvis presley,adult standards,1958,167,58,65,-10,7,92,146,41,8,73,potencial_premium,q4_alto,1950,elvis presley,jailhouse rock,3,3,True,0,Canciones Energeticas,-0.03549175158425941,2.5694857477130375,20.32520325203252,123,62.577235772357724
1988,my baby just cares for me - 2013 remastered version,nina simone,adult standards,1958,119,24,75,-15,9,43,216,83,12,68,rendimiento_medio,q3_medio_alto,1950,nina simone,my baby just cares for me 2013 remastered version,0,0,False,1,Baladas Acusticas,-2.7928931694074004,2.4275120237384447,20.32520325203252,123,62.577235772357724
1989,summertime,louis armstrong,adult standards,1958,168,7,17,-21,14,10,298,92,3,66,rendimiento_medio,q3_medio_alto,1950,louis armstrong,summertime,1,1,True,1,Baladas Acusticas,-5.5012875492781,0.12122969595837665,20.32520325203252,123,62.577235772357724
1990,heartbreak hotel,elvis presley,adult standards,1958,94,21,70,-12,11,72,128,84,7,63,rendimiento_medio,q3_medio_alto,1950,elvis presley,heartbreak hotel,3,3,True,1,Baladas Acusticas,-2.1682002927823354,2.7038086948872686,20.32520325203252,123,62.577235772357724
1991,hound dog,elvis presley,adult standards,1958,175,76,36,-8,76,95,136,73,6,69,rendimiento_medio,q3_medio_alto,1950,elvis presley,hound dog,3,3,True,0,Canciones Energeticas,-0.22323341391399984,1.4364034913277934,20.32520325203252,123,62.577235772357724
1992,johnny b. goode,chuck berry,blues rock,1959,168,80,53,-9,31,97,162,74,7,74,potencial_premium,q4_alto,1950,chuck berry,johnny b goode,0,0,False,0,Canciones Energeticas,0.019394439685726933,2.154773975332202,6.666666666666667,15,55.53333333333333
1993,take five,the dave brubeck quartet,bebop,1959,174,26,45,-13,7,60,324,54,4,65,rendimiento_medio,q3_medio_alto,1950,the dave brubeck quartet,take five,0,0,False,1,Baladas Acusticas,-2.198283290178278,1.450201406755827,0.0,1,65.0
1994,blueberry hill,fats domino,adult standards,1959,133,50,49,-10,16,83,148,74,3,56,rendimiento_medio,q2_medio_bajo,1950,fats domino,blueberry hill,0,0,False,1,Baladas Acusticas,-1.137244343571832,1.8652159083356965,20.32520325203252,123,62.577235772357724
