index,title,artist,top_genre,year,beats_per_minute_bpm,energy,danceability,loudness_db,liveness,valence,length_duration,acousticness,speechiness,popularity,segmento_popularity,popularity_quartile,decade,artist_match,title_match,artist_grammy_nominations,artist_grammy_wins,artist_has_grammy_record,cluster_asignado,nombre_cluster
1,sunrise,norah jones,adult standards,2004,157,30,53,-14,11,68,201,94,3,71,rendimiento_medio,q3_medio_alto,2000,norah jones,sunrise,5,5,True,1,Baladas Acusticas
2,black night,deep purple,album rock,2000,135,79,50,-11,17,81,207,17,7,39,zona_critica,q1_bajo,2000,deep purple,black night,0,0,False,0,Canciones Energeticas
3,clint eastwood,gorillaz,alternative hip hop,2001,168,69,66,-9,7,52,341,2,17,69,rendimiento_medio,q3_medio_alto,2000,gorillaz,clint eastwood,0,0,False,0,Canciones Energeticas
4,the pretender,foo fighters,alternative metal,2007,173,96,43,-4,3,37,269,0,4,76,potencial_premium,q4_alto,2000,foo fighters,the pretender,10,10,True,0,Canciones Energeticas
5,waitin' on a sunny day,bruce springsteen,classic rock,2002,106,82,58,-5,10,87,256,1,3,59,rendimiento_medio,q2_medio_bajo,2000,bruce springsteen,waitin on a sunny day,13,13,True,0,Canciones Energeticas
6,the road ahead (miles of the unknown),city to city,alternative pop rock,2004,99,46,54,-9,14,14,247,0,2,45,zona_critica,q1_bajo,2000,city to city,the road ahead miles of the unknown,0,0,False,0,Canciones Energeticas
7,she will be loved,maroon 5,pop,2002,102,71,71,-6,13,54,257,6,3,74,potencial_premium,q4_alto,2000,maroon 5,she will be loved,2,2,True,0,Canciones Energeticas
8,knights of cydonia,muse,modern rock,2006,137,96,37,-5,12,21,366,0,14,69,rendimiento_medio,q3_medio_alto,2000,muse,knights of cydonia,2,2,True,0,Canciones Energeticas
9,mr. brightside,the killers,modern rock,2004,148,92,36,-4,10,23,223,0,8,77,potencial_premium,q4_alto,2000,the killers,mr brightside,0,0,False,0,Canciones Energeticas
10,without me,eminem,detroit hip hop,2002,112,67,91,-3,24,66,290,0,7,82,potencial_premium,q4_alto,2000,eminem,without me,11,11,True,0,Canciones Energeticas
11,love me tender,elvis presley,adult standards,2002,109,5,44,-16,11,31,162,88,4,49,zona_critica,q1_bajo,2000,elvis presley,love me tender,3,3,True,1,Baladas Acusticas
12,seven nation army,the white stripes,alternative rock,2003,124,46,74,-8,26,32,232,1,8,74,potencial_premium,q4_alto,2000,the white stripes,seven nation army,4,4,True,0,Canciones Energeticas
13,als het golft,de dijk,dutch indie,2000,102,88,54,-6,53,59,214,2,3,34,zona_critica,q1_bajo,2000,de dijk,als het golft,0,0,False,0,Canciones Energeticas
14,i'm going home,ten years after,album rock,2005,117,93,38,-2,81,40,639,18,10,26,zona_critica,q1_bajo,2000,ten years after,i m going home,0,0,False,0,Canciones Energeticas
15,fluorescent adolescent,arctic monkeys,garage rock,2007,112,81,65,-5,14,82,173,0,3,66,rendimiento_medio,q3_medio_alto,2000,arctic monkeys,fluorescent adolescent,0,0,False,0,Canciones Energeticas
16,zonder jou,paul de leeuw,dutch cabaret,2006,133,42,42,-10,16,25,236,84,4,48,zona_critica,q1_bajo,2000,paul de leeuw,zonder jou,0,0,False,1,Baladas Acusticas
17,speed of sound,coldplay,permanent wave,2005,123,90,52,-7,7,36,288,0,6,69,rendimiento_medio,q3_medio_alto,2000,coldplay,speed of sound,6,6,True,0,Canciones Energeticas
18,uninvited,alanis morissette,alternative rock,2005,127,54,38,-5,9,19,276,2,3,57,rendimiento_medio,q2_medio_bajo,2000,alanis morissette,uninvited,5,5,True,0,Canciones Energeticas
19,music,john miles,classic uk pop,2004,87,31,27,-13,63,12,352,1,3,46,zona_critica,q1_bajo,2000,john miles,music,0,0,False,1,Baladas Acusticas
20,cry me a river,justin timberlake,dance pop,2002,74,65,62,-7,10,56,288,57,18,74,potencial_premium,q4_alto,2000,justin timberlake,cry me a river,4,4,True,0,Canciones Energeticas
21,fix you,coldplay,permanent wave,2005,138,42,21,-9,11,12,296,16,3,81,potencial_premium,q4_alto,2000,coldplay,fix you,6,6,True,1,Baladas Acusticas
22,the cave,mumford & sons,modern folk rock,2009,142,51,60,-10,11,35,218,5,4,67,rendimiento_medio,q3_medio_alto,2000,mumford sons,the cave,1,1,True,0,Canciones Energeticas
23,als de morgen is gekomen,jan smit,dutch pop,2006,96,89,63,-6,9,81,176,5,3,55,rendimiento_medio,q2_medio_bajo,2000,jan smit,als de morgen is gekomen,0,0,False,0,Canciones Energeticas
24,somebody told me,the killers,modern rock,2004,138,99,51,-3,12,65,197,0,9,69,rendimiento_medio,q3_medio_alto,2000,the killers,somebody told me,0,0,False,0,Canciones Energeticas
25,dichterbij dan ooit,bløf,dutch pop,2002,112,74,65,-7,23,52,261,18,3,16,zona_critica,q1_bajo,2000,bl f,dichterbij dan ooit,0,0,False,0,Canciones Energeticas
26,miracle,ilse delange,dutch americana,2008,130,48,55,-8,10,18,270,48,3,50,rendimiento_medio,q2_medio_bajo,2000,ilse delange,miracle,0,0,False,1,Baladas Acusticas
27,smokers outside the hospital doors,editors,alternative dance,2007,123,68,53,-4,12,55,298,0,4,56,rendimiento_medio,q2_medio_bajo,2000,editors,smokers outside the hospital doors,0,0,False,0,Canciones Energeticas
28,cleanin' out my closet,eminem,detroit hip hop,2002,148,76,91,-5,8,87,298,7,17,71,rendimiento_medio,q3_medio_alto,2000,eminem,cleanin out my closet,11,11,True,0,Canciones Energeticas
29,der weg,herbert grönemeyer,german pop,2008,142,24,34,-11,12,19,259,92,4,48,zona_critica,q1_bajo,2000,herbert gr nemeyer,der weg,0,0,False,1,Baladas Acusticas
30,7 seconds (feat. neneh cherry),youssou n'dour,afropop,2004,154,70,68,-10,33,51,306,8,3,59,rendimiento_medio,q2_medio_bajo,2000,youssou n dour,7 seconds feat neneh cherry,1,1,True,0,Canciones Energeticas
31,the scientist,coldplay,permanent wave,2002,146,44,56,-7,11,21,310,73,2,84,potencial_premium,q4_alto,2000,coldplay,the scientist,6,6,True,1,Baladas Acusticas
32,big log - 2006 remaster,robert plant,album rock,2007,181,59,56,-9,20,68,306,32,3,57,rendimiento_medio,q2_medio_bajo,2000,robert plant,big log 2006 remaster,0,0,False,0,Canciones Energeticas
33,chasing pavements,adele,british soul,2008,80,47,62,-6,11,33,211,31,3,63,rendimiento_medio,q3_medio_alto,2000,adele,chasing pavements,11,11,True,0,Canciones Energeticas
34,don't know why,norah jones,adult standards,2002,88,20,73,-12,7,62,186,88,3,74,potencial_premium,q4_alto,2000,norah jones,don t know why,5,5,True,1,Baladas Acusticas
35,tears dry on their own,amy winehouse,british soul,2006,122,87,64,-3,29,45,185,49,12,72,potencial_premium,q4_alto,2000,amy winehouse,tears dry on their own,4,4,True,0,Canciones Energeticas
36,the eyes of jenny,sandy coast,classic uk pop,2009,119,53,68,-12,8,68,264,34,4,44,zona_critica,q1_bajo,2000,sandy coast,the eyes of jenny,0,0,False,0,Canciones Energeticas
37,iris,the goo goo dolls,alternative rock,2007,156,79,29,-6,8,51,290,0,4,75,potencial_premium,q4_alto,2000,the goo goo dolls,iris,0,0,False,0,Canciones Energeticas
38,the saints are coming,u2,irish rock,2006,152,81,32,-7,15,12,202,8,5,40,zona_critica,q1_bajo,2000,u2,the saints are coming,18,18,True,0,Canciones Energeticas
39,all my life,foo fighters,alternative metal,2002,168,60,58,-6,48,65,263,0,5,72,potencial_premium,q4_alto,2000,foo fighters,all my life,10,10,True,0,Canciones Energeticas
40,de weg,guus meeuwis,dutch pop,2005,72,21,46,-11,11,26,266,91,3,42,zona_critica,q1_bajo,2000,guus meeuwis,de weg,0,0,False,1,Baladas Acusticas
41,don't let me be misunderstood,santa esmeralda,disco,2003,118,82,67,-9,5,78,629,3,8,59,rendimiento_medio,q2_medio_bajo,2000,santa esmeralda,don t let me be misunderstood,0,0,False,0,Canciones Energeticas
42,traffic - radio edit,tiësto,big room,2009,138,64,71,-10,19,10,177,0,9,53,rendimiento_medio,q2_medio_bajo,2000,ti sto,traffic radio edit,0,0,False,0,Canciones Energeticas
43,take me out,franz ferdinand,alternative rock,2004,105,68,28,-9,14,49,237,0,4,74,potencial_premium,q4_alto,2000,franz ferdinand,take me out,0,0,False,0,Canciones Energeticas
44,american idiot,green day,modern rock,2004,186,99,38,-2,37,77,176,0,6,78,potencial_premium,q4_alto,2000,green day,american idiot,4,4,True,0,Canciones Energeticas
45,breaking the habit,linkin park,alternative metal,2003,100,85,58,-5,9,58,197,11,3,65,rendimiento_medio,q3_medio_alto,2000,linkin park,breaking the habit,1,1,True,0,Canciones Energeticas
46,come undone,robbie williams,dance pop,2002,168,57,38,-5,35,26,278,4,3,56,rendimiento_medio,q2_medio_bajo,2000,robbie williams,come undone,0,0,False,0,Canciones Energeticas
47,sweet jane,lou reed,art rock,2008,115,46,83,-10,70,88,331,48,6,43,zona_critica,q1_bajo,2000,lou reed,sweet jane,1,1,True,0,Canciones Energeticas
48,run,snow patrol,irish rock,2004,75,64,37,-6,17,20,355,0,3,65,rendimiento_medio,q3_medio_alto,2000,snow patrol,run,0,0,False,0,Canciones Energeticas
49,"you're the first, the last, my everything",barry white,adult standards,2009,131,72,64,-7,14,80,213,1,4,67,rendimiento_medio,q3_medio_alto,2000,barry white,you re the first the last my everything,2,2,True,0,Canciones Energeticas
50,the day after tomorrow,saybia,danish pop rock,2005,76,77,46,-5,14,35,234,1,3,51,rendimiento_medio,q2_medio_bajo,2000,saybia,the day after tomorrow,0,0,False,0,Canciones Energeticas
51,just breathe,pearl jam,alternative rock,2009,108,35,47,-11,8,28,216,72,3,69,rendimiento_medio,q3_medio_alto,2000,pearl jam,just breathe,1,1,True,1,Baladas Acusticas
52,dansen aan zee,bløf,dutch pop,2000,194,43,35,-11,10,26,275,16,3,52,rendimiento_medio,q2_medio_bajo,2000,bl f,dansen aan zee,0,0,False,1,Baladas Acusticas
53,goodbye my lover,james blunt,neo mellow,2005,90,26,43,-13,9,27,259,95,5,69,rendimiento_medio,q3_medio_alto,2000,james blunt,goodbye my lover,0,0,False,1,Baladas Acusticas
54,the unforgiven iii,metallica,alternative metal,2008,122,77,30,-3,12,9,467,0,3,52,rendimiento_medio,q2_medio_bajo,2000,metallica,the unforgiven iii,7,7,True,0,Canciones Energeticas
55,hurt,christina aguilera,dance pop,2006,149,30,33,-7,11,14,243,78,3,67,rendimiento_medio,q3_medio_alto,2000,christina aguilera,hurt,2,2,True,1,Baladas Acusticas
56,grounds for divorce,elbow,britpop,2009,92,76,52,-5,57,63,219,42,3,43,zona_critica,q1_bajo,2000,elbow,grounds for divorce,0,0,False,0,Canciones Energeticas
57,sometimes you can't make it on your own,u2,irish rock,2004,96,60,53,-6,11,35,305,0,2,57,rendimiento_medio,q2_medio_bajo,2000,u2,sometimes you can t make it on your own,18,18,True,0,Canciones Energeticas
58,"listen (from the motion picture ""dreamgirls"")",beyoncé,dance pop,2006,123,59,48,-5,18,20,218,27,5,44,zona_critica,q1_bajo,2000,beyonc,listen from the motion picture dreamgirls,13,13,True,0,Canciones Energeticas
59,i want it that way,backstreet boys,boy band,2001,99,70,69,-6,16,48,214,22,3,77,potencial_premium,q4_alto,2000,backstreet boys,i want it that way,0,0,False,0,Canciones Energeticas
60,goin to the run,golden earring,album rock,2008,124,59,47,-8,28,18,236,42,3,38,zona_critica,q1_bajo,2000,golden earring,goin to the run,0,0,False,1,Baladas Acusticas
61,de neus umhoeg,rowwen hèze,carnaval limburg,2005,132,41,62,-14,10,51,215,7,3,32,zona_critica,q1_bajo,2000,rowwen h ze,de neus umhoeg,0,0,False,1,Baladas Acusticas
62,solitary man,johnny cash,arkansas country,2000,86,56,44,-7,25,70,144,35,3,47,zona_critica,q1_bajo,2000,johnny cash,solitary man,8,8,True,0,Canciones Energeticas
63,smoorverliefd,doe maar,dutch cabaret,2008,166,75,70,-9,19,91,195,13,10,48,zona_critica,q1_bajo,2000,doe maar,smoorverliefd,0,0,False,0,Canciones Energeticas
64,me gustas tu,manu chao,latin alternative,2001,176,74,66,-7,22,91,240,66,8,70,rendimiento_medio,q3_medio_alto,2000,manu chao,me gustas tu,0,0,False,0,Canciones Energeticas
65,kryptonite,3 doors down,alternative metal,2000,99,87,55,-6,17,54,234,1,3,77,potencial_premium,q4_alto,2000,3 doors down,kryptonite,0,0,False,0,Canciones Energeticas
66,crazy,seal,british soul,2004,103,86,63,-7,7,73,357,21,5,63,rendimiento_medio,q3_medio_alto,2000,seal,crazy,2,2,True,0,Canciones Energeticas
67,family portrait,p!nk,dance pop,2001,92,69,76,-5,57,73,297,3,5,56,rendimiento_medio,q2_medio_bajo,2000,p nk,family portrait,0,0,False,0,Canciones Energeticas
68,in the army now,status quo,album rock,2002,105,73,68,-8,14,94,281,11,2,59,rendimiento_medio,q2_medio_bajo,2000,status quo,in the army now,0,0,False,0,Canciones Energeticas
69,i surrender,saybia,danish pop rock,2004,136,43,28,-7,6,7,219,28,3,55,rendimiento_medio,q2_medio_bajo,2000,saybia,i surrender,0,0,False,1,Baladas Acusticas
70,maybe tomorrow,stereophonics,britpop,2003,81,65,50,-7,33,57,273,22,4,64,rendimiento_medio,q3_medio_alto,2000,stereophonics,maybe tomorrow,0,0,False,0,Canciones Energeticas
71,make you feel my love,adele,british soul,2008,77,18,55,-11,11,9,212,89,3,73,potencial_premium,q4_alto,2000,adele,make you feel my love,11,11,True,1,Baladas Acusticas
72,no one knows,queens of the stone age,alternative metal,2002,171,58,51,-5,37,67,279,3,6,65,rendimiento_medio,q3_medio_alto,2000,queens of the stone age,no one knows,0,0,False,0,Canciones Energeticas
73,where do you go to (my lovely) - re-recorded,peter sarstedt,british folk,2008,183,44,56,-8,12,44,288,29,3,58,rendimiento_medio,q2_medio_bajo,2000,peter sarstedt,where do you go to my lovely re recorded,0,0,False,0,Canciones Energeticas
74,the wild rover,the dubliners,celtic,2008,178,68,30,-8,43,77,249,83,25,46,zona_critica,q1_bajo,2000,the dubliners,the wild rover,0,0,False,1,Baladas Acusticas
75,little lion man,mumford & sons,modern folk rock,2009,139,48,52,-8,9,46,247,3,3,67,rendimiento_medio,q3_medio_alto,2000,mumford sons,little lion man,1,1,True,0,Canciones Energeticas
76,dirty diana,michael jackson,pop,2003,131,80,75,-5,42,37,281,24,5,55,rendimiento_medio,q2_medio_bajo,2000,michael jackson,dirty diana,9,9,True,0,Canciones Energeticas
77,ne me quitte pas,jacques brel,chanson,2004,101,24,42,-11,19,30,229,82,5,58,rendimiento_medio,q2_medio_bajo,2000,jacques brel,ne me quitte pas,0,0,False,1,Baladas Acusticas
78,sad man's tongue,volbeat,alternative metal,2007,110,96,43,-4,17,56,186,0,4,57,rendimiento_medio,q2_medio_bajo,2000,volbeat,sad man s tongue,0,0,False,0,Canciones Energeticas
79,wat zou je doen - live,marco borsato,dutch cabaret,2006,104,92,66,-6,61,46,229,38,17,30,zona_critica,q1_bajo,2000,marco borsato,wat zou je doen live,0,0,False,0,Canciones Energeticas
80,one day like this,elbow,britpop,2009,159,67,43,-6,14,38,394,9,3,45,zona_critica,q1_bajo,2000,elbow,one day like this,0,0,False,0,Canciones Energeticas
81,bagagedrager,spinvis,dutch indie,2002,160,71,50,-8,43,33,375,8,5,45,zona_critica,q1_bajo,2000,spinvis,bagagedrager,0,0,False,0,Canciones Energeticas
82,wêr bisto,twarres,dutch pop,2001,88,32,52,-11,9,18,226,33,2,48,zona_critica,q1_bajo,2000,twarres,w r bisto,0,0,False,1,Baladas Acusticas
83,only time,enya,celtic,2000,83,25,42,-14,11,21,219,84,3,70,rendimiento_medio,q3_medio_alto,2000,enya,only time,4,4,True,1,Baladas Acusticas
84,sorry seems to be the hardest word,blue,boy band,2004,79,60,56,-7,38,44,210,18,3,58,rendimiento_medio,q2_medio_bajo,2000,blue,sorry seems to be the hardest word,0,0,False,0,Canciones Energeticas
85,self esteem,the offspring,alternative metal,2005,105,91,46,-4,36,61,258,2,6,72,potencial_premium,q4_alto,2000,the offspring,self esteem,0,0,False,0,Canciones Energeticas
86,aanzoek zonder ringen,bløf,dutch pop,2006,160,85,55,-8,32,46,283,2,4,42,zona_critica,q1_bajo,2000,bl f,aanzoek zonder ringen,0,0,False,0,Canciones Energeticas
87,modern world,anouk,dutch indie,2007,120,76,70,-5,13,68,210,12,6,42,zona_critica,q1_bajo,2000,anouk,modern world,0,0,False,0,Canciones Energeticas
88,rosie,claw boys claw,dutch indie,2007,100,55,59,-12,11,64,264,47,3,43,zona_critica,q1_bajo,2000,claw boys claw,rosie,0,0,False,1,Baladas Acusticas
89,this is not america - 2002 remaster,david bowie,album rock,2002,115,67,72,-12,5,65,231,6,4,43,zona_critica,q1_bajo,2000,david bowie,this is not america 2002 remaster,3,3,True,0,Canciones Energeticas
90,times like these,foo fighters,alternative metal,2002,145,91,38,-4,24,27,266,0,9,65,rendimiento_medio,q3_medio_alto,2000,foo fighters,times like these,10,10,True,0,Canciones Energeticas
91,de vondeling van ameland,boudewijn de groot,dutch indie,2007,110,35,39,-10,11,16,306,67,3,19,zona_critica,q1_bajo,2000,boudewijn de groot,de vondeling van ameland,0,0,False,1,Baladas Acusticas
92,i'm gonna be (500 miles),the proclaimers,celtic rock,2003,132,55,85,-5,8,81,219,15,4,74,potencial_premium,q4_alto,2000,the proclaimers,i m gonna be 500 miles,0,0,False,0,Canciones Energeticas
93,afscheid nemen bestaat niet,marco borsato,dutch cabaret,2006,128,40,40,-9,9,22,240,3,3,49,zona_critica,q1_bajo,2000,marco borsato,afscheid nemen bestaat niet,0,0,False,1,Baladas Acusticas
94,blauwe ruis,bløf,dutch pop,2002,130,70,52,-7,13,35,268,4,4,41,zona_critica,q1_bajo,2000,bl f,blauwe ruis,0,0,False,0,Canciones Energeticas
95,limburg - live,rowwen hèze,carnaval limburg,2008,157,93,23,-5,93,28,403,29,17,32,zona_critica,q1_bajo,2000,rowwen h ze,limburg live,0,0,False,0,Canciones Energeticas
96,21 guns,green day,modern rock,2009,160,74,27,-5,63,42,321,5,4,75,potencial_premium,q4_alto,2000,green day,21 guns,4,4,True,0,Canciones Energeticas
97,valerie (feat. amy winehouse) - version revisited,mark ronson,dance pop,2007,106,84,70,-5,12,89,219,0,5,62,rendimiento_medio,q2_medio_bajo,2000,mark ronson,valerie feat amy winehouse version revisited,0,0,False,0,Canciones Energeticas
98,blaosmuziek,gé reinders,carnaval limburg,2005,61,13,27,-14,33,18,232,94,4,38,zona_critica,q1_bajo,2000,g reinders,blaosmuziek,0,0,False,1,Baladas Acusticas
99,binnen,marco borsato,dutch cabaret,2002,92,90,50,-7,15,67,275,1,6,30,zona_critica,q1_bajo,2000,marco borsato,binnen,0,0,False,0,Canciones Energeticas
100,motorcycle emptiness,manic street preachers,alternative rock,2002,112,81,53,-4,16,21,306,0,3,39,zona_critica,q1_bajo,2000,manic street preachers,motorcycle emptiness,0,0,False,0,Canciones Energeticas
101,in the end,linkin park,alternative metal,2000,105,86,56,-6,21,40,217,1,6,83,potencial_premium,q4_alto,2000,linkin park,in the end,1,1,True,0,Canciones Energeticas
102,halt mich,herbert grönemeyer,german pop,2008,104,44,29,-7,8,16,207,79,3,44,zona_critica,q1_bajo,2000,herbert gr nemeyer,halt mich,0,0,False,1,Baladas Acusticas
103,girl,anouk,dutch indie,2004,136,80,67,-5,6,79,211,1,3,56,rendimiento_medio,q2_medio_bajo,2000,anouk,girl,0,0,False,0,Canciones Energeticas
104,"trapped - live at meadowlands arena, e. rutherford, nj - august 1984",bruce springsteen,classic rock,2003,162,62,32,-6,60,36,308,3,3,40,zona_critica,q1_bajo,2000,bruce springsteen,trapped live at meadowlands arena e rutherford nj august 1984,13,13,True,0,Canciones Energeticas
105,ik wou dat ik jou was,veldhuis & kemper,dutch cabaret,2003,160,61,36,-6,11,49,237,54,4,58,rendimiento_medio,q2_medio_bajo,2000,veldhuis kemper,ik wou dat ik jou was,0,0,False,0,Canciones Energeticas
106,empire state of mind (part ii) broken down,alicia keys,hip pop,2009,93,37,48,-8,12,14,216,74,3,75,potencial_premium,q4_alto,2000,alicia keys,empire state of mind part ii broken down,7,7,True,1,Baladas Acusticas
107,numb / encore,jay-z,east coast hip hop,2004,107,79,69,-4,58,75,206,6,17,75,potencial_premium,q4_alto,2000,jay z,numb encore,3,3,True,0,Canciones Energeticas
108,ben ik te min,armand,dutch rock,2009,101,69,62,-7,6,56,208,28,3,47,zona_critica,q1_bajo,2000,armand,ben ik te min,0,0,False,0,Canciones Energeticas
109,all summer long,kid rock,alternative metal,2007,103,86,70,-4,10,89,298,2,3,72,potencial_premium,q4_alto,2000,kid rock,all summer long,0,0,False,0,Canciones Energeticas
110,forever autumn,jeff wayne,classic uk pop,2007,122,49,35,-7,21,21,273,47,3,41,zona_critica,q1_bajo,2000,jeff wayne,forever autumn,0,0,False,1,Baladas Acusticas
111,waiting on the world to change,john mayer,neo mellow,2006,177,76,58,-6,25,66,201,16,12,74,potencial_premium,q4_alto,2000,john mayer,waiting on the world to change,6,6,True,0,Canciones Energeticas
112,everybody's changing,keane,modern rock,2004,94,84,52,-4,10,46,215,0,3,54,rendimiento_medio,q2_medio_bajo,2000,keane,everybody s changing,0,0,False,0,Canciones Energeticas
113,how to save a life,the fray,modern rock,2005,122,74,64,-4,10,36,263,27,4,80,potencial_premium,q4_alto,2000,the fray,how to save a life,0,0,False,0,Canciones Energeticas
114,"bloed, zweet en tranen",andre hazes,dutch pop,2002,68,72,60,-4,35,37,242,8,3,59,rendimiento_medio,q2_medio_bajo,2000,andre hazes,bloed zweet en tranen,0,0,False,0,Canciones Energeticas
115,"lose yourself - from ""8 mile"" soundtrack",eminem,detroit hip hop,2005,171,74,69,-5,36,6,326,1,26,77,potencial_premium,q4_alto,2000,eminem,lose yourself from 8 mile soundtrack,11,11,True,0,Canciones Energeticas
116,europa (earth's cry heaven's smile),santana,blues rock,2007,75,67,30,-5,15,68,306,3,5,59,rendimiento_medio,q2_medio_bajo,2000,santana,europa earth s cry heaven s smile,4,4,True,0,Canciones Energeticas
117,feeling good,muse,modern rock,2001,109,42,35,-8,10,27,199,30,3,51,rendimiento_medio,q2_medio_bajo,2000,muse,feeling good,2,2,True,1,Baladas Acusticas
118,"harder, better, faster, stronger",daft punk,electro,2001,123,72,82,-9,36,69,225,4,14,71,rendimiento_medio,q3_medio_alto,2000,daft punk,harder better faster stronger,4,4,True,0,Canciones Energeticas
119,use somebody,kings of leon,modern rock,2008,137,72,28,-5,20,17,231,1,4,76,potencial_premium,q4_alto,2000,kings of leon,use somebody,3,3,True,0,Canciones Energeticas
120,sweet disposition,the temper trap,alternative dance,2009,129,82,53,-7,12,34,231,7,4,64,rendimiento_medio,q3_medio_alto,2000,the temper trap,sweet disposition,0,0,False,0,Canciones Energeticas
121,single ladies (put a ring on it),beyoncé,dance pop,2008,193,58,43,-5,19,27,193,4,30,70,rendimiento_medio,q3_medio_alto,2000,beyonc,single ladies put a ring on it,13,13,True,0,Canciones Energeticas
122,you're the voice,john farnham,australian pop,2008,85,76,37,-9,58,64,302,22,5,62,rendimiento_medio,q2_medio_bajo,2000,john farnham,you re the voice,0,0,False,0,Canciones Energeticas
123,voltooid verleden tijd,ios,dutch pop,2009,138,44,46,-9,10,15,294,66,3,39,zona_critica,q1_bajo,2000,ios,voltooid verleden tijd,0,0,False,1,Baladas Acusticas
124,eternal flame,the bangles,album rock,2004,79,36,53,-7,9,40,238,53,2,70,rendimiento_medio,q3_medio_alto,2000,the bangles,eternal flame,0,0,False,1,Baladas Acusticas
125,papa was a rolling stone,the temptations,adult standards,2001,120,60,85,-12,19,87,433,6,4,44,zona_critica,q1_bajo,2000,the temptations,papa was a rolling stone,3,3,True,0,Canciones Energeticas
126,crazy in love (feat. jay-z),beyoncé,dance pop,2003,99,77,65,-7,7,68,236,0,23,75,potencial_premium,q4_alto,2000,beyonc,crazy in love feat jay z,13,13,True,0,Canciones Energeticas
127,best of you,foo fighters,alternative metal,2005,130,94,37,-5,19,37,256,0,7,75,potencial_premium,q4_alto,2000,foo fighters,best of you,10,10,True,0,Canciones Energeticas
128,daughters,john mayer,neo mellow,2003,125,41,67,-8,10,50,238,84,3,68,rendimiento_medio,q3_medio_alto,2000,john mayer,daughters,6,6,True,1,Baladas Acusticas
129,de wedstrijd,bram vermeulen,belgian rock,2006,136,85,58,-6,79,58,302,53,5,42,zona_critica,q1_bajo,2000,bram vermeulen,de wedstrijd,0,0,False,0,Canciones Energeticas
130,papillon,editors,alternative dance,2009,126,95,51,-5,30,63,324,0,6,56,rendimiento_medio,q2_medio_bajo,2000,editors,papillon,0,0,False,0,Canciones Energeticas
131,sadeness,enigma,downtempo,2001,96,64,59,-10,9,49,256,9,3,58,rendimiento_medio,q2_medio_bajo,2000,enigma,sadeness,0,0,False,0,Canciones Energeticas
132,red mij niet - single edit,maarten van roozendaal,dutch indie,2001,119,38,52,-9,10,13,270,76,4,36,zona_critica,q1_bajo,2000,maarten van roozendaal,red mij niet single edit,0,0,False,1,Baladas Acusticas
133,love is a losing game,amy winehouse,british soul,2006,165,56,48,-6,18,54,154,32,3,67,rendimiento_medio,q3_medio_alto,2000,amy winehouse,love is a losing game,4,4,True,0,Canciones Energeticas
134,zij,marco borsato,dutch cabaret,2002,58,40,25,-9,9,11,245,45,4,52,rendimiento_medio,q2_medio_bajo,2000,marco borsato,zij,0,0,False,1,Baladas Acusticas
135,tribute,tenacious d,alternative metal,2001,94,77,37,-6,9,42,248,18,7,59,rendimiento_medio,q2_medio_bajo,2000,tenacious d,tribute,1,1,True,0,Canciones Energeticas
136,you know i'm no good,amy winehouse,british soul,2006,103,81,71,-4,7,73,257,1,3,74,potencial_premium,q4_alto,2000,amy winehouse,you know i m no good,4,4,True,0,Canciones Energeticas
137,talk,coldplay,permanent wave,2005,120,56,41,-11,16,16,311,1,3,63,rendimiento_medio,q3_medio_alto,2000,coldplay,talk,6,6,True,1,Baladas Acusticas
138,love is a battlefield,pat benatar,album rock,2001,91,63,67,-12,10,86,245,1,5,54,rendimiento_medio,q2_medio_bajo,2000,pat benatar,love is a battlefield,4,4,True,0,Canciones Energeticas
139,home,michael bublé,adult standards,2005,128,37,61,-9,11,35,226,84,3,64,rendimiento_medio,q3_medio_alto,2000,michael bubl,home,5,5,True,1,Baladas Acusticas
140,sonne,rammstein,alternative metal,2001,75,92,51,-5,40,31,272,1,9,60,rendimiento_medio,q2_medio_bajo,2000,rammstein,sonne,0,0,False,0,Canciones Energeticas
141,i gotta feeling,the black eyed peas,dance pop,2009,128,77,74,-6,51,61,289,9,3,69,rendimiento_medio,q3_medio_alto,2000,the black eyed peas,i gotta feeling,6,6,True,0,Canciones Energeticas
142,she sells sanctuary,the cult,album rock,2000,139,77,55,-9,13,42,253,0,3,63,rendimiento_medio,q3_medio_alto,2000,the cult,she sells sanctuary,0,0,False,0,Canciones Energeticas
143,alie,normaal,dutch rock,2008,93,77,52,-11,6,93,181,14,6,42,zona_critica,q1_bajo,2000,normaal,alie,0,0,False,0,Canciones Energeticas
144,red red wine,ub40,reggae fusion,2000,89,47,86,-9,27,84,184,0,5,74,potencial_premium,q4_alto,2000,ub40,red red wine,0,0,False,0,Canciones Energeticas
145,a little less conversation - jxl radio edit remix,elvis presley,adult standards,2002,115,97,60,-6,13,72,212,0,5,64,rendimiento_medio,q3_medio_alto,2000,elvis presley,a little less conversation jxl radio edit remix,3,3,True,0,Canciones Energeticas
146,love you more,racoon,dutch indie,2005,171,20,34,-11,11,30,197,76,3,43,zona_critica,q1_bajo,2000,racoon,love you more,0,0,False,1,Baladas Acusticas
147,old man,neil young,album rock,2004,141,30,71,-12,10,48,203,44,3,44,zona_critica,q1_bajo,2000,neil young,old man,0,0,False,1,Baladas Acusticas
148,zij maakt het verschil,de poema's,dutch pop,2003,173,55,34,-8,12,36,280,33,4,54,rendimiento_medio,q2_medio_bajo,2000,de poema s,zij maakt het verschil,0,0,False,1,Baladas Acusticas
149,i want to hold your hand - remastered 2015,the beatles,british invasion,2000,131,72,49,-6,31,87,146,39,5,75,potencial_premium,q4_alto,2000,the beatles,i want to hold your hand remastered 2015,8,8,True,0,Canciones Energeticas
150,black magic woman,santana,blues rock,2007,124,55,50,-7,9,63,196,68,3,62,rendimiento_medio,q2_medio_bajo,2000,santana,black magic woman,4,4,True,0,Canciones Energeticas
151,set the fire to the third bar,snow patrol,irish rock,2006,96,38,54,-7,8,39,204,52,3,49,zona_critica,q1_bajo,2000,snow patrol,set the fire to the third bar,0,0,False,1,Baladas Acusticas
152,ghost love score,nightwish,finnish metal,2004,101,78,44,-5,29,19,602,1,4,38,zona_critica,q1_bajo,2000,nightwish,ghost love score,0,0,False,0,Canciones Energeticas
153,going to a town,rufus wainwright,canadian pop,2007,124,46,56,-7,10,19,245,72,3,38,zona_critica,q1_bajo,2000,rufus wainwright,going to a town,0,0,False,1,Baladas Acusticas
154,is dit alles,doe maar,dutch cabaret,2008,121,41,83,-14,5,88,324,46,13,44,zona_critica,q1_bajo,2000,doe maar,is dit alles,0,0,False,1,Baladas Acusticas
155,a gentleman's excuse me,fish,album rock,2008,126,17,33,-14,32,19,259,86,4,44,zona_critica,q1_bajo,2000,fish,a gentleman s excuse me,0,0,False,1,Baladas Acusticas
156,god put a smile upon your face,coldplay,permanent wave,2002,127,56,61,-6,4,24,297,18,3,64,rendimiento_medio,q3_medio_alto,2000,coldplay,god put a smile upon your face,6,6,True,0,Canciones Energeticas
157,heartbreak warfare,john mayer,neo mellow,2009,97,55,62,-8,30,31,270,19,2,66,rendimiento_medio,q3_medio_alto,2000,john mayer,heartbreak warfare,6,6,True,0,Canciones Energeticas
158,sailing to philadelphia,mark knopfler,classic rock,2005,99,48,59,-10,9,15,353,64,2,39,zona_critica,q1_bajo,2000,mark knopfler,sailing to philadelphia,0,0,False,1,Baladas Acusticas
159,accidentally in love,counting crows,alternative rock,2004,138,93,55,-4,9,81,189,4,4,59,rendimiento_medio,q2_medio_bajo,2000,counting crows,accidentally in love,0,0,False,0,Canciones Energeticas
160,it's raining men,the weather girls,disco,2008,136,93,66,-6,70,46,212,46,16,58,rendimiento_medio,q2_medio_bajo,2000,the weather girls,it s raining men,0,0,False,0,Canciones Energeticas
161,one word,anouk,dutch indie,2004,92,57,62,-8,11,34,243,10,3,52,rendimiento_medio,q2_medio_bajo,2000,anouk,one word,0,0,False,0,Canciones Energeticas
162,goodnight saigon,billy joel,album rock,2001,129,39,59,-14,7,15,423,13,6,46,zona_critica,q1_bajo,2000,billy joel,goodnight saigon,4,4,True,1,Baladas Acusticas
163,moonlight shadow,mike oldfield,album rock,2009,129,72,61,-8,36,80,218,29,3,64,rendimiento_medio,q3_medio_alto,2000,mike oldfield,moonlight shadow,0,0,False,0,Canciones Energeticas
164,zing - vecht - huil - bid - lach - werk en bewonder,ramses shaffy,dutch cabaret,2006,130,32,53,-17,97,46,281,53,8,41,zona_critica,q1_bajo,2000,ramses shaffy,zing vecht huil bid lach werk en bewonder,0,0,False,1,Baladas Acusticas
165,uprising,muse,modern rock,2009,128,91,60,-4,12,41,305,0,8,76,potencial_premium,q4_alto,2000,muse,uprising,2,2,True,0,Canciones Energeticas
166,my immortal,evanescence,alternative metal,2003,79,27,19,-9,13,10,263,86,4,74,potencial_premium,q4_alto,2000,evanescence,my immortal,0,0,False,1,Baladas Acusticas
167,feel like flying,racoon,dutch indie,2005,98,69,67,-7,10,83,213,6,3,41,zona_critica,q1_bajo,2000,racoon,feel like flying,0,0,False,0,Canciones Energeticas
168,everything,michael bublé,adult standards,2007,123,69,69,-5,9,49,212,39,3,73,potencial_premium,q4_alto,2000,michael bubl,everything,5,5,True,0,Canciones Energeticas
169,hey there delilah,plain white t's,neo mellow,2005,104,29,66,-11,11,30,233,87,3,80,potencial_premium,q4_alto,2000,plain white t s,hey there delilah,0,0,False,1,Baladas Acusticas
170,speeltuin,marco borsato,dutch cabaret,2002,112,8,53,-16,11,31,135,92,5,50,rendimiento_medio,q2_medio_bajo,2000,marco borsato,speeltuin,0,0,False,1,Baladas Acusticas
171,"comptine d'un autre été, l'après-midi",yann tiersen,bow pop,2001,100,19,48,-15,11,6,141,99,5,56,rendimiento_medio,q2_medio_bajo,2000,yann tiersen,comptine d un autre t l apr s midi,0,0,False,1,Baladas Acusticas
172,sweet goodbyes,krezip,dutch indie,2009,110,33,63,-9,11,47,193,74,3,56,rendimiento_medio,q2_medio_bajo,2000,krezip,sweet goodbyes,0,0,False,1,Baladas Acusticas
173,the man who can't be moved,the script,celtic rock,2008,100,63,61,-5,10,33,241,43,3,64,rendimiento_medio,q3_medio_alto,2000,the script,the man who can t be moved,0,0,False,0,Canciones Energeticas
174,"free fallin' - live at the nokia theatre, los angeles, ca - december 2007",john mayer,neo mellow,2008,173,30,32,-13,70,44,264,77,3,75,potencial_premium,q4_alto,2000,john mayer,free fallin live at the nokia theatre los angeles ca december 2007,6,6,True,1,Baladas Acusticas
175,halo,beyoncé,dance pop,2008,80,72,51,-6,6,47,262,27,6,78,potencial_premium,q4_alto,2000,beyonc,halo,13,13,True,0,Canciones Energeticas
176,hollereer,de jeugd van tegenwoordig,dutch hip hop,2008,190,76,79,-7,10,49,346,3,24,46,zona_critica,q1_bajo,2000,de jeugd van tegenwoordig,hollereer,0,0,False,0,Canciones Energeticas
177,hier,bløf,dutch pop,2000,164,76,50,-8,14,58,248,0,3,40,zona_critica,q1_bajo,2000,bl f,hier,0,0,False,0,Canciones Energeticas
178,ice queen,within temptation,dutch metal,2003,92,57,26,-8,11,15,319,4,3,47,zona_critica,q1_bajo,2000,within temptation,ice queen,0,0,False,0,Canciones Energeticas
179,another 45 miles,golden earring,album rock,2008,91,59,56,-10,23,48,284,28,3,50,rendimiento_medio,q2_medio_bajo,2000,golden earring,another 45 miles,0,0,False,0,Canciones Energeticas
180,like a hurricane - 2003 remaster,neil young,album rock,2004,114,83,42,-5,16,61,501,1,4,49,zona_critica,q1_bajo,2000,neil young,like a hurricane 2003 remaster,0,0,False,0,Canciones Energeticas
181,father & friend,alain clark,dutch pop,2007,98,62,66,-9,7,66,256,51,3,35,zona_critica,q1_bajo,2000,alain clark,father friend,0,0,False,0,Canciones Energeticas
182,"(i've had) the time of my life - from ""dirty dancing"" soundtrack",bill medley,soft rock,2004,109,78,70,-8,6,39,289,9,5,70,rendimiento_medio,q3_medio_alto,2000,bill medley,i ve had the time of my life from dirty dancing soundtrack,0,0,False,0,Canciones Energeticas
183,the blower's daughter,damien rice,acoustic pop,2003,133,20,34,-14,34,7,287,13,3,56,rendimiento_medio,q2_medio_bajo,2000,damien rice,the blower s daughter,0,0,False,1,Baladas Acusticas
184,magnificent,u2,irish rock,2009,115,72,53,-6,11,59,324,0,3,44,zona_critica,q1_bajo,2000,u2,magnificent,18,18,True,0,Canciones Energeticas
185,virtual insanity - remastered,jamiroquai,acid jazz,2006,92,95,66,-5,14,52,229,13,11,69,rendimiento_medio,q3_medio_alto,2000,jamiroquai,virtual insanity remastered,1,1,True,0,Canciones Energeticas
186,belle hélène,doe maar,dutch cabaret,2008,138,56,74,-10,8,98,170,11,4,49,zona_critica,q1_bajo,2000,doe maar,belle h l ne,0,0,False,0,Canciones Energeticas
187,go with the flow,queens of the stone age,alternative metal,2002,159,99,24,-4,83,37,187,1,10,58,rendimiento_medio,q2_medio_bajo,2000,queens of the stone age,go with the flow,0,0,False,0,Canciones Energeticas
188,sound of the screameng day,golden earrings,dutch prog,2008,138,55,59,-8,29,50,171,0,3,26,zona_critica,q1_bajo,2000,golden earrings,sound of the screameng day,0,0,False,0,Canciones Energeticas
189,plug in baby,muse,modern rock,2001,136,97,41,-4,11,35,218,0,5,53,rendimiento_medio,q2_medio_bajo,2000,muse,plug in baby,2,2,True,0,Canciones Energeticas
190,heavy cross,gossip,alternative dance,2009,120,69,79,-4,14,22,243,8,3,59,rendimiento_medio,q2_medio_bajo,2000,gossip,heavy cross,0,0,False,0,Canciones Energeticas
191,nederwiet,doe maar,dutch cabaret,2008,131,71,78,-9,6,61,414,46,19,39,zona_critica,q1_bajo,2000,doe maar,nederwiet,0,0,False,0,Canciones Energeticas
192,heart of glass,blondie,candy pop,2006,115,70,73,-8,6,41,252,0,3,52,rendimiento_medio,q2_medio_bajo,2000,blondie,heart of glass,0,0,False,0,Canciones Energeticas
193,the real slim shady,eminem,detroit hip hop,2000,105,66,95,-4,5,76,284,3,6,80,potencial_premium,q4_alto,2000,eminem,the real slim shady,11,11,True,0,Canciones Energeticas
194,stuck in a moment you can't get out of,u2,irish rock,2000,159,64,52,-5,17,32,272,39,2,52,rendimiento_medio,q2_medio_bajo,2000,u2,stuck in a moment you can t get out of,18,18,True,0,Canciones Energeticas
195,tumble and fall,johan,dutch indie,2001,170,61,45,-7,9,48,209,2,3,36,zona_critica,q1_bajo,2000,johan,tumble and fall,0,0,False,0,Canciones Energeticas
196,les lacs du connemara,michel sardou,chanson,2004,112,59,30,-10,63,40,364,57,5,59,rendimiento_medio,q2_medio_bajo,2000,michel sardou,les lacs du connemara,0,0,False,1,Baladas Acusticas
197,hier kom ik weg,daniël lohues,dutch indie,2008,92,38,57,-10,13,53,208,85,3,39,zona_critica,q1_bajo,2000,dani l lohues,hier kom ik weg,0,0,False,1,Baladas Acusticas
198,starlight,muse,modern rock,2006,122,87,55,-4,21,32,240,0,3,73,potencial_premium,q4_alto,2000,muse,starlight,2,2,True,0,Canciones Energeticas
199,dakota,stereophonics,britpop,2005,147,93,51,-3,9,31,297,13,7,68,rendimiento_medio,q3_medio_alto,2000,stereophonics,dakota,0,0,False,0,Canciones Energeticas
200,time to say goodbye (con te partirò),sarah brightman,operatic pop,2006,105,44,29,-7,10,45,246,91,3,59,rendimiento_medio,q2_medio_bajo,2000,sarah brightman,time to say goodbye con te partir,0,0,False,1,Baladas Acusticas
201,green eyes,coldplay,permanent wave,2002,130,41,61,-9,23,23,223,54,3,63,rendimiento_medio,q3_medio_alto,2000,coldplay,green eyes,6,6,True,1,Baladas Acusticas
202,silence (feat. sarah mclachlan) - dj tiësto's in search of sunrise edit,delerium,trance,2004,138,85,60,-6,6,9,235,1,6,58,rendimiento_medio,q2_medio_bajo,2000,delerium,silence feat sarah mclachlan dj ti sto s in search of sunrise edit,0,0,False,0,Canciones Energeticas
203,de kapitein deel ii,acda en de munnik,dutch cabaret,2000,115,61,67,-11,11,67,181,41,3,51,rendimiento_medio,q2_medio_bajo,2000,acda en de munnik,de kapitein deel ii,0,0,False,0,Canciones Energeticas
204,supermassive black hole,muse,modern rock,2006,120,92,67,-4,9,78,212,5,4,73,potencial_premium,q4_alto,2000,muse,supermassive black hole,2,2,True,0,Canciones Energeticas
205,pak maar m'n hand,nick & simon,dutch pop,2007,166,57,32,-5,11,38,212,38,3,59,rendimiento_medio,q2_medio_bajo,2000,nick simon,pak maar m n hand,0,0,False,0,Canciones Energeticas
206,de bom,doe maar,dutch cabaret,2008,133,81,86,-8,12,85,161,31,4,49,zona_critica,q1_bajo,2000,doe maar,de bom,0,0,False,0,Canciones Energeticas
207,bombay,golden earring,album rock,2008,125,92,52,-7,2,73,234,2,5,34,zona_critica,q1_bajo,2000,golden earring,bombay,0,0,False,0,Canciones Energeticas
208,mary jane's last dance,tom petty and the heartbreakers,album rock,2008,170,66,46,-9,33,53,274,3,6,72,potencial_premium,q4_alto,2000,tom petty and the heartbreakers,mary jane s last dance,0,0,False,0,Canciones Energeticas
209,oerend hard,normaal,dutch rock,2008,127,66,66,-10,8,84,225,12,10,52,rendimiento_medio,q2_medio_bajo,2000,normaal,oerend hard,0,0,False,0,Canciones Energeticas
210,society,eddie vedder,permanent wave,2007,162,33,56,-11,11,30,236,90,3,67,rendimiento_medio,q3_medio_alto,2000,eddie vedder,society,0,0,False,1,Baladas Acusticas
211,white flag,dido,dance pop,2003,170,54,51,-7,9,28,241,31,4,54,rendimiento_medio,q2_medio_bajo,2000,dido,white flag,0,0,False,0,Canciones Energeticas
212,heaven must be missing an angel - pt. 1,tavares,adult standards,2004,117,75,61,-9,39,97,394,1,3,49,zona_critica,q1_bajo,2000,tavares,heaven must be missing an angel pt 1,0,0,False,0,Canciones Energeticas
213,wake me up when september ends,green day,modern rock,2004,105,81,55,-5,10,15,286,2,3,77,potencial_premium,q4_alto,2000,green day,wake me up when september ends,4,4,True,0,Canciones Energeticas
214,can't stop,red hot chili peppers,alternative rock,2002,91,94,62,-3,17,88,269,2,5,80,potencial_premium,q4_alto,2000,red hot chili peppers,can t stop,3,3,True,0,Canciones Energeticas
215,driving home for christmas,chris rea,art rock,2007,180,66,50,-9,21,89,240,33,4,80,potencial_premium,q4_alto,2000,chris rea,driving home for christmas,0,0,False,0,Canciones Energeticas
216,mutter,rammstein,alternative metal,2001,116,62,49,-7,13,8,269,2,3,51,rendimiento_medio,q2_medio_bajo,2000,rammstein,mutter,0,0,False,0,Canciones Energeticas
217,pa,doe maar,dutch cabaret,2008,129,59,93,-12,11,96,219,43,5,41,zona_critica,q1_bajo,2000,doe maar,pa,0,0,False,0,Canciones Energeticas
218,blauw,the scene,belgian rock,2007,135,75,51,-7,14,28,236,0,3,47,zona_critica,q1_bajo,2000,the scene,blauw,0,0,False,0,Canciones Energeticas
219,spicks and specks,bee gees,adult standards,2001,123,63,65,-7,28,71,172,78,3,47,zona_critica,q1_bajo,2000,bee gees,spicks and specks,2,2,True,0,Canciones Energeticas
220,stan,eminem,detroit hip hop,2000,80,77,78,-4,52,51,404,4,24,75,potencial_premium,q4_alto,2000,eminem,stan,11,11,True,0,Canciones Energeticas
221,beautiful,christina aguilera,dance pop,2002,76,57,46,-4,11,10,239,58,3,71,rendimiento_medio,q3_medio_alto,2000,christina aguilera,beautiful,2,2,True,1,Baladas Acusticas
222,gravity,john mayer,neo mellow,2006,124,33,76,-10,24,24,246,73,3,75,potencial_premium,q4_alto,2000,john mayer,gravity,6,6,True,1,Baladas Acusticas
223,leave the light on,beth hart,blues rock,2009,142,48,57,-6,10,16,244,26,3,32,zona_critica,q1_bajo,2000,beth hart,leave the light on,0,0,False,0,Canciones Energeticas
224,ruthless queen,kayak,dutch prog,2009,124,46,53,-10,20,22,291,8,3,32,zona_critica,q1_bajo,2000,kayak,ruthless queen,0,0,False,0,Canciones Energeticas
225,everlong - acoustic version,foo fighters,alternative metal,2009,144,34,64,-11,11,55,251,91,3,69,rendimiento_medio,q3_medio_alto,2000,foo fighters,everlong acoustic version,10,10,True,1,Baladas Acusticas
226,here without you,3 doors down,alternative metal,2002,144,55,54,-7,13,23,239,5,2,75,potencial_premium,q4_alto,2000,3 doors down,here without you,0,0,False,0,Canciones Energeticas
227,one,mary j. blige,dance pop,2005,186,87,34,-3,13,27,260,8,8,61,rendimiento_medio,q2_medio_bajo,2000,mary j blige,one,4,4,True,0,Canciones Energeticas
228,mijn houten hart,de poema's,dutch pop,2003,70,59,43,-6,9,25,259,46,3,45,zona_critica,q1_bajo,2000,de poema s,mijn houten hart,0,0,False,0,Canciones Energeticas
229,mad world (feat. michael andrews),gary jules,neo mellow,2002,174,6,35,-17,10,30,190,98,4,70,rendimiento_medio,q3_medio_alto,2000,gary jules,mad world feat michael andrews,0,0,False,1,Baladas Acusticas
230,sinds 1 dag of 2 (32 jaar),doe maar,dutch cabaret,2008,114,60,88,-11,14,96,201,28,4,53,rendimiento_medio,q2_medio_bajo,2000,doe maar,sinds 1 dag of 2 32 jaar,0,0,False,0,Canciones Energeticas
231,feeling good,michael bublé,adult standards,2005,115,55,54,-7,12,48,237,53,4,64,rendimiento_medio,q3_medio_alto,2000,michael bubl,feeling good,5,5,True,0,Canciones Energeticas
232,the wall street shuffle,10cc,album rock,2004,98,50,52,-11,11,66,242,16,3,46,zona_critica,q1_bajo,2000,10cc,the wall street shuffle,0,0,False,0,Canciones Energeticas
233,song 2,blur,alternative rock,2000,130,71,66,-7,7,86,122,0,9,64,rendimiento_medio,q3_medio_alto,2000,blur,song 2,0,0,False,0,Canciones Energeticas
234,i would stay,krezip,dutch indie,2000,95,26,47,-11,12,27,232,82,4,55,rendimiento_medio,q2_medio_bajo,2000,krezip,i would stay,0,0,False,1,Baladas Acusticas
235,piano man,billy joel,album rock,2001,179,47,33,-9,32,43,336,60,3,70,rendimiento_medio,q3_medio_alto,2000,billy joel,piano man,4,4,True,1,Baladas Acusticas
236,fireflies,owl city,pop,2009,180,66,51,-7,12,46,228,3,4,79,potencial_premium,q4_alto,2000,owl city,fireflies,0,0,False,0,Canciones Energeticas
237,lost,anouk,dutch indie,2004,90,25,52,-10,14,14,222,22,3,51,rendimiento_medio,q2_medio_bajo,2000,anouk,lost,0,0,False,1,Baladas Acusticas
238,woman,wolfmother,alternative rock,2006,113,95,22,-4,16,17,176,0,18,62,rendimiento_medio,q2_medio_bajo,2000,wolfmother,woman,1,1,True,0,Canciones Energeticas
239,where is the love?,the black eyed peas,dance pop,2003,94,70,83,-3,13,80,273,11,20,66,rendimiento_medio,q3_medio_alto,2000,the black eyed peas,where is the love,6,6,True,0,Canciones Energeticas
240,yellow,coldplay,permanent wave,2000,173,66,43,-7,23,28,267,0,3,82,potencial_premium,q4_alto,2000,coldplay,yellow,6,6,True,0,Canciones Energeticas
241,this is the life,amy macdonald,scottish singer-songwriter,2007,95,88,62,-5,7,86,184,27,3,41,zona_critica,q1_bajo,2000,amy macdonald,this is the life,0,0,False,0,Canciones Energeticas
242,wicked game,chris isaak,mellow gold,2006,113,55,67,-8,9,29,287,74,3,70,rendimiento_medio,q3_medio_alto,2000,chris isaak,wicked game,0,0,False,1,Baladas Acusticas
243,breakeven,the script,celtic rock,2008,94,70,63,-5,8,53,261,17,2,74,potencial_premium,q4_alto,2000,the script,breakeven,0,0,False,0,Canciones Energeticas
244,not an addict,k's choice,alternative pop,2009,169,65,26,-7,12,34,288,0,4,43,zona_critica,q1_bajo,2000,k s choice,not an addict,0,0,False,0,Canciones Energeticas
245,so incredible,ilse delange,dutch americana,2008,104,86,54,-6,72,75,177,11,3,54,rendimiento_medio,q2_medio_bajo,2000,ilse delange,so incredible,0,0,False,0,Canciones Energeticas
246,mr rock & roll,amy macdonald,scottish singer-songwriter,2007,111,87,60,-5,11,44,215,3,3,30,zona_critica,q1_bajo,2000,amy macdonald,mr rock roll,0,0,False,0,Canciones Energeticas
247,will you be there - single version,michael jackson,pop,2005,83,63,41,-7,8,44,220,51,7,53,rendimiento_medio,q2_medio_bajo,2000,michael jackson,will you be there single version,9,9,True,0,Canciones Energeticas
248,vlinder,rowwen hèze,carnaval limburg,2003,175,79,35,-5,38,80,231,16,4,33,zona_critica,q1_bajo,2000,rowwen h ze,vlinder,0,0,False,0,Canciones Energeticas
249,cambodia,kim wilde,dance pop,2006,111,57,70,-8,11,71,236,1,3,51,rendimiento_medio,q2_medio_bajo,2000,kim wilde,cambodia,0,0,False,0,Canciones Energeticas
250,back to black,amy winehouse,british soul,2006,123,73,49,-3,10,34,240,12,4,77,potencial_premium,q4_alto,2000,amy winehouse,back to black,4,4,True,0,Canciones Energeticas
251,dochters,marco borsato,dutch cabaret,2008,128,52,64,-10,11,36,270,57,3,57,rendimiento_medio,q2_medio_bajo,2000,marco borsato,dochters,0,0,False,1,Baladas Acusticas
252,hocus pocus,focus,album rock,2001,184,82,26,-6,28,40,403,2,15,53,rendimiento_medio,q2_medio_bajo,2000,focus,hocus pocus,0,0,False,0,Canciones Energeticas
253,mensch,herbert grönemeyer,german pop,2008,174,78,68,-6,8,87,270,3,8,47,zona_critica,q1_bajo,2000,herbert gr nemeyer,mensch,0,0,False,0,Canciones Energeticas
254,amsterdam,coldplay,permanent wave,2002,73,18,26,-10,12,11,319,84,3,57,rendimiento_medio,q2_medio_bajo,2000,coldplay,amsterdam,6,6,True,1,Baladas Acusticas
255,time is running out,muse,modern rock,2004,118,84,59,-6,9,43,237,0,6,69,rendimiento_medio,q3_medio_alto,2000,muse,time is running out,2,2,True,0,Canciones Energeticas
256,rain down on me,kane,dutch pop,2003,133,88,46,-3,11,33,247,0,6,47,zona_critica,q1_bajo,2000,kane,rain down on me,0,0,False,0,Canciones Energeticas
257,denis,blondie,candy pop,2006,139,77,53,-7,6,86,139,0,5,42,zona_critica,q1_bajo,2000,blondie,denis,0,0,False,0,Canciones Energeticas
258,hometown glory,adele,british soul,2008,123,34,45,-9,10,21,269,96,4,59,rendimiento_medio,q2_medio_bajo,2000,adele,hometown glory,11,11,True,1,Baladas Acusticas
259,live and let die - live,paul mccartney,album rock,2003,150,93,24,-3,97,23,185,36,8,60,rendimiento_medio,q2_medio_bajo,2000,paul mccartney,live and let die live,4,4,True,0,Canciones Energeticas
260,i still cry,ilse delange,dutch americana,2000,98,35,54,-9,13,16,274,32,3,30,zona_critica,q1_bajo,2000,ilse delange,i still cry,0,0,False,1,Baladas Acusticas
261,ren lenny ren,acda en de munnik,dutch cabaret,2002,110,87,51,-5,33,43,233,1,5,43,zona_critica,q1_bajo,2000,acda en de munnik,ren lenny ren,0,0,False,0,Canciones Energeticas
262,in my place,coldplay,permanent wave,2002,145,59,43,-5,30,19,227,6,3,70,rendimiento_medio,q3_medio_alto,2000,coldplay,in my place,6,6,True,0,Canciones Energeticas
263,numb,linkin park,alternative metal,2003,110,86,50,-4,64,24,186,0,4,81,potencial_premium,q4_alto,2000,linkin park,numb,1,1,True,0,Canciones Energeticas
264,slow dancing in a burning room,john mayer,neo mellow,2006,134,36,67,-9,8,29,242,57,3,76,potencial_premium,q4_alto,2000,john mayer,slow dancing in a burning room,6,6,True,1,Baladas Acusticas
265,empire state of mind,jay-z,east coast hip hop,2009,174,96,49,-2,46,81,277,3,39,77,potencial_premium,q4_alto,2000,jay z,empire state of mind,3,3,True,0,Canciones Energeticas
266,drops of jupiter,train,dance pop,2001,79,64,47,-6,15,50,260,15,3,77,potencial_premium,q4_alto,2000,train,drops of jupiter,1,1,True,0,Canciones Energeticas
267,omarm,bløf,dutch pop,2003,184,44,27,-9,10,8,252,41,3,46,zona_critica,q1_bajo,2000,bl f,omarm,0,0,False,1,Baladas Acusticas
268,(what a) wonderful world,sam cooke,adult standards,2000,129,51,69,-10,46,89,125,63,3,71,rendimiento_medio,q3_medio_alto,2000,sam cooke,what a wonderful world,1,1,True,0,Canciones Energeticas
269,teardrops,womack & womack,disco,2001,133,72,87,-10,18,97,229,9,5,61,rendimiento_medio,q2_medio_bajo,2000,womack womack,teardrops,0,0,False,0,Canciones Energeticas
270,the rising,bruce springsteen,classic rock,2002,110,76,50,-6,9,33,287,7,3,53,rendimiento_medio,q2_medio_bajo,2000,bruce springsteen,the rising,13,13,True,0,Canciones Energeticas
271,snow (hey oh),red hot chili peppers,alternative rock,2006,105,90,43,-4,12,60,335,12,5,80,potencial_premium,q4_alto,2000,red hot chili peppers,snow hey oh,3,3,True,0,Canciones Energeticas
272,i don't wanna hurt,anouk,dutch indie,2007,79,48,48,-7,10,22,213,60,3,46,zona_critica,q1_bajo,2000,anouk,i don t wanna hurt,0,0,False,1,Baladas Acusticas
273,ordinary people,john legend,neo mellow,2005,67,13,47,-14,9,36,281,93,8,69,rendimiento_medio,q3_medio_alto,2000,john legend,ordinary people,4,4,True,1,Baladas Acusticas
274,iedereen is van de wereld,the scene,belgian rock,2007,118,73,45,-7,29,38,228,0,4,50,rendimiento_medio,q2_medio_bajo,2000,the scene,iedereen is van de wereld,0,0,False,0,Canciones Energeticas
275,gold,spandau ballet,dance rock,2000,143,74,71,-8,10,64,231,26,4,66,rendimiento_medio,q3_medio_alto,2000,spandau ballet,gold,0,0,False,0,Canciones Energeticas
276,all night long (all night) - single version,lionel richie,adult standards,2003,109,58,74,-12,5,78,260,12,5,64,rendimiento_medio,q3_medio_alto,2000,lionel richie,all night long all night single version,2,2,True,0,Canciones Energeticas
277,can't stop loving you - 2016 remaster,phil collins,mellow gold,2002,100,78,60,-6,11,42,256,1,3,62,rendimiento_medio,q2_medio_bajo,2000,phil collins,can t stop loving you 2016 remaster,5,5,True,0,Canciones Energeticas
278,city of blinding lights,u2,irish rock,2004,139,77,44,-4,11,20,346,0,3,60,rendimiento_medio,q2_medio_bajo,2000,u2,city of blinding lights,18,18,True,0,Canciones Energeticas
279,munich,editors,alternative dance,2005,149,88,18,-4,32,39,226,0,5,61,rendimiento_medio,q2_medio_bajo,2000,editors,munich,0,0,False,0,Canciones Energeticas
280,hey ya!,outkast,atl hip hop,2003,80,97,73,-2,18,97,235,10,7,79,potencial_premium,q4_alto,2000,outkast,hey ya,5,5,True,0,Canciones Energeticas
281,there must be an angel (playing with my heart),eurythmics,dance pop,2005,112,78,58,-5,8,60,281,28,4,40,zona_critica,q1_bajo,2000,eurythmics,there must be an angel playing with my heart,0,0,False,0,Canciones Energeticas
282,laat me / vivre - lange versie,alderliefste met ramses shaffy en liesbeth list,dutch pop,2005,81,41,66,-9,16,37,386,60,3,43,zona_critica,q1_bajo,2000,alderliefste met ramses shaffy en liesbeth list,laat me vivre lange versie,0,0,False,1,Baladas Acusticas
283,watskeburt?!,de jeugd van tegenwoordig,dutch hip hop,2008,130,49,95,-8,23,59,376,1,23,55,rendimiento_medio,q2_medio_bajo,2000,de jeugd van tegenwoordig,watskeburt,0,0,False,0,Canciones Energeticas
284,feel,robbie williams,dance pop,2002,98,73,60,-7,14,29,264,1,3,72,potencial_premium,q4_alto,2000,robbie williams,feel,0,0,False,0,Canciones Energeticas
285,lady jane - (original single mono version),the rolling stones,album rock,2004,205,47,38,-12,9,31,190,34,5,34,zona_critica,q1_bajo,2000,the rolling stones,lady jane original single mono version,3,3,True,1,Baladas Acusticas
286,la isla bonita,madonna,dance pop,2009,100,83,71,-5,6,97,243,39,4,66,rendimiento_medio,q3_medio_alto,2000,madonna,la isla bonita,6,6,True,0,Canciones Energeticas
287,go like elijah,chi coltrane,alternative pop rock,2009,134,88,63,-5,17,49,242,4,4,40,zona_critica,q1_bajo,2000,chi coltrane,go like elijah,0,0,False,0,Canciones Energeticas
288,chop suey!,system of a down,alternative metal,2001,127,93,42,-4,13,29,210,0,12,80,potencial_premium,q4_alto,2000,system of a down,chop suey,1,1,True,0,Canciones Energeticas
289,sorry - (live in tivoli),kyteman,dutch indie,2009,68,47,35,-9,66,20,150,94,4,47,zona_critica,q1_bajo,2000,kyteman,sorry live in tivoli,0,0,False,1,Baladas Acusticas
290,black or white - single version,michael jackson,pop,2005,115,89,74,-4,9,96,203,8,5,64,rendimiento_medio,q3_medio_alto,2000,michael jackson,black or white single version,9,9,True,0,Canciones Energeticas
291,shut your eyes,snow patrol,irish rock,2006,125,74,69,-6,8,84,197,15,3,42,zona_critica,q1_bajo,2000,snow patrol,shut your eyes,0,0,False,0,Canciones Energeticas
292,ironic,alanis morissette,alternative rock,2005,171,64,46,-6,19,29,229,25,6,62,rendimiento_medio,q2_medio_bajo,2000,alanis morissette,ironic,5,5,True,0,Canciones Energeticas
293,i bet you look good on the dancefloor,arctic monkeys,garage rock,2006,103,95,54,-4,38,78,174,0,4,58,rendimiento_medio,q2_medio_bajo,2000,arctic monkeys,i bet you look good on the dancefloor,0,0,False,0,Canciones Energeticas
294,hurt,johnny cash,arkansas country,2002,90,39,53,-8,9,16,217,65,3,75,potencial_premium,q4_alto,2000,johnny cash,hurt,8,8,True,1,Baladas Acusticas
295,vogue,madonna,dance pop,2009,116,88,74,-6,42,33,317,0,4,66,rendimiento_medio,q3_medio_alto,2000,madonna,vogue,6,6,True,0,Canciones Energeticas
296,if i were a boy,beyoncé,dance pop,2008,90,52,63,-6,35,43,249,11,3,68,rendimiento_medio,q3_medio_alto,2000,beyonc,if i were a boy,13,13,True,0,Canciones Energeticas
297,dyna-mite,mud,classic uk pop,2005,141,92,58,-5,20,77,177,0,6,40,zona_critica,q1_bajo,2000,mud,dyna mite,0,0,False,0,Canciones Energeticas
298,une belle histoire (een mooi verhaal),alderliefste,dutch pop,2008,87,68,57,-8,18,67,268,36,3,38,zona_critica,q1_bajo,2000,alderliefste,une belle histoire een mooi verhaal,0,0,False,0,Canciones Energeticas
299,sandstorm - radio edit,darude,eurodance,2007,136,98,54,-8,8,52,225,17,5,61,rendimiento_medio,q2_medio_bajo,2000,darude,sandstorm radio edit,0,0,False,0,Canciones Energeticas
300,right next door (because of me),robert cray,blues,2002,87,65,61,-8,5,79,259,23,5,52,rendimiento_medio,q2_medio_bajo,2000,robert cray,right next door because of me,0,0,False,0,Canciones Energeticas
301,hald mich 's vas,neet oét lottum,carnaval limburg,2004,179,54,29,-8,12,16,251,29,4,39,zona_critica,q1_bajo,2000,neet o t lottum,hald mich s vas,0,0,False,1,Baladas Acusticas
302,like a prayer,madonna,dance pop,2009,111,84,62,-5,18,26,343,26,4,71,rendimiento_medio,q3_medio_alto,2000,madonna,like a prayer,6,6,True,0,Canciones Energeticas
303,rockin' all over the world,status quo,album rock,2005,131,96,62,-5,51,97,217,13,4,47,zona_critica,q1_bajo,2000,status quo,rockin all over the world,0,0,False,0,Canciones Energeticas
304,blue hotel,chris isaak,mellow gold,2006,149,81,52,-4,12,53,192,0,3,42,zona_critica,q1_bajo,2000,chris isaak,blue hotel,0,0,False,0,Canciones Energeticas
305,dear mr. president,p!nk,dance pop,2009,128,30,48,-9,11,30,281,85,4,43,zona_critica,q1_bajo,2000,p nk,dear mr president,0,0,False,1,Baladas Acusticas
306,stiekem gedanst,toontje lager,dutch rock,2008,96,63,66,-10,60,84,215,21,6,53,rendimiento_medio,q2_medio_bajo,2000,toontje lager,stiekem gedanst,0,0,False,0,Canciones Energeticas
307,human,the killers,modern rock,2008,135,80,56,-8,9,58,245,0,6,73,potencial_premium,q4_alto,2000,the killers,human,0,0,False,0,Canciones Energeticas
308,lady madonna - remastered 2015,the beatles,british invasion,2000,110,78,65,-5,22,57,137,14,3,63,rendimiento_medio,q3_medio_alto,2000,the beatles,lady madonna remastered 2015,8,8,True,0,Canciones Energeticas
309,both sides now,joni mitchell,canadian folk,2000,78,14,26,-14,10,14,345,87,3,65,rendimiento_medio,q3_medio_alto,2000,joni mitchell,both sides now,4,4,True,1,Baladas Acusticas
310,god is a dj,faithless,big beat,2005,131,90,61,-7,17,39,209,18,4,57,rendimiento_medio,q2_medio_bajo,2000,faithless,god is a dj,0,0,False,0,Canciones Energeticas
311,viva la vida,coldplay,permanent wave,2008,138,62,49,-7,11,42,242,9,3,78,potencial_premium,q4_alto,2000,coldplay,viva la vida,6,6,True,0,Canciones Energeticas
312,kids,mgmt,alternative dance,2007,123,93,45,-4,36,17,303,0,7,76,potencial_premium,q4_alto,2000,mgmt,kids,0,0,False,0,Canciones Energeticas
313,bend & break,keane,modern rock,2004,138,84,47,-4,16,48,220,0,3,43,zona_critica,q1_bajo,2000,keane,bend break,0,0,False,0,Canciones Energeticas
314,we can work it out - remastered 2015,the beatles,british invasion,2000,106,68,38,-9,18,65,136,6,3,63,rendimiento_medio,q3_medio_alto,2000,the beatles,we can work it out remastered 2015,8,8,True,0,Canciones Energeticas
315,sing for absolution,muse,modern rock,2004,170,68,44,-7,9,19,295,46,3,57,rendimiento_medio,q2_medio_bajo,2000,muse,sing for absolution,2,2,True,0,Canciones Energeticas
316,superstition - single version,stevie wonder,adult standards,2002,100,63,63,-12,4,87,245,4,7,77,potencial_premium,q4_alto,2000,stevie wonder,superstition single version,13,13,True,0,Canciones Energeticas
317,vertigo,u2,irish rock,2004,140,82,42,-4,15,63,194,0,6,65,rendimiento_medio,q3_medio_alto,2000,u2,vertigo,18,18,True,0,Canciones Energeticas
318,by the way,red hot chili peppers,alternative rock,2002,122,97,45,-5,10,20,217,3,11,74,potencial_premium,q4_alto,2000,red hot chili peppers,by the way,3,3,True,0,Canciones Energeticas
319,hey jude,the beatles,british invasion,2006,74,63,46,-7,40,59,239,9,2,63,rendimiento_medio,q3_medio_alto,2000,the beatles,hey jude,8,8,True,0,Canciones Energeticas
320,november,rowwen hèze,carnaval limburg,2005,186,40,32,-9,22,23,296,63,4,35,zona_critica,q1_bajo,2000,rowwen h ze,november,0,0,False,1,Baladas Acusticas
321,geef mij je angst,guus meeuwis,dutch pop,2006,81,56,37,-11,97,42,224,75,5,54,rendimiento_medio,q2_medio_bajo,2000,guus meeuwis,geef mij je angst,0,0,False,1,Baladas Acusticas
322,stuck in the middle with you,stealers wheel,classic rock,2009,124,56,80,-10,6,96,204,9,4,72,potencial_premium,q4_alto,2000,stealers wheel,stuck in the middle with you,0,0,False,0,Canciones Energeticas
323,het regent zonnestralen,acda en de munnik,dutch cabaret,2005,108,75,62,-6,11,83,226,41,3,57,rendimiento_medio,q2_medio_bajo,2000,acda en de munnik,het regent zonnestralen,0,0,False,0,Canciones Energeticas
324,violet hill,coldplay,permanent wave,2008,76,58,35,-8,12,11,223,6,4,61,rendimiento_medio,q2_medio_bajo,2000,coldplay,violet hill,6,6,True,0,Canciones Energeticas
325,dog days are over,florence + the machine,art pop,2009,150,81,49,-5,12,25,252,4,8,69,rendimiento_medio,q3_medio_alto,2000,florence the machine,dog days are over,0,0,False,0,Canciones Energeticas
326,beautiful day,u2,irish rock,2000,136,93,54,-6,36,45,246,1,5,63,rendimiento_medio,q3_medio_alto,2000,u2,beautiful day,18,18,True,0,Canciones Energeticas
327,major tom,peter schilling,german pop,2005,164,54,78,-6,22,68,274,3,6,48,zona_critica,q1_bajo,2000,peter schilling,major tom,0,0,False,0,Canciones Energeticas
328,an end has a start,editors,alternative dance,2007,150,92,35,-2,34,54,226,0,5,53,rendimiento_medio,q2_medio_bajo,2000,editors,an end has a start,0,0,False,0,Canciones Energeticas
329,lost!,coldplay,permanent wave,2008,87,78,36,-8,38,58,236,1,4,53,rendimiento_medio,q2_medio_bajo,2000,coldplay,lost,6,6,True,0,Canciones Energeticas
330,what it is,mark knopfler,classic rock,2000,122,67,63,-7,28,48,298,64,3,43,zona_critica,q1_bajo,2000,mark knopfler,what it is,0,0,False,0,Canciones Energeticas
331,blue monday - 2016 remaster,new order,alternative rock,2005,130,70,79,-10,8,86,451,0,6,73,potencial_premium,q4_alto,2000,new order,blue monday 2016 remaster,0,0,False,0,Canciones Energeticas
332,behind blue eyes,limp bizkit,alternative metal,2003,120,49,60,-7,12,9,270,50,3,72,potencial_premium,q4_alto,2000,limp bizkit,behind blue eyes,0,0,False,1,Baladas Acusticas
333,rehab,amy winehouse,british soul,2006,72,87,43,-3,40,73,214,5,7,74,potencial_premium,q4_alto,2000,amy winehouse,rehab,4,4,True,0,Canciones Energeticas
334,bird of paradise,snowy white,blues rock,2003,144,44,47,-11,32,31,281,60,4,52,rendimiento_medio,q2_medio_bajo,2000,snowy white,bird of paradise,0,0,False,1,Baladas Acusticas
335,i'm yours,jason mraz,acoustic pop,2008,151,46,69,-8,11,72,242,60,5,82,potencial_premium,q4_alto,2000,jason mraz,i m yours,1,1,True,0,Canciones Energeticas
336,onderweg,abel,dutch rock,2000,98,68,62,-6,8,41,190,35,2,59,rendimiento_medio,q2_medio_bajo,2000,abel,onderweg,0,0,False,0,Canciones Energeticas
337,mr. bojangles - single version,sammy davis jr.,adult standards,2002,117,18,54,-13,11,13,343,75,5,56,rendimiento_medio,q2_medio_bajo,2000,sammy davis jr,mr bojangles single version,0,0,False,1,Baladas Acusticas
338,unwritten,natasha bedingfield,dance pop,2004,100,80,71,-6,8,63,259,1,4,76,potencial_premium,q4_alto,2000,natasha bedingfield,unwritten,0,0,False,0,Canciones Energeticas
339,resistance,muse,modern rock,2009,135,77,47,-7,11,9,347,6,5,63,rendimiento_medio,q3_medio_alto,2000,muse,resistance,2,2,True,0,Canciones Energeticas
340,bedshaped,keane,modern rock,2004,75,41,33,-7,10,7,276,61,3,41,zona_critica,q1_bajo,2000,keane,bedshaped,0,0,False,1,Baladas Acusticas
341,mia,gorki,belgian rock,2002,114,30,70,-17,10,23,332,4,3,52,rendimiento_medio,q2_medio_bajo,2000,gorki,mia,0,0,False,1,Baladas Acusticas
342,you oughta know,alanis morissette,alternative rock,2005,105,86,64,-7,87,47,250,23,7,52,rendimiento_medio,q2_medio_bajo,2000,alanis morissette,you oughta know,5,5,True,0,Canciones Energeticas
343,overcome,live,alternative metal,2001,146,40,38,-7,10,19,256,78,3,49,zona_critica,q1_bajo,2000,live,overcome,0,0,False,1,Baladas Acusticas
344,stand my ground,within temptation,dutch metal,2004,88,87,25,-4,12,13,268,5,5,56,rendimiento_medio,q2_medio_bajo,2000,within temptation,stand my ground,0,0,False,0,Canciones Energeticas
345,chasing cars,snow patrol,irish rock,2006,104,59,56,-5,13,14,268,21,3,78,potencial_premium,q4_alto,2000,snow patrol,chasing cars,0,0,False,0,Canciones Energeticas
346,dani california,red hot chili peppers,alternative rock,2006,96,91,56,-2,35,73,282,2,4,76,potencial_premium,q4_alto,2000,red hot chili peppers,dani california,3,3,True,0,Canciones Energeticas
347,unfinished sympathy,massive attack,big beat,2006,114,89,59,-6,51,70,312,1,3,53,rendimiento_medio,q2_medio_bajo,2000,massive attack,unfinished sympathy,0,0,False,0,Canciones Energeticas
348,nine million bicycles,katie melua,uk pop,2005,82,25,53,-16,12,34,197,52,3,61,rendimiento_medio,q2_medio_bajo,2000,katie melua,nine million bicycles,0,0,False,1,Baladas Acusticas
349,you're beautiful,james blunt,neo mellow,2005,82,48,68,-10,9,45,209,63,3,76,potencial_premium,q4_alto,2000,james blunt,you re beautiful,0,0,False,1,Baladas Acusticas
350,it's my life,bon jovi,glam metal,2000,120,91,55,-4,35,54,224,3,5,77,potencial_premium,q4_alto,2000,bon jovi,it s my life,0,0,False,0,Canciones Energeticas
351,politik,coldplay,permanent wave,2002,171,48,26,-8,11,7,319,4,3,62,rendimiento_medio,q2_medio_bajo,2000,coldplay,politik,6,6,True,1,Baladas Acusticas
352,mooie dag,bløf,dutch pop,2002,85,58,50,-11,14,30,279,11,3,40,zona_critica,q1_bajo,2000,bl f,mooie dag,0,0,False,0,Canciones Energeticas
353,in nije dei,de kast,dutch pop,2004,130,49,41,-9,96,15,296,51,3,38,zona_critica,q1_bajo,2000,de kast,in nije dei,0,0,False,1,Baladas Acusticas
354,sex on fire,kings of leon,modern rock,2008,153,91,54,-6,14,37,203,0,5,79,potencial_premium,q4_alto,2000,kings of leon,sex on fire,3,3,True,0,Canciones Energeticas
355,hallelujah,lisa lois,dutch pop,2009,182,24,19,-13,11,11,226,24,3,49,zona_critica,q1_bajo,2000,lisa lois,hallelujah,0,0,False,1,Baladas Acusticas
356,somewhere only we know,keane,modern rock,2004,172,66,45,-4,8,37,236,8,3,67,rendimiento_medio,q3_medio_alto,2000,keane,somewhere only we know,0,0,False,0,Canciones Energeticas
357,sunrise,simply red,british soul,2004,106,73,79,-5,10,94,200,0,3,55,rendimiento_medio,q2_medio_bajo,2000,simply red,sunrise,0,0,False,0,Canciones Energeticas
358,how you remind me,nickelback,alternative metal,2001,172,76,45,-5,10,54,224,0,3,78,potencial_premium,q4_alto,2000,nickelback,how you remind me,0,0,False,0,Canciones Energeticas
359,when you say nothing at all,ronan keating,dance pop,2000,174,45,46,-11,8,42,257,16,3,74,potencial_premium,q4_alto,2000,ronan keating,when you say nothing at all,0,0,False,1,Baladas Acusticas
360,hard sun,eddie vedder,permanent wave,2007,143,83,44,-7,32,65,322,5,3,66,rendimiento_medio,q3_medio_alto,2000,eddie vedder,hard sun,0,0,False,0,Canciones Energeticas
361,belfast child,simple minds,art rock,2008,81,39,14,-13,10,30,404,30,5,43,zona_critica,q1_bajo,2000,simple minds,belfast child,0,0,False,1,Baladas Acusticas
362,feel good inc.,gorillaz,alternative hip hop,2005,139,71,82,-7,61,77,223,1,18,80,potencial_premium,q4_alto,2000,gorillaz,feel good inc,0,0,False,0,Canciones Energeticas
363,alles is liefde,bløf,dutch pop,2007,144,77,51,-6,17,57,210,0,4,36,zona_critica,q1_bajo,2000,bl f,alles is liefde,0,0,False,0,Canciones Energeticas
364,jerusalem,anouk,dutch indie,2004,132,84,61,-7,8,54,236,0,4,40,zona_critica,q1_bajo,2000,anouk,jerusalem,0,0,False,0,Canciones Energeticas
365,mr bojangles,robbie williams,dance pop,2001,137,33,51,-11,18,27,198,72,11,58,rendimiento_medio,q2_medio_bajo,2000,robbie williams,mr bojangles,0,0,False,1,Baladas Acusticas
366,tranen gelachen,guus meeuwis,dutch pop,2007,186,54,30,-8,12,54,203,16,4,50,rendimiento_medio,q2_medio_bajo,2000,guus meeuwis,tranen gelachen,0,0,False,0,Canciones Energeticas
367,when the sun goes down,arctic monkeys,garage rock,2006,169,88,35,-5,12,41,202,3,20,57,rendimiento_medio,q2_medio_bajo,2000,arctic monkeys,when the sun goes down,0,0,False,0,Canciones Energeticas
368,frozen,madonna,dance pop,2009,108,74,59,-8,18,29,379,51,3,55,rendimiento_medio,q2_medio_bajo,2000,madonna,frozen,6,6,True,0,Canciones Energeticas
369,the racing rats,editors,alternative dance,2007,153,84,32,-4,8,22,258,0,5,43,zona_critica,q1_bajo,2000,editors,the racing rats,0,0,False,0,Canciones Energeticas
370,poker face,lady gaga,dance pop,2008,119,81,85,-5,12,78,237,12,8,69,rendimiento_medio,q3_medio_alto,2000,lady gaga,poker face,6,6,True,0,Canciones Energeticas
371,life in technicolor ii,coldplay,permanent wave,2008,131,91,47,-7,25,29,245,0,4,47,zona_critica,q1_bajo,2000,coldplay,life in technicolor ii,6,6,True,0,Canciones Energeticas
372,one,johnny cash,arkansas country,2000,94,50,51,-8,39,42,232,61,3,47,zona_critica,q1_bajo,2000,johnny cash,one,8,8,True,1,Baladas Acusticas
373,ruby,kaiser chiefs,alternative rock,2007,93,93,44,-3,8,40,203,1,5,62,rendimiento_medio,q2_medio_bajo,2000,kaiser chiefs,ruby,0,0,False,0,Canciones Energeticas
374,het land van,lange frans,dutch hip hop,2005,83,53,66,-9,14,61,230,89,17,49,zona_critica,q1_bajo,2000,lange frans,het land van,0,0,False,1,Baladas Acusticas
375,bad romance,lady gaga,dance pop,2009,119,92,70,-4,8,71,295,0,4,79,potencial_premium,q4_alto,2000,lady gaga,bad romance,6,6,True,0,Canciones Energeticas
376,elevation,u2,irish rock,2000,110,80,58,-8,5,42,226,0,4,49,zona_critica,q1_bajo,2000,u2,elevation,18,18,True,0,Canciones Energeticas
377,trouble,coldplay,permanent wave,2000,140,55,56,-7,17,19,273,19,3,71,rendimiento_medio,q3_medio_alto,2000,coldplay,trouble,6,6,True,0,Canciones Energeticas
378,de peel in brand,rowwen hèze,carnaval limburg,2005,199,36,28,-13,14,33,205,61,4,33,zona_critica,q1_bajo,2000,rowwen h ze,de peel in brand,0,0,False,1,Baladas Acusticas
379,black betty,ram jam,album rock,2005,117,73,49,-9,16,83,236,0,9,61,rendimiento_medio,q2_medio_bajo,2000,ram jam,black betty,0,0,False,0,Canciones Energeticas
380,wrong,novastar,belgian rock,2000,90,66,54,-8,55,49,214,14,4,48,zona_critica,q1_bajo,2000,novastar,wrong,0,0,False,0,Canciones Energeticas
381,never be clever,herman brood & his wild romance,dutch indie,2001,138,89,56,-5,32,96,183,54,4,41,zona_critica,q1_bajo,2000,herman brood his wild romance,never be clever,0,0,False,0,Canciones Energeticas
382,undisclosed desires,muse,modern rock,2009,116,59,68,-7,8,64,235,1,3,65,rendimiento_medio,q3_medio_alto,2000,muse,undisclosed desires,2,2,True,0,Canciones Energeticas
383,auto vliegtuug,rowwen hèze,carnaval limburg,2005,96,52,32,-7,16,25,238,48,2,34,zona_critica,q1_bajo,2000,rowwen h ze,auto vliegtuug,0,0,False,1,Baladas Acusticas
384,meer dan een ander,van dik hout,dutch cabaret,2009,94,18,56,-13,7,25,223,81,3,34,zona_critica,q1_bajo,2000,van dik hout,meer dan een ander,0,0,False,1,Baladas Acusticas
385,brabant,guus meeuwis,dutch pop,2002,82,47,41,-7,10,39,210,56,3,61,rendimiento_medio,q2_medio_bajo,2000,guus meeuwis,brabant,0,0,False,1,Baladas Acusticas
386,mother earth,within temptation,dutch metal,2003,105,59,43,-6,24,15,330,2,3,45,zona_critica,q1_bajo,2000,within temptation,mother earth,0,0,False,0,Canciones Energeticas
387,one more time,daft punk,electro,2001,123,70,61,-9,33,48,320,2,13,75,potencial_premium,q4_alto,2000,daft punk,one more time,4,4,True,0,Canciones Energeticas
388,(you're the) devil in disguise,elvis presley,adult standards,2002,123,73,48,-8,11,87,140,57,17,65,rendimiento_medio,q3_medio_alto,2000,elvis presley,you re the devil in disguise,3,3,True,0,Canciones Energeticas
389,true - single edit,spandau ballet,dance rock,2008,97,55,74,-9,6,35,328,51,3,72,potencial_premium,q4_alto,2000,spandau ballet,true single edit,0,0,False,0,Canciones Energeticas
390,make it wit chu,queens of the stone age,alternative metal,2007,92,81,70,-5,13,58,290,36,3,59,rendimiento_medio,q2_medio_bajo,2000,queens of the stone age,make it wit chu,0,0,False,0,Canciones Energeticas
391,bring me to life,evanescence,alternative metal,2003,95,94,33,-3,24,30,236,1,7,78,potencial_premium,q4_alto,2000,evanescence,bring me to life,0,0,False,0,Canciones Energeticas
392,clocks,coldplay,permanent wave,2002,131,75,58,-7,18,26,308,60,3,76,potencial_premium,q4_alto,2000,coldplay,clocks,6,6,True,0,Canciones Energeticas
393,farewell to the fairground,white lies,alternative dance,2009,118,77,53,-5,12,30,257,0,4,54,rendimiento_medio,q2_medio_bajo,2000,white lies,farewell to the fairground,0,0,False,0,Canciones Energeticas
394,bliss,muse,modern rock,2001,128,80,45,-9,11,25,251,0,5,46,zona_critica,q1_bajo,2000,muse,bliss,2,2,True,0,Canciones Energeticas
395,kijk omhoog,nick & simon,dutch pop,2007,166,56,41,-5,19,47,176,5,3,48,zona_critica,q1_bajo,2000,nick simon,kijk omhoog,0,0,False,0,Canciones Energeticas
396,9 crimes,damien rice,acoustic pop,2006,74,17,33,-13,9,10,219,91,3,57,rendimiento_medio,q2_medio_bajo,2000,damien rice,9 crimes,0,0,False,1,Baladas Acusticas
397,working on a dream,bruce springsteen,classic rock,2009,110,77,56,-7,22,71,209,0,3,48,zona_critica,q1_bajo,2000,bruce springsteen,working on a dream,13,13,True,0,Canciones Energeticas
398,nutbush city limits,ike & tina turner,brill building pop,2008,77,89,69,-6,3,91,182,9,3,56,rendimiento_medio,q2_medio_bajo,2000,ike tina turner,nutbush city limits,1,1,True,0,Canciones Energeticas
399,do they know it's christmas? - 1984 version,band aid,electro,2004,115,64,60,-7,10,35,223,16,4,84,potencial_premium,q4_alto,2000,band aid,do they know it s christmas 1984 version,0,0,False,0,Canciones Energeticas
400,changes,2pac,g funk,2007,111,66,87,-7,14,32,269,4,8,72,potencial_premium,q4_alto,2000,2pac,changes,0,0,False,0,Canciones Energeticas
401,mag ik dan bij jou,claudia de breij,dutch cabaret,2010,132,29,54,-10,71,19,206,97,3,53,rendimiento_medio,q2_medio_bajo,2010,claudia de breij,mag ik dan bij jou,0,0,False,1,Baladas Acusticas
402,sterrenstof,de jeugd van tegenwoordig,dutch hip hop,2010,97,79,71,-4,20,90,221,32,11,48,zona_critica,q1_bajo,2010,de jeugd van tegenwoordig,sterrenstof,0,0,False,0,Canciones Energeticas
403,love will tear us apart - 2010 remaster,joy division,alternative rock,2010,147,90,53,-9,14,91,205,0,4,64,rendimiento_medio,q3_medio_alto,2010,joy division,love will tear us apart 2010 remaster,0,0,False,0,Canciones Energeticas
404,mag het licht uit,de dijk,dutch indie,2010,113,42,74,-10,10,58,259,36,3,43,zona_critica,q1_bajo,2010,de dijk,mag het licht uit,0,0,False,0,Canciones Energeticas
405,why tell me why,anita meyer,dutch pop,2010,112,77,65,-6,59,38,214,23,6,54,rendimiento_medio,q2_medio_bajo,2010,anita meyer,why tell me why,0,0,False,0,Canciones Energeticas
406,wonderful days,charly lownoise,happy hardcore,2010,174,92,55,-11,99,11,332,1,7,37,zona_critica,q1_bajo,2010,charly lownoise,wonderful days,0,0,False,0,Canciones Energeticas
407,dat komt door jou,guus meeuwis,dutch pop,2010,134,53,59,-10,12,31,287,38,4,57,rendimiento_medio,q2_medio_bajo,2010,guus meeuwis,dat komt door jou,0,0,False,1,Baladas Acusticas
408,don't give up the fight,racoon,dutch indie,2010,91,30,28,-13,12,26,210,88,3,27,zona_critica,q1_bajo,2010,racoon,don t give up the fight,0,0,False,1,Baladas Acusticas
409,i follow rivers - live @ giel!,triggerfinger,belgian rock,2010,110,41,67,-9,3,71,214,15,6,42,zona_critica,q1_bajo,2010,triggerfinger,i follow rivers live giel,0,0,False,0,Canciones Energeticas
410,liverpool rain,racoon,dutch indie,2010,183,50,45,-7,11,21,266,25,3,26,zona_critica,q1_bajo,2010,racoon,liverpool rain,0,0,False,0,Canciones Energeticas
411,no mercy,racoon,dutch indie,2010,104,57,77,-6,11,61,165,9,3,36,zona_critica,q1_bajo,2010,racoon,no mercy,0,0,False,0,Canciones Energeticas
412,peter gunn theme,"emerson, lake & palmer",album rock,2010,131,83,43,-7,92,71,217,1,3,14,zona_critica,q1_bajo,2010,emerson lake palmer,peter gunn theme,0,0,False,0,Canciones Energeticas
413,alors on danse,stromae,belgian pop,2010,120,59,79,-9,7,73,206,9,8,61,rendimiento_medio,q2_medio_bajo,2010,stromae,alors on danse,0,0,False,0,Canciones Energeticas
414,the eve of the war,jeff wayne,classic uk pop,2010,127,59,40,-9,11,37,263,8,4,28,zona_critica,q1_bajo,2010,jeff wayne,the eve of the war,0,0,False,0,Canciones Energeticas
415,a night like this,caro emerald,dutch pop,2010,123,71,87,-6,10,96,226,57,4,40,zona_critica,q1_bajo,2010,caro emerald,a night like this,0,0,False,0,Canciones Energeticas
416,raise your glass,p!nk,dance pop,2010,122,71,70,-5,3,63,203,0,8,76,potencial_premium,q4_alto,2010,p nk,raise your glass,0,0,False,0,Canciones Energeticas
417,verdammt ich lieb dich - remastered,matthias reim,classic schlager,2010,100,80,59,-7,9,32,220,50,7,38,zona_critica,q1_bajo,2010,matthias reim,verdammt ich lieb dich remastered,0,0,False,0,Canciones Energeticas
418,christmas lights,coldplay,permanent wave,2010,131,42,31,-9,8,24,242,13,3,84,potencial_premium,q4_alto,2010,coldplay,christmas lights,6,6,True,1,Baladas Acusticas
419,the promise you made,cock robin,dance rock,2010,117,41,71,-14,15,65,227,38,4,48,zona_critica,q1_bajo,2010,cock robin,the promise you made,0,0,False,1,Baladas Acusticas
420,back home,golden earring,album rock,2010,123,84,47,-6,10,74,232,6,5,37,zona_critica,q1_bajo,2010,golden earring,back home,0,0,False,0,Canciones Energeticas
421,times are changing,di-rect,dutch indie,2010,123,81,50,-6,15,28,206,4,4,47,zona_critica,q1_bajo,2010,di rect,times are changing,0,0,False,0,Canciones Energeticas
422,proosten,guus meeuwis,dutch pop,2010,136,65,64,-6,12,76,232,43,3,49,zona_critica,q1_bajo,2010,guus meeuwis,proosten,0,0,False,0,Canciones Energeticas
423,just the way you are,bruno mars,dance pop,2010,109,84,64,-5,9,43,221,2,4,80,potencial_premium,q4_alto,2010,bruno mars,just the way you are,6,6,True,0,Canciones Energeticas
424,need you now,lady antebellum,contemporary country,2010,108,72,58,-4,24,32,236,3,3,53,rendimiento_medio,q2_medio_bajo,2010,lady antebellum,need you now,5,5,True,0,Canciones Energeticas
425,man down,rihanna,barbadian pop,2010,156,91,48,-4,5,54,267,4,19,59,rendimiento_medio,q2_medio_bajo,2010,rihanna,man down,2,2,True,0,Canciones Energeticas
426,pyro,kings of leon,modern rock,2010,115,61,37,-7,10,19,251,1,4,66,rendimiento_medio,q3_medio_alto,2010,kings of leon,pyro,3,3,True,0,Canciones Energeticas
427,you got it,roy orbison,adult standards,2010,115,59,66,-12,31,67,204,60,3,44,zona_critica,q1_bajo,2010,roy orbison,you got it,1,1,True,1,Baladas Acusticas
428,atmosphere - 2010 remaster,joy division,alternative rock,2010,120,39,62,-12,12,44,249,23,3,51,rendimiento_medio,q2_medio_bajo,2010,joy division,atmosphere 2010 remaster,0,0,False,1,Baladas Acusticas
429,grenade,bruno mars,dance pop,2010,110,56,71,-7,12,23,223,15,6,75,potencial_premium,q4_alto,2010,bruno mars,grenade,6,6,True,0,Canciones Energeticas
430,have you ever been mellow,party animals,gabba,2010,172,96,60,-4,25,57,188,20,5,47,zona_critica,q1_bajo,2010,party animals,have you ever been mellow,0,0,False,0,Canciones Energeticas
431,back down south,kings of leon,modern rock,2010,117,62,48,-7,26,15,241,6,4,58,rendimiento_medio,q2_medio_bajo,2010,kings of leon,back down south,3,3,True,0,Canciones Energeticas
432,riverside,agnes obel,chamber pop,2010,99,19,65,-14,13,23,231,98,3,48,zona_critica,q1_bajo,2010,agnes obel,riverside,0,0,False,1,Baladas Acusticas
433,hold on tight,solomon burke,brill building pop,2010,89,73,63,-6,16,50,324,9,3,38,zona_critica,q1_bajo,2010,solomon burke,hold on tight,1,1,True,0,Canciones Energeticas
434,someone like you,adele,british soul,2011,135,33,56,-8,10,28,285,89,3,79,potencial_premium,q4_alto,2010,adele,someone like you,11,11,True,1,Baladas Acusticas
435,set fire to the rain,adele,british soul,2011,108,68,61,-4,13,47,242,0,3,75,potencial_premium,q4_alto,2010,adele,set fire to the rain,11,11,True,0,Canciones Energeticas
436,rainbow in the sky - k & a's radio blast,dj paul elstak,gabba,2011,168,94,48,-7,28,26,213,0,3,60,rendimiento_medio,q2_medio_bajo,2010,dj paul elstak,rainbow in the sky k a s radio blast,0,0,False,0,Canciones Energeticas
437,levels,avicii,big room,2011,126,83,60,-7,34,35,339,3,4,58,rendimiento_medio,q2_medio_bajo,2010,avicii,levels,0,0,False,0,Canciones Energeticas
438,somebody that i used to know,gotye,australian pop,2011,129,50,86,-7,10,72,245,59,4,76,potencial_premium,q4_alto,2010,gotye,somebody that i used to know,1,1,True,0,Canciones Energeticas
439,paradise,coldplay,permanent wave,2011,140,59,45,-7,8,20,279,5,3,78,potencial_premium,q4_alto,2010,coldplay,paradise,6,6,True,0,Canciones Energeticas
440,rood,marco borsato,dutch cabaret,2011,138,78,48,-8,8,18,319,1,5,53,rendimiento_medio,q2_medio_bajo,2010,marco borsato,rood,0,0,False,0,Canciones Energeticas
441,a boy named sue (live),johnny cash,arkansas country,2011,105,46,52,-16,78,89,218,93,5,18,zona_critica,q1_bajo,2010,johnny cash,a boy named sue live,8,8,True,1,Baladas Acusticas
442,still loving you,scorpions,album rock,2011,104,61,28,-5,10,8,403,0,3,72,potencial_premium,q4_alto,2010,scorpions,still loving you,0,0,False,0,Canciones Energeticas
443,little black submarines,the black keys,alternative rock,2011,95,47,37,-8,11,49,251,16,4,65,rendimiento_medio,q3_medio_alto,2010,the black keys,little black submarines,3,3,True,0,Canciones Energeticas
444,walk,foo fighters,alternative metal,2011,138,87,23,-5,29,19,256,0,5,69,rendimiento_medio,q3_medio_alto,2010,foo fighters,walk,10,10,True,0,Canciones Energeticas
445,the a team,ed sheeran,pop,2011,85,29,64,-10,18,41,258,67,4,76,potencial_premium,q4_alto,2010,ed sheeran,the a team,4,4,True,1,Baladas Acusticas
446,kom terug,spinvis,dutch indie,2011,97,73,50,-6,20,24,231,2,3,47,zona_critica,q1_bajo,2010,spinvis,kom terug,0,0,False,0,Canciones Energeticas
447,prachtig mooie dag,daniël lohues,dutch indie,2011,103,69,55,-4,8,56,161,10,3,42,zona_critica,q1_bajo,2010,dani l lohues,prachtig mooie dag,0,0,False,0,Canciones Energeticas
448,lippy kids,elbow,britpop,2011,155,20,42,-15,8,10,366,96,3,29,zona_critica,q1_bajo,2010,elbow,lippy kids,0,0,False,1,Baladas Acusticas
449,titanium (feat. sia),david guetta,dance pop,2011,126,79,60,-4,13,30,245,7,10,67,rendimiento_medio,q3_medio_alto,2010,david guetta,titanium feat sia,0,0,False,0,Canciones Energeticas
450,faster,within temptation,dutch metal,2011,120,93,51,-3,14,48,264,0,4,53,rendimiento_medio,q2_medio_bajo,2010,within temptation,faster,0,0,False,0,Canciones Energeticas
451,lonely boy,the black keys,alternative rock,2011,166,87,36,-8,10,61,194,0,7,73,potencial_premium,q4_alto,2010,the black keys,lonely boy,3,3,True,0,Canciones Energeticas
452,turning tables,adele,british soul,2011,80,45,31,-6,13,21,250,95,3,66,rendimiento_medio,q3_medio_alto,2010,adele,turning tables,11,11,True,1,Baladas Acusticas
453,luv u more - k&a's radio blast,dj paul,electro,2011,168,82,51,-11,14,7,232,0,3,51,rendimiento_medio,q2_medio_bajo,2010,dj paul,luv u more k a s radio blast,0,0,False,0,Canciones Energeticas
454,kan ik iets voor je doen,de dijk,dutch indie,2011,79,73,50,-6,31,45,200,14,3,30,zona_critica,q1_bajo,2010,de dijk,kan ik iets voor je doen,0,0,False,0,Canciones Energeticas
455,driver's seat,sniff 'n' the tears,classic uk pop,2011,133,80,74,-8,19,98,239,0,4,54,rendimiento_medio,q2_medio_bajo,2010,sniff n the tears,driver s seat,0,0,False,0,Canciones Energeticas
456,zing voor me,lange frans,dutch hip hop,2011,82,52,43,-9,22,56,216,80,7,52,rendimiento_medio,q2_medio_bajo,2010,lange frans,zing voor me,0,0,False,1,Baladas Acusticas
457,every teardrop is a waterfall,coldplay,permanent wave,2011,118,73,43,-7,17,31,241,0,4,68,rendimiento_medio,q3_medio_alto,2010,coldplay,every teardrop is a waterfall,6,6,True,0,Canciones Energeticas
458,waarom nou jij,marco borsato,dutch cabaret,2011,140,51,44,-8,13,25,245,12,3,40,zona_critica,q1_bajo,2010,marco borsato,waarom nou jij,0,0,False,0,Canciones Energeticas
459,mijn vlakke land,jacques brel,chanson,2011,79,33,40,-11,8,46,173,26,5,33,zona_critica,q1_bajo,2010,jacques brel,mijn vlakke land,0,0,False,1,Baladas Acusticas
460,rumour has it,adele,british soul,2011,120,75,62,-5,9,56,221,64,5,65,rendimiento_medio,q3_medio_alto,2010,adele,rumour has it,11,11,True,0,Canciones Energeticas
461,keep your head up,ben howard,british singer-songwriter,2011,79,60,51,-9,11,40,265,44,3,66,rendimiento_medio,q3_medio_alto,2010,ben howard,keep your head up,0,0,False,0,Canciones Energeticas
462,pumped up kicks,foster the people,indie pop,2011,128,71,73,-6,10,97,240,14,3,84,potencial_premium,q4_alto,2010,foster the people,pumped up kicks,0,0,False,0,Canciones Energeticas
463,happiness,jonathan jeremiah,dutch indie,2011,89,57,53,-10,13,49,182,72,6,49,zona_critica,q1_bajo,2010,jonathan jeremiah,happiness,0,0,False,1,Baladas Acusticas
464,give me love,ed sheeran,pop,2011,116,33,53,-10,11,11,526,69,5,73,potencial_premium,q4_alto,2010,ed sheeran,give me love,4,4,True,1,Baladas Acusticas
465,gold on the ceiling,the black keys,alternative rock,2011,130,83,51,-5,7,56,224,1,5,69,rendimiento_medio,q3_medio_alto,2010,the black keys,gold on the ceiling,3,3,True,0,Canciones Energeticas
466,ni**as in paris,jay-z,east coast hip hop,2011,140,86,79,-6,35,77,219,13,32,77,potencial_premium,q4_alto,2010,jay z,ni as in paris,3,3,True,0,Canciones Energeticas
467,run the world (girls),beyoncé,dance pop,2011,127,90,73,-4,37,76,236,0,14,75,potencial_premium,q4_alto,2010,beyonc,run the world girls,13,13,True,0,Canciones Energeticas
468,i won' t let you down,road band,pop,2011,106,35,64,-14,7,59,233,54,3,33,zona_critica,q1_bajo,2010,road band,i won t let you down,0,0,False,1,Baladas Acusticas
469,love on top,beyoncé,dance pop,2011,94,75,65,-5,60,65,267,8,9,76,potencial_premium,q4_alto,2010,beyonc,love on top,13,13,True,0,Canciones Energeticas
470,lego house,ed sheeran,pop,2011,160,64,59,-8,13,56,185,56,10,71,rendimiento_medio,q3_medio_alto,2010,ed sheeran,lego house,4,4,True,0,Canciones Energeticas
471,skinny love,birdy,neo mellow,2011,166,29,38,-8,12,17,201,95,5,75,potencial_premium,q4_alto,2010,birdy,skinny love,0,0,False,1,Baladas Acusticas
472,dust bowl,joe bonamassa,blues rock,2011,86,75,52,-7,20,70,273,36,5,44,zona_critica,q1_bajo,2010,joe bonamassa,dust bowl,0,0,False,0,Canciones Energeticas
473,damn those eyes,kane,dutch pop,2011,172,76,34,-7,35,33,251,0,4,39,zona_critica,q1_bajo,2010,kane,damn those eyes,0,0,False,0,Canciones Energeticas
474,these days,foo fighters,alternative metal,2011,135,66,53,-4,21,22,298,0,3,64,rendimiento_medio,q3_medio_alto,2010,foo fighters,these days,10,10,True,0,Canciones Energeticas
475,original sin,inxs,australian rock,2011,132,63,69,-7,6,74,319,1,4,42,zona_critica,q1_bajo,2010,inxs,original sin,0,0,False,0,Canciones Energeticas
476,terug naar de kust,maggie macneal,nederpop,2011,117,45,49,-9,62,40,266,82,3,39,zona_critica,q1_bajo,2010,maggie macneal,terug naar de kust,0,0,False,1,Baladas Acusticas
477,georgia on my mind,ray charles,adult standards,2011,131,32,29,-8,19,20,215,86,3,49,zona_critica,q1_bajo,2010,ray charles,georgia on my mind,12,12,True,1,Baladas Acusticas
478,charlie brown,coldplay,permanent wave,2011,138,74,43,-7,33,9,285,2,4,67,rendimiento_medio,q3_medio_alto,2010,coldplay,charlie brown,6,6,True,0,Canciones Energeticas
479,i've just lost somebody,golden earring,album rock,2011,88,40,37,-13,8,27,189,4,3,27,zona_critica,q1_bajo,2010,golden earring,i ve just lost somebody,0,0,False,1,Baladas Acusticas
480,skyfall - full length,adele,british soul,2012,76,55,35,-7,11,8,286,42,3,74,potencial_premium,q4_alto,2010,adele,skyfall full length,11,11,True,1,Baladas Acusticas
481,zo stil,bløf,dutch pop,2012,170,69,57,-7,11,78,237,4,3,54,rendimiento_medio,q2_medio_bajo,2010,bl f,zo stil,0,0,False,0,Canciones Energeticas
482,holiday in spain,counting crows,alternative rock,2012,126,32,65,-11,13,28,233,66,3,56,rendimiento_medio,q2_medio_bajo,2010,counting crows,holiday in spain,0,0,False,1,Baladas Acusticas
483,radioactive,imagine dragons,modern rock,2012,136,78,45,-4,67,24,187,11,6,73,potencial_premium,q4_alto,2010,imagine dragons,radioactive,1,1,True,0,Canciones Energeticas
484,video games - remastered,lana del rey,art pop,2012,122,26,39,-10,9,18,282,81,3,55,rendimiento_medio,q2_medio_bajo,2010,lana del rey,video games remastered,1,1,True,1,Baladas Acusticas
485,demons,imagine dragons,modern rock,2012,90,71,51,-3,33,43,175,19,3,73,potencial_premium,q4_alto,2010,imagine dragons,demons,1,1,True,0,Canciones Energeticas
486,she,elvis costello,art rock,2012,131,28,33,-13,13,28,188,43,3,64,rendimiento_medio,q3_medio_alto,2010,elvis costello,she,0,0,False,1,Baladas Acusticas
487,just give me a reason (feat. nate ruess),p!nk,dance pop,2012,95,55,78,-7,13,44,243,35,5,81,potencial_premium,q4_alto,2010,p nk,just give me a reason feat nate ruess,0,0,False,0,Canciones Energeticas
488,try,p!nk,dance pop,2012,104,63,67,-7,9,55,248,0,3,73,potencial_premium,q4_alto,2010,p nk,try,0,0,False,0,Canciones Energeticas
489,i will wait,mumford & sons,modern folk rock,2012,131,76,48,-5,31,45,277,1,3,69,rendimiento_medio,q3_medio_alto,2010,mumford sons,i will wait,1,1,True,0,Canciones Energeticas
490,home again,kensington,dutch pop,2012,142,75,50,-6,35,30,197,1,4,44,zona_critica,q1_bajo,2010,kensington,home again,0,0,False,0,Canciones Energeticas
491,tubular bells,mike oldfield,album rock,2012,149,20,28,-17,13,16,809,49,3,31,zona_critica,q1_bajo,2010,mike oldfield,tubular bells,0,0,False,1,Baladas Acusticas
492,winter,tori amos,art pop,2012,78,20,24,-14,11,27,345,98,3,19,zona_critica,q1_bajo,2010,tori amos,winter,0,0,False,1,Baladas Acusticas
493,droomland,andre hazes,dutch pop,2012,100,47,32,-7,95,25,208,26,3,42,zona_critica,q1_bajo,2010,andre hazes,droomland,0,0,False,1,Baladas Acusticas
494,wat zou je doen?,bløf,dutch pop,2012,184,51,35,-8,71,22,291,40,3,51,rendimiento_medio,q2_medio_bajo,2010,bl f,wat zou je doen,0,0,False,1,Baladas Acusticas
495,madness,muse,modern rock,2012,180,42,50,-8,11,22,281,13,7,70,rendimiento_medio,q3_medio_alto,2010,muse,madness,2,2,True,0,Canciones Energeticas
496,sovereign light café,keane,modern rock,2012,123,73,54,-6,16,51,219,1,3,51,rendimiento_medio,q2_medio_bajo,2010,keane,sovereign light caf,0,0,False,0,Canciones Energeticas
497,can't hold us - feat. ray dalton,macklemore & ryan lewis,dance pop,2012,146,92,64,-4,9,85,258,3,8,83,potencial_premium,q4_alto,2010,macklemore ryan lewis,can t hold us feat ray dalton,1,1,True,0,Canciones Energeticas
498,lover of the light,mumford & sons,modern folk rock,2012,107,69,30,-7,27,37,315,1,5,57,rendimiento_medio,q2_medio_bajo,2010,mumford sons,lover of the light,1,1,True,0,Canciones Energeticas
499,san quentin,johnny cash,arkansas country,2012,84,40,70,-14,90,82,158,56,6,27,zona_critica,q1_bajo,2010,johnny cash,san quentin,8,8,True,1,Baladas Acusticas
500,on top of the world,imagine dragons,modern rock,2012,100,93,64,-6,9,76,190,9,15,66,rendimiento_medio,q3_medio_alto,2010,imagine dragons,on top of the world,1,1,True,0,Canciones Energeticas
501,flappie,youp van 't hek,dutch cabaret,2012,131,24,75,-13,44,67,206,79,8,52,rendimiento_medio,q2_medio_bajo,2010,youp van t hek,flappie,0,0,False,1,Baladas Acusticas
502,home again,michael kiwanuka,british soul,2012,85,32,52,-11,12,27,212,70,3,51,rendimiento_medio,q2_medio_bajo,2010,michael kiwanuka,home again,0,0,False,1,Baladas Acusticas
503,if you could see me now,the script,celtic rock,2012,100,76,51,-7,14,35,220,1,7,51,rendimiento_medio,q2_medio_bajo,2010,the script,if you could see me now,0,0,False,0,Canciones Energeticas
504,hall of fame,the script,celtic rock,2012,85,87,42,-4,12,63,203,7,6,70,rendimiento_medio,q3_medio_alto,2010,the script,hall of fame,0,0,False,0,Canciones Energeticas
505,dodenrit,drs. p,dutch rock,2012,148,60,51,-14,81,96,312,67,10,34,zona_critica,q1_bajo,2010,drs p,dodenrit,0,0,False,1,Baladas Acusticas
506,when i was your man,bruno mars,dance pop,2012,73,28,61,-9,9,39,214,93,4,82,potencial_premium,q4_alto,2010,bruno mars,when i was your man,6,6,True,1,Baladas Acusticas
507,i won't give up,jason mraz,acoustic pop,2012,137,30,59,-10,12,14,240,69,4,72,potencial_premium,q4_alto,2010,jason mraz,i won t give up,1,1,True,1,Baladas Acusticas
508,slapeloze nachten,the opposites,dutch hip hop,2012,112,65,81,-7,15,81,229,35,6,57,rendimiento_medio,q2_medio_bajo,2010,the opposites,slapeloze nachten,0,0,False,0,Canciones Energeticas
509,one moment in time,whitney houston,dance pop,2012,155,54,27,-7,10,33,285,49,3,54,rendimiento_medio,q2_medio_bajo,2010,whitney houston,one moment in time,6,6,True,1,Baladas Acusticas
510,zaterdag,bløf,dutch pop,2012,141,71,75,-10,10,90,283,9,3,41,zona_critica,q1_bajo,2010,bl f,zaterdag,0,0,False,0,Canciones Energeticas
511,babel,mumford & sons,modern folk rock,2012,80,81,37,-6,8,65,209,3,5,57,rendimiento_medio,q2_medio_bajo,2010,mumford sons,babel,1,1,True,0,Canciones Energeticas
512,hopeless wanderer,mumford & sons,modern folk rock,2012,154,58,27,-8,11,20,308,1,4,58,rendimiento_medio,q2_medio_bajo,2010,mumford sons,hopeless wanderer,1,1,True,0,Canciones Energeticas
513,follow the sun,xavier rudd,australian indie folk,2012,124,39,61,-11,11,22,255,53,4,67,rendimiento_medio,q3_medio_alto,2010,xavier rudd,follow the sun,0,0,False,1,Baladas Acusticas
514,later als ik groter ben,bløf,dutch pop,2012,130,73,53,-5,8,57,205,0,3,48,zona_critica,q1_bajo,2010,bl f,later als ik groter ben,0,0,False,0,Canciones Energeticas
515,clown,emeli sandé,dance pop,2012,119,26,46,-8,11,23,221,92,4,46,zona_critica,q1_bajo,2010,emeli sand,clown,0,0,False,1,Baladas Acusticas
516,stay - album version (edited),rihanna,barbadian pop,2012,112,31,62,-10,12,13,241,95,3,66,rendimiento_medio,q3_medio_alto,2010,rihanna,stay album version edited,2,2,True,1,Baladas Acusticas
517,diamonds,rihanna,barbadian pop,2012,92,71,56,-5,11,39,225,0,5,67,rendimiento_medio,q3_medio_alto,2010,rihanna,diamonds,2,2,True,0,Canciones Energeticas
518,it's time,imagine dragons,modern rock,2012,105,88,66,-5,14,86,238,2,4,66,rendimiento_medio,q3_medio_alto,2010,imagine dragons,it s time,1,1,True,0,Canciones Energeticas
519,little talks,of monsters and men,folk-pop,2012,103,76,45,-5,15,42,267,2,3,75,potencial_premium,q4_alto,2010,of monsters and men,little talks,0,0,False,0,Canciones Energeticas
520,euphoria,loreen,electropop,2012,132,68,52,-5,6,11,214,8,4,56,rendimiento_medio,q2_medio_bajo,2010,loreen,euphoria,0,0,False,0,Canciones Energeticas
521,oceaan,racoon,dutch indie,2013,126,34,47,-8,11,24,165,86,4,63,rendimiento_medio,q3_medio_alto,2010,racoon,oceaan,0,0,False,1,Baladas Acusticas
522,lola montez,volbeat,alternative metal,2013,152,88,51,-5,7,68,268,0,3,57,rendimiento_medio,q2_medio_bajo,2010,volbeat,lola montez,0,0,False,0,Canciones Energeticas
523,wake me up,avicii,big room,2013,124,78,53,-6,16,64,247,0,5,85,potencial_premium,q4_alto,2010,avicii,wake me up,0,0,False,0,Canciones Energeticas
524,formidable,stromae,belgian pop,2013,71,63,51,-9,15,50,214,10,19,49,zona_critica,q1_bajo,2010,stromae,formidable,0,0,False,0,Canciones Energeticas
525,do i wanna know?,arctic monkeys,garage rock,2013,85,53,55,-8,22,41,272,19,3,82,potencial_premium,q4_alto,2010,arctic monkeys,do i wanna know,0,0,False,0,Canciones Energeticas
526,another love,tom odell,modern rock,2013,123,54,45,-9,9,13,244,70,4,58,rendimiento_medio,q2_medio_bajo,2010,tom odell,another love,0,0,False,1,Baladas Acusticas
527,hey brother,avicii,big room,2013,125,78,55,-5,8,46,255,3,4,78,potencial_premium,q4_alto,2010,avicii,hey brother,0,0,False,0,Canciones Energeticas
528,i see fire,ed sheeran,pop,2013,76,5,63,-21,10,20,301,56,4,64,rendimiento_medio,q3_medio_alto,2010,ed sheeran,i see fire,4,4,True,1,Baladas Acusticas
529,this is what it feels like,armin van buuren,edm,2013,130,83,55,-5,6,14,204,4,3,65,rendimiento_medio,q3_medio_alto,2010,armin van buuren,this is what it feels like,0,0,False,0,Canciones Energeticas
530,all of me,john legend,neo mellow,2013,120,26,42,-7,13,33,270,92,3,86,potencial_premium,q4_alto,2010,john legend,all of me,4,4,True,1,Baladas Acusticas
531,dansen op de vulkaan,de dijk,dutch indie,2013,151,95,58,-4,4,78,269,2,6,40,zona_critica,q1_bajo,2010,de dijk,dansen op de vulkaan,0,0,False,0,Canciones Energeticas
532,witch doctor,de staat,dutch indie,2013,145,56,60,-7,5,33,207,0,6,47,zona_critica,q1_bajo,2010,de staat,witch doctor,0,0,False,0,Canciones Energeticas
533,diamonds,the boxer rebellion,chamber pop,2013,170,75,45,-6,18,42,243,17,6,35,zona_critica,q1_bajo,2010,the boxer rebellion,diamonds,0,0,False,0,Canciones Energeticas
534,let her go,passenger,folk-pop,2013,75,55,48,-7,10,24,253,37,7,76,potencial_premium,q4_alto,2010,passenger,let her go,0,0,False,0,Canciones Energeticas
535,papaoutai,stromae,belgian pop,2013,116,81,73,-7,6,25,232,3,8,55,rendimiento_medio,q2_medio_bajo,2010,stromae,papaoutai,0,0,False,0,Canciones Energeticas
536,strong,london grammar,metropopolis,2013,78,40,57,-11,8,30,266,74,3,49,zona_critica,q1_bajo,2010,london grammar,strong,0,0,False,1,Baladas Acusticas
537,layla,derek & the dominos,album rock,2013,114,93,41,-5,60,39,163,34,10,32,zona_critica,q1_bajo,2010,derek the dominos,layla,0,0,False,0,Canciones Energeticas
538,pompeii,bastille,metropopolis,2013,127,72,68,-6,27,57,214,8,4,70,rendimiento_medio,q3_medio_alto,2010,bastille,pompeii,0,0,False,0,Canciones Energeticas
539,waves,mr. probz,dutch hip hop,2013,174,28,36,-12,38,20,174,54,4,59,rendimiento_medio,q2_medio_bajo,2010,mr probz,waves,0,0,False,1,Baladas Acusticas
540,get lucky (feat. pharrell williams & nile rodgers) - radio edit,daft punk,electro,2013,116,81,79,-9,10,86,248,4,4,77,potencial_premium,q4_alto,2010,daft punk,get lucky feat pharrell williams nile rodgers radio edit,4,4,True,0,Canciones Energeticas
541,all i want,kodaline,irish pop,2013,86,41,21,-10,8,16,306,17,4,72,potencial_premium,q4_alto,2010,kodaline,all i want,0,0,False,1,Baladas Acusticas
542,addicted to you,avicii,big room,2013,128,79,57,-4,9,30,148,5,5,69,rendimiento_medio,q3_medio_alto,2010,avicii,addicted to you,0,0,False,0,Canciones Energeticas
543,animals,martin garrix,big room,2013,128,87,68,-6,37,4,304,0,4,65,rendimiento_medio,q3_medio_alto,2010,martin garrix,animals,0,0,False,0,Canciones Energeticas
544,just say yes,snow patrol,irish rock,2013,108,88,54,-5,3,25,282,2,3,48,zona_critica,q1_bajo,2010,snow patrol,just say yes,0,0,False,0,Canciones Energeticas
545,watermensen,3js,dutch pop,2013,144,40,56,-8,11,46,209,66,3,36,zona_critica,q1_bajo,2010,3js,watermensen,0,0,False,1,Baladas Acusticas
546,sky and sand,paul kalkbrenner,electronica,2013,127,33,79,-13,19,53,231,60,6,67,rendimiento_medio,q3_medio_alto,2010,paul kalkbrenner,sky and sand,0,0,False,1,Baladas Acusticas
547,the monster,eminem,detroit hip hop,2013,110,85,78,-4,12,62,250,5,7,75,potencial_premium,q4_alto,2010,eminem,the monster,11,11,True,0,Canciones Energeticas
548,mirrors,justin timberlake,dance pop,2013,77,51,57,-7,9,51,484,23,5,77,potencial_premium,q4_alto,2010,justin timberlake,mirrors,4,4,True,0,Canciones Energeticas
549,story of my life,one direction,boy band,2013,121,66,60,-6,12,29,245,23,5,80,potencial_premium,q4_alto,2010,one direction,story of my life,0,0,False,0,Canciones Energeticas
550,royals,lorde,art pop,2013,85,43,67,-10,13,34,190,12,12,79,potencial_premium,q4_alto,2010,lorde,royals,1,1,True,0,Canciones Energeticas
551,tous les mêmes,stromae,belgian pop,2013,110,64,70,-9,28,65,211,22,17,53,rendimiento_medio,q2_medio_bajo,2010,stromae,tous les m mes,0,0,False,0,Canciones Energeticas
552,mijn van straat geredde roos,de dijk,dutch indie,2013,81,76,50,-5,26,61,208,9,3,33,zona_critica,q1_bajo,2010,de dijk,mijn van straat geredde roos,0,0,False,0,Canciones Energeticas
553,love you like i love myself,herman brood & his wild romance,dutch indie,2013,148,84,52,-7,20,86,213,1,6,28,zona_critica,q1_bajo,2010,herman brood his wild romance,love you like i love myself,0,0,False,0,Canciones Energeticas
554,i sat by the ocean,queens of the stone age,alternative metal,2013,117,78,52,-4,11,90,236,0,4,66,rendimiento_medio,q3_medio_alto,2010,queens of the stone age,i sat by the ocean,0,0,False,0,Canciones Energeticas
555,everybody (backstreet's back) - radio edit,backstreet boys,boy band,2013,108,87,74,-3,27,59,225,3,4,62,rendimiento_medio,q2_medio_bajo,2010,backstreet boys,everybody backstreet s back radio edit,0,0,False,0,Canciones Energeticas
556,a ton of love,editors,alternative dance,2013,142,96,46,-4,28,40,238,7,6,26,zona_critica,q1_bajo,2010,editors,a ton of love,0,0,False,0,Canciones Energeticas
557,foolish games,jewel,alaska indie,2013,131,22,46,-10,11,15,243,90,3,41,zona_critica,q1_bajo,2010,jewel,foolish games,0,0,False,1,Baladas Acusticas
558,grow old with me,tom odell,modern rock,2013,146,58,47,-7,25,37,183,51,3,49,zona_critica,q1_bajo,2010,tom odell,grow old with me,0,0,False,0,Canciones Energeticas
559,things we lost in the fire,bastille,metropopolis,2013,134,92,59,-5,27,63,241,6,6,48,zona_critica,q1_bajo,2010,bastille,things we lost in the fire,0,0,False,0,Canciones Energeticas
560,blurred lines,robin thicke,dance pop,2013,120,60,85,-5,8,84,264,0,4,76,potencial_premium,q4_alto,2010,robin thicke,blurred lines,0,0,False,0,Canciones Energeticas
561,the road to mandalay,robbie williams,dance pop,2013,99,68,62,-8,16,53,240,11,3,30,zona_critica,q1_bajo,2010,robbie williams,the road to mandalay,0,0,False,0,Canciones Energeticas
562,iron sky,paolo nutini,british soul,2014,140,63,39,-7,11,32,373,24,3,49,zona_critica,q1_bajo,2010,paolo nutini,iron sky,0,0,False,0,Canciones Energeticas
563,a sky full of stars,coldplay,permanent wave,2014,125,64,55,-7,22,15,268,1,3,78,potencial_premium,q4_alto,2010,coldplay,a sky full of stars,6,6,True,0,Canciones Energeticas
564,rolling in the deep,adele,british soul,2014,105,76,73,-5,6,54,228,13,3,61,rendimiento_medio,q2_medio_bajo,2010,adele,rolling in the deep,11,11,True,0,Canciones Energeticas
565,streets,kensington,dutch pop,2014,168,77,38,-6,27,42,185,0,4,57,rendimiento_medio,q2_medio_bajo,2010,kensington,streets,0,0,False,0,Canciones Energeticas
566,thinking out loud,ed sheeran,pop,2014,79,45,78,-6,18,59,282,47,3,84,potencial_premium,q4_alto,2010,ed sheeran,thinking out loud,4,4,True,0,Canciones Energeticas
567,take me to church,hozier,irish singer-songwriter,2014,129,66,57,-5,12,44,242,63,5,77,potencial_premium,q4_alto,2010,hozier,take me to church,0,0,False,0,Canciones Energeticas
568,une belle histoire,michel fugain,chanson,2014,83,58,27,-9,37,65,198,50,4,40,zona_critica,q1_bajo,2010,michel fugain,une belle histoire,0,0,False,1,Baladas Acusticas
569,in your arms,chef'special,dutch indie,2014,93,41,67,-12,11,36,215,65,5,60,rendimiento_medio,q2_medio_bajo,2010,chef special,in your arms,0,0,False,1,Baladas Acusticas
570,born slippy (nuxx),underworld,alternative dance,2014,140,95,58,-9,47,30,456,0,4,65,rendimiento_medio,q3_medio_alto,2010,underworld,born slippy nuxx,0,0,False,0,Canciones Energeticas
571,war,kensington,dutch pop,2014,126,81,64,-6,7,72,177,8,3,59,rendimiento_medio,q2_medio_bajo,2010,kensington,war,0,0,False,0,Canciones Energeticas
572,op 't platteland,daniël lohues,dutch indie,2014,80,37,56,-10,9,28,182,93,4,27,zona_critica,q1_bajo,2010,dani l lohues,op t platteland,0,0,False,1,Baladas Acusticas
573,"happy - from ""despicable me 2""",pharrell williams,dance pop,2014,160,82,65,-5,9,96,233,22,18,80,potencial_premium,q4_alto,2010,pharrell williams,happy from despicable me 2,3,3,True,0,Canciones Energeticas
574,calm after the storm,the common linnets,dutch americana,2014,116,39,69,-11,12,38,213,49,3,52,rendimiento_medio,q2_medio_bajo,2010,the common linnets,calm after the storm,0,0,False,1,Baladas Acusticas
575,riddles,kensington,dutch pop,2014,148,70,49,-8,8,62,209,4,4,52,rendimiento_medio,q2_medio_bajo,2010,kensington,riddles,0,0,False,0,Canciones Energeticas
576,under the pressure,the war on drugs,chamber pop,2014,134,71,33,-7,13,19,532,31,3,60,rendimiento_medio,q2_medio_bajo,2010,the war on drugs,under the pressure,1,1,True,0,Canciones Energeticas
577,magic,coldplay,permanent wave,2014,93,48,74,-9,11,36,285,3,4,73,potencial_premium,q4_alto,2010,coldplay,magic,6,6,True,0,Canciones Energeticas
578,photograph,ed sheeran,pop,2014,108,38,61,-10,10,20,259,61,5,84,potencial_premium,q4_alto,2010,ed sheeran,photograph,4,4,True,1,Baladas Acusticas
579,all for nothing,kensington,dutch pop,2014,152,86,46,-6,10,37,289,0,7,47,zona_critica,q1_bajo,2010,kensington,all for nothing,0,0,False,0,Canciones Energeticas
580,my silver lining,first aid kit,stomp and holler,2014,102,73,48,-5,21,43,215,3,3,64,rendimiento_medio,q3_medio_alto,2010,first aid kit,my silver lining,0,0,False,0,Canciones Energeticas
581,zandloper,typhoon,dutch hip hop,2014,135,72,76,-8,95,51,280,5,24,47,zona_critica,q1_bajo,2010,typhoon,zandloper,0,0,False,0,Canciones Energeticas
582,home,dotan,dutch pop,2014,130,70,76,-9,4,30,268,7,4,42,zona_critica,q1_bajo,2010,dotan,home,0,0,False,0,Canciones Energeticas
583,red eyes,the war on drugs,chamber pop,2014,162,82,46,-6,16,47,299,1,4,65,rendimiento_medio,q3_medio_alto,2010,the war on drugs,red eyes,1,1,True,0,Canciones Energeticas
584,l'amour toujours (small mix),gigi d'agostino,eurodance,2014,139,88,64,-4,36,74,242,8,3,70,rendimiento_medio,q3_medio_alto,2010,gigi d agostino,l amour toujours small mix,0,0,False,0,Canciones Energeticas
585,"see me, feel me - single version",the who,album rock,2014,94,34,38,-11,8,8,217,9,3,39,zona_critica,q1_bajo,2010,the who,see me feel me single version,0,0,False,1,Baladas Acusticas
586,hemel valt,typhoon,dutch hip hop,2014,97,74,66,-7,33,74,161,24,14,43,zona_critica,q1_bajo,2010,typhoon,hemel valt,0,0,False,0,Canciones Energeticas
587,glycerine,bush,alternative metal,2014,114,34,44,-11,10,8,266,4,3,65,rendimiento_medio,q3_medio_alto,2010,bush,glycerine,0,0,False,1,Baladas Acusticas
588,wit licht,jeroen van koningsbrugge,pop,2014,146,69,59,-7,10,19,212,72,8,43,zona_critica,q1_bajo,2010,jeroen van koningsbrugge,wit licht,0,0,False,1,Baladas Acusticas
589,yellow submarine,the beatles,british invasion,2014,111,64,62,-7,52,65,159,21,3,58,rendimiento_medio,q2_medio_bajo,2010,the beatles,yellow submarine,8,8,True,0,Canciones Energeticas
590,california love,2pac,g funk,2014,92,88,66,-3,69,77,348,3,9,41,zona_critica,q1_bajo,2010,2pac,california love,0,0,False,0,Canciones Energeticas
591,superheroes,the script,celtic rock,2014,167,89,49,-4,7,64,245,0,4,75,potencial_premium,q4_alto,2010,the script,superheroes,0,0,False,0,Canciones Energeticas
592,stay with me,sam smith,pop,2014,84,42,42,-6,11,18,173,59,4,84,potencial_premium,q4_alto,2010,sam smith,stay with me,2,2,True,1,Baladas Acusticas
593,shake it off,taylor swift,dance pop,2014,160,80,65,-5,33,94,219,6,17,66,rendimiento_medio,q3_medio_alto,2010,taylor swift,shake it off,8,8,True,0,Canciones Energeticas
594,looking too closely,fink,chamber pop,2014,175,52,48,-12,9,10,311,33,4,63,rendimiento_medio,q3_medio_alto,2010,fink,looking too closely,0,0,False,1,Baladas Acusticas
595,no good in goodbye,the script,celtic rock,2014,156,87,37,-5,8,22,308,1,4,59,rendimiento_medio,q2_medio_bajo,2010,the script,no good in goodbye,0,0,False,0,Canciones Energeticas
596,counting stars,onerepublic,dance pop,2014,122,71,66,-5,12,48,258,7,4,74,potencial_premium,q4_alto,2010,onerepublic,counting stars,0,0,False,0,Canciones Energeticas
597,time after time,cyndi lauper,dance pop,2014,130,44,72,-9,9,32,243,58,3,72,potencial_premium,q4_alto,2010,cyndi lauper,time after time,0,0,False,1,Baladas Acusticas
598,sexy als ik dans,nielson,dutch pop,2014,94,54,79,-7,20,89,215,9,5,49,zona_critica,q1_bajo,2010,nielson,sexy als ik dans,0,0,False,0,Canciones Energeticas
599,done with it,kensington,dutch pop,2014,116,78,65,-7,10,63,203,13,4,49,zona_critica,q1_bajo,2010,kensington,done with it,0,0,False,0,Canciones Energeticas
600,love never felt so good,michael jackson,pop,2014,118,72,78,-6,7,71,246,13,4,70,rendimiento_medio,q3_medio_alto,2010,michael jackson,love never felt so good,9,9,True,0,Canciones Energeticas
601,shut up and dance,walk the moon,indie pop,2014,128,87,58,-4,26,62,199,1,6,82,potencial_premium,q4_alto,2010,walk the moon,shut up and dance,0,0,False,0,Canciones Energeticas
602,nothing really matters,mr. probz,dutch hip hop,2014,135,23,40,-9,11,28,222,89,4,61,rendimiento_medio,q2_medio_bajo,2010,mr probz,nothing really matters,0,0,False,1,Baladas Acusticas
603,promises of no man's land,blaudzun,dutch indie,2014,124,85,62,-6,24,64,215,12,3,43,zona_critica,q1_bajo,2010,blaudzun,promises of no man s land,0,0,False,0,Canciones Energeticas
604,let it go,james bay,neo mellow,2014,147,31,55,-10,11,25,261,82,3,74,potencial_premium,q4_alto,2010,james bay,let it go,0,0,False,1,Baladas Acusticas
605,the sound of silence,disturbed,alternative metal,2015,86,28,32,-9,10,18,248,47,3,75,potencial_premium,q4_alto,2010,disturbed,the sound of silence,0,0,False,1,Baladas Acusticas
606,het dorp - live,wim sonneveld,dutch cabaret,2015,114,44,37,-15,67,45,198,82,8,15,zona_critica,q1_bajo,2010,wim sonneveld,het dorp live,0,0,False,1,Baladas Acusticas
607,psycho,muse,modern rock,2015,125,88,56,-3,87,51,317,0,3,69,rendimiento_medio,q3_medio_alto,2010,muse,psycho,2,2,True,0,Canciones Energeticas
608,élan,nightwish,finnish metal,2015,128,58,57,-9,14,30,287,1,3,58,rendimiento_medio,q2_medio_bajo,2010,nightwish,lan,0,0,False,0,Canciones Energeticas
609,dat ik je mis,maaike ouboter,dutch pop,2015,174,13,50,-13,10,28,256,88,6,29,zona_critica,q1_bajo,2010,maaike ouboter,dat ik je mis,0,0,False,1,Baladas Acusticas
610,heading up high,armin van buuren,edm,2015,128,93,52,-5,11,20,233,0,9,53,rendimiento_medio,q2_medio_bajo,2010,armin van buuren,heading up high,0,0,False,0,Canciones Energeticas
611,zeg maar niets meer - remastered,andre hazes,dutch pop,2015,95,79,36,-8,91,30,167,16,4,26,zona_critica,q1_bajo,2010,andre hazes,zeg maar niets meer remastered,0,0,False,0,Canciones Energeticas
612,chandelier,sia,australian dance,2015,117,79,40,-3,7,57,216,2,5,71,rendimiento_medio,q3_medio_alto,2010,sia,chandelier,0,0,False,0,Canciones Energeticas
613,uptown funk,mark ronson,dance pop,2015,115,61,86,-7,3,93,270,1,8,82,potencial_premium,q4_alto,2010,mark ronson,uptown funk,0,0,False,0,Canciones Energeticas
614,birds,anouk,dutch indie,2015,85,41,17,-8,11,9,203,61,3,33,zona_critica,q1_bajo,2010,anouk,birds,0,0,False,1,Baladas Acusticas
615,michel,anouk,dutch indie,2015,122,39,58,-8,9,16,249,76,3,20,zona_critica,q1_bajo,2010,anouk,michel,0,0,False,1,Baladas Acusticas
616,let it happen,tame impala,australian psych,2015,125,88,60,-6,11,58,468,0,4,76,potencial_premium,q4_alto,2010,tame impala,let it happen,0,0,False,0,Canciones Energeticas
617,everglow,coldplay,permanent wave,2015,146,45,54,-9,11,14,283,46,3,69,rendimiento_medio,q3_medio_alto,2010,coldplay,everglow,6,6,True,1,Baladas Acusticas
618,the less i know the better,tame impala,australian psych,2015,117,74,64,-4,17,79,216,1,3,85,potencial_premium,q4_alto,2010,tame impala,the less i know the better,0,0,False,0,Canciones Energeticas
619,ordinary love,u2,irish rock,2015,121,48,66,-9,18,35,219,4,3,45,zona_critica,q1_bajo,2010,u2,ordinary love,18,18,True,0,Canciones Energeticas
620,stressed out,twenty one pilots,modern rock,2015,170,64,73,-6,6,65,202,5,14,83,potencial_premium,q4_alto,2010,twenty one pilots,stressed out,1,1,True,0,Canciones Energeticas
621,for bitter or worse,anouk,dutch indie,2015,83,41,27,-8,12,32,255,29,3,21,zona_critica,q1_bajo,2010,anouk,for bitter or worse,0,0,False,1,Baladas Acusticas
622,all i need - edit,air,downtempo,2015,95,42,50,-12,20,22,242,88,3,41,zona_critica,q1_bajo,2010,air,all i need edit,0,0,False,1,Baladas Acusticas
623,hymn for the weekend,coldplay,permanent wave,2015,90,74,49,-5,30,36,259,26,4,78,potencial_premium,q4_alto,2010,coldplay,hymn for the weekend,6,6,True,0,Canciones Energeticas
624,adventure of a lifetime,coldplay,permanent wave,2015,112,92,64,-4,15,53,264,0,4,74,potencial_premium,q4_alto,2010,coldplay,adventure of a lifetime,6,6,True,0,Canciones Energeticas
625,three days in a row,anouk,dutch indie,2015,171,50,36,-6,16,39,254,0,3,13,zona_critica,q1_bajo,2010,anouk,three days in a row,0,0,False,0,Canciones Energeticas
626,moondance,van morrison,classic rock,2015,135,33,65,-11,22,52,272,43,3,42,zona_critica,q1_bajo,2010,van morrison,moondance,0,0,False,1,Baladas Acusticas
627,r u kiddin' me,anouk,dutch indie,2015,89,82,53,-6,9,69,200,1,4,16,zona_critica,q1_bajo,2010,anouk,r u kiddin me,0,0,False,0,Canciones Energeticas
628,"theme from new york, new york",frank sinatra,adult standards,2015,109,59,41,-5,28,56,204,55,3,68,rendimiento_medio,q3_medio_alto,2010,frank sinatra,theme from new york new york,8,8,True,0,Canciones Energeticas
629,hold me,douwe bob,dutch americana,2015,161,38,35,-8,15,36,230,61,3,26,zona_critica,q1_bajo,2010,douwe bob,hold me,0,0,False,1,Baladas Acusticas
630,budapest,george ezra,folk-pop,2015,128,46,72,-8,11,39,201,8,3,68,rendimiento_medio,q3_medio_alto,2010,george ezra,budapest,0,0,False,0,Canciones Energeticas
631,shoes of lightning,racoon,dutch indie,2015,78,40,54,-8,11,17,220,66,4,32,zona_critica,q1_bajo,2010,racoon,shoes of lightning,0,0,False,1,Baladas Acusticas
632,mercy,muse,modern rock,2015,130,93,48,-5,31,37,232,1,5,60,rendimiento_medio,q2_medio_bajo,2010,muse,mercy,2,2,True,0,Canciones Energeticas
633,tennessee whiskey,chris stapleton,contemporary country,2015,49,37,39,-11,8,51,293,21,3,78,potencial_premium,q4_alto,2010,chris stapleton,tennessee whiskey,4,4,True,1,Baladas Acusticas
634,"oxygene, pt. 4",jean-michel jarre,laboratorio,2015,189,76,43,-8,55,66,247,2,4,57,rendimiento_medio,q2_medio_bajo,2010,jean michel jarre,oxygene pt 4,0,0,False,0,Canciones Energeticas
635,a head full of dreams,coldplay,permanent wave,2015,123,92,45,-5,33,8,224,0,7,68,rendimiento_medio,q3_medio_alto,2010,coldplay,a head full of dreams,6,6,True,0,Canciones Energeticas
636,we come 1 - radio edit,faithless,big beat,2015,136,90,65,-11,15,61,222,0,4,54,rendimiento_medio,q2_medio_bajo,2010,faithless,we come 1 radio edit,0,0,False,0,Canciones Energeticas
637,forever man - 2015 remaster,eric clapton,album rock,2015,111,90,64,-6,17,78,192,20,4,46,zona_critica,q1_bajo,2010,eric clapton,forever man 2015 remaster,10,10,True,0,Canciones Energeticas
638,down man,brainbox,dutch prog,2015,168,76,43,-9,10,51,155,0,6,35,zona_critica,q1_bajo,2010,brainbox,down man,0,0,False,0,Canciones Energeticas
639,liquid spirit - claptone remix,gregory porter,contemporary vocal jazz,2015,121,62,88,-9,5,30,384,0,5,63,rendimiento_medio,q3_medio_alto,2010,gregory porter,liquid spirit claptone remix,2,2,True,0,Canciones Energeticas
640,living doll - 2003 remaster,cliff richard & the drifters,rock-and-roll,2015,127,47,76,-7,10,77,157,54,4,33,zona_critica,q1_bajo,2010,cliff richard the drifters,living doll 2003 remaster,0,0,False,0,Canciones Energeticas
641,ocean of night,editors,alternative dance,2015,106,67,57,-10,11,25,305,2,3,58,rendimiento_medio,q2_medio_bajo,2010,editors,ocean of night,0,0,False,0,Canciones Energeticas
642,be the one,dua lipa,dance pop,2015,87,65,66,-4,6,37,203,12,5,73,potencial_premium,q4_alto,2010,dua lipa,be the one,0,0,False,0,Canciones Energeticas
643,up&up,coldplay,permanent wave,2015,164,72,48,-5,10,25,405,5,6,70,rendimiento_medio,q3_medio_alto,2010,coldplay,up up,6,6,True,0,Canciones Energeticas
644,ship to wreck,florence + the machine,art pop,2015,142,92,56,-4,28,59,235,0,3,54,rendimiento_medio,q2_medio_bajo,2010,florence the machine,ship to wreck,0,0,False,0,Canciones Energeticas
645,love yourself,justin bieber,canadian pop,2015,100,38,61,-10,28,52,234,84,44,83,potencial_premium,q4_alto,2010,justin bieber,love yourself,0,0,False,1,Baladas Acusticas
646,happy xmas (war is over),john lennon,album rock,2015,147,68,40,-6,68,60,212,18,3,47,zona_critica,q1_bajo,2010,john lennon,happy xmas war is over,1,1,True,0,Canciones Energeticas
647,sorry,kensington,dutch pop,2016,134,41,46,-8,10,9,227,50,3,63,rendimiento_medio,q3_medio_alto,2010,kensington,sorry,0,0,False,1,Baladas Acusticas
648,cold little heart,michael kiwanuka,british soul,2016,108,40,49,-8,14,15,598,49,3,67,rendimiento_medio,q3_medio_alto,2010,michael kiwanuka,cold little heart,0,0,False,1,Baladas Acusticas
649,barcelona,freddie mercury,glam rock,2016,170,46,18,-9,9,13,267,74,4,40,zona_critica,q1_bajo,2010,freddie mercury,barcelona,0,0,False,1,Baladas Acusticas
650,leef,andré hazes jr.,dutch pop,2016,121,73,67,-7,18,78,218,28,4,62,rendimiento_medio,q2_medio_bajo,2010,andr hazes jr,leef,0,0,False,0,Canciones Energeticas
651,hello,adele,british soul,2016,158,45,48,-6,9,29,295,34,3,73,potencial_premium,q4_alto,2010,adele,hello,11,11,True,0,Canciones Energeticas
652,against all odds (take a look at me now) - 2016 remaster,phil collins,mellow gold,2016,116,50,58,-7,13,11,206,20,3,74,potencial_premium,q4_alto,2010,phil collins,against all odds take a look at me now 2016 remaster,5,5,True,0,Canciones Energeticas
653,treur niet (ode aan het leven),diggy dex,dutch hip hop,2016,98,72,68,-9,13,57,225,20,6,60,rendimiento_medio,q2_medio_bajo,2010,diggy dex,treur niet ode aan het leven,0,0,False,0,Canciones Energeticas
654,when we were young,adele,british soul,2016,144,59,38,-6,9,27,291,35,5,73,potencial_premium,q4_alto,2010,adele,when we were young,11,11,True,0,Canciones Energeticas
655,do i ever,kensington,dutch pop,2016,163,79,39,-6,40,34,204,0,5,53,rendimiento_medio,q2_medio_bajo,2010,kensington,do i ever,0,0,False,0,Canciones Energeticas
656,"can't stop the feeling! (original song from dreamworks animation's ""trolls"")",justin timberlake,dance pop,2016,113,83,67,-6,10,70,238,1,7,75,potencial_premium,q4_alto,2010,justin timberlake,can t stop the feeling original song from dreamworks animation s trolls,4,4,True,0,Canciones Energeticas
657,whatever you want,status quo,album rock,2016,123,55,55,-11,18,42,242,85,4,36,zona_critica,q1_bajo,2010,status quo,whatever you want,0,0,False,1,Baladas Acusticas
658,lazarus,david bowie,album rock,2016,130,70,66,-7,9,51,382,5,3,61,rendimiento_medio,q2_medio_bajo,2010,david bowie,lazarus,3,3,True,0,Canciones Energeticas
659,million years ago,adele,british soul,2016,106,27,72,-8,11,18,227,73,3,62,rendimiento_medio,q2_medio_bajo,2010,adele,million years ago,11,11,True,1,Baladas Acusticas
660,dark necessities,red hot chili peppers,alternative rock,2016,92,74,70,-7,11,20,302,7,7,74,potencial_premium,q4_alto,2010,red hot chili peppers,dark necessities,3,3,True,0,Canciones Energeticas
661,you want it darker,leonard cohen,canadian folk,2016,109,33,67,-17,8,49,284,61,6,63,rendimiento_medio,q3_medio_alto,2010,leonard cohen,you want it darker,1,1,True,1,Baladas Acusticas
662,bridges,kensington,dutch pop,2016,150,83,38,-7,7,45,220,0,6,49,zona_critica,q1_bajo,2010,kensington,bridges,0,0,False,0,Canciones Energeticas
663,once upon a time in the west - main theme,ennio morricone,classic soundtrack,2016,90,21,12,-11,13,5,223,84,4,54,rendimiento_medio,q2_medio_bajo,2010,ennio morricone,once upon a time in the west main theme,0,0,False,1,Baladas Acusticas
664,mooi,marco borsato,dutch cabaret,2016,150,43,49,-8,12,31,315,10,3,59,rendimiento_medio,q2_medio_bajo,2010,marco borsato,mooi,0,0,False,0,Canciones Energeticas
665,i just can't help believin',elvis presley,adult standards,2016,142,66,46,-8,9,34,274,28,5,44,zona_critica,q1_bajo,2010,elvis presley,i just can t help believin,3,3,True,0,Canciones Energeticas
666,love & hate,michael kiwanuka,british soul,2016,170,49,28,-8,17,53,427,16,3,66,rendimiento_medio,q3_medio_alto,2010,michael kiwanuka,love hate,0,0,False,0,Canciones Energeticas
667,new gold dream (81/82/83/84),simple minds,art rock,2016,123,75,59,-11,34,66,339,0,3,44,zona_critica,q1_bajo,2010,simple minds,new gold dream 81 82 83 84,0,0,False,0,Canciones Energeticas
668,disco inferno,the trammps,disco,2016,130,70,68,-9,14,81,214,0,3,54,rendimiento_medio,q2_medio_bajo,2010,the trammps,disco inferno,0,0,False,0,Canciones Energeticas
669,someone somewhere (in summertime),simple minds,art rock,2016,100,53,56,-11,11,67,278,2,3,41,zona_critica,q1_bajo,2010,simple minds,someone somewhere in summertime,0,0,False,0,Canciones Energeticas
670,24k magic,bruno mars,dance pop,2016,107,80,82,-4,15,63,226,3,8,78,potencial_premium,q4_alto,2010,bruno mars,24k magic,6,6,True,0,Canciones Energeticas
671,blackstar,david bowie,album rock,2016,98,55,37,-8,18,11,598,21,3,55,rendimiento_medio,q2_medio_bajo,2010,david bowie,blackstar,3,3,True,1,Baladas Acusticas
672,water under the bridge,adele,british soul,2016,95,84,60,-7,11,47,240,2,7,67,rendimiento_medio,q3_medio_alto,2010,adele,water under the bridge,11,11,True,0,Canciones Energeticas
673,all i ask,adele,british soul,2016,142,28,59,-5,15,34,272,88,3,70,rendimiento_medio,q3_medio_alto,2010,adele,all i ask,11,11,True,1,Baladas Acusticas
674,the life i live,q'65,dutch prog,2016,131,46,60,-12,22,80,204,10,4,27,zona_critica,q1_bajo,2010,q 65,the life i live,0,0,False,0,Canciones Energeticas
675,we all stand together - remastered 2016,paul mccartney,album rock,2016,72,26,35,-12,13,48,265,61,3,24,zona_critica,q1_bajo,2010,paul mccartney,we all stand together remastered 2016,4,4,True,1,Baladas Acusticas
676,heathens,twenty one pilots,modern rock,2016,90,40,73,-9,11,55,196,8,3,81,potencial_premium,q4_alto,2010,twenty one pilots,heathens,1,1,True,0,Canciones Energeticas
677,jacob’s song,douwe bob,dutch americana,2016,74,51,36,-8,16,15,318,4,3,40,zona_critica,q1_bajo,2010,douwe bob,jacob s song,0,0,False,0,Canciones Energeticas
678,way down we go,kaleo,icelandic indie,2016,163,51,49,-8,10,34,214,58,12,76,potencial_premium,q4_alto,2010,kaleo,way down we go,0,0,False,1,Baladas Acusticas
679,7 years,lukas graham,danish pop,2016,120,47,77,-6,39,34,237,29,5,80,potencial_premium,q4_alto,2010,lukas graham,7 years,0,0,False,0,Canciones Energeticas
680,forbidden colours,ryuichi sakamoto,compositional ambient,2016,105,24,61,-17,25,37,290,76,3,28,zona_critica,q1_bajo,2010,ryuichi sakamoto,forbidden colours,0,0,False,1,Baladas Acusticas
681,the book of love,gavin james,neo mellow,2016,108,7,52,-14,13,27,177,70,4,34,zona_critica,q1_bajo,2010,gavin james,the book of love,0,0,False,1,Baladas Acusticas
682,zoutelande - feat. geike,bløf,dutch pop,2017,129,64,67,-7,14,89,223,22,3,41,zona_critica,q1_bajo,2010,bl f,zoutelande feat geike,0,0,False,0,Canciones Energeticas
683,pokémon theme-new studio recording,jason paige,pop,2017,145,91,57,-5,14,40,197,3,5,41,zona_critica,q1_bajo,2010,jason paige,pok mon theme new studio recording,0,0,False,0,Canciones Energeticas
684,perfect,ed sheeran,pop,2017,95,45,60,-6,11,17,263,16,2,87,potencial_premium,q4_alto,2010,ed sheeran,perfect,4,4,True,0,Canciones Energeticas
685,thriller,michael jackson,pop,2017,118,89,76,-4,85,72,358,8,7,69,rendimiento_medio,q3_medio_alto,2010,michael jackson,thriller,9,9,True,0,Canciones Energeticas
686,boulevard of broken dreams,green day,modern rock,2017,167,68,50,-4,6,47,262,1,3,74,potencial_premium,q4_alto,2010,green day,boulevard of broken dreams,4,4,True,0,Canciones Energeticas
687,what about us,p!nk,dance pop,2017,114,59,49,-6,9,19,270,3,5,76,potencial_premium,q4_alto,2010,p nk,what about us,0,0,False,0,Canciones Energeticas
688,shape of you,ed sheeran,pop,2017,96,65,83,-3,9,93,234,58,8,87,potencial_premium,q4_alto,2010,ed sheeran,shape of you,4,4,True,0,Canciones Energeticas
689,believer,imagine dragons,modern rock,2017,125,78,78,-4,8,67,204,6,13,88,potencial_premium,q4_alto,2010,imagine dragons,believer,1,1,True,0,Canciones Energeticas
690,human,rag'n'bone man,neo soul,2017,75,71,60,-4,17,55,200,39,30,78,potencial_premium,q4_alto,2010,rag n bone man,human,0,0,False,0,Canciones Energeticas
691,het het nog nooit zo donker west,ede staal,streektaal,2017,98,21,61,-20,8,42,274,60,3,28,zona_critica,q1_bajo,2010,ede staal,het het nog nooit zo donker west,0,0,False,1,Baladas Acusticas
692,castle on the hill,ed sheeran,pop,2017,135,83,46,-5,14,47,261,2,10,79,potencial_premium,q4_alto,2010,ed sheeran,castle on the hill,4,4,True,0,Canciones Energeticas
693,sign of the times,harry styles,dance pop,2017,120,60,52,-5,11,22,341,3,3,80,potencial_premium,q4_alto,2010,harry styles,sign of the times,0,0,False,0,Canciones Energeticas
694,in the blood,john mayer,neo mellow,2017,80,66,55,-7,10,52,244,39,3,66,rendimiento_medio,q3_medio_alto,2010,john mayer,in the blood,6,6,True,0,Canciones Energeticas
695,nao ’t zuuje,lex uiting,carnaval limburg,2017,190,53,26,-6,5,45,213,39,4,41,zona_critica,q1_bajo,2010,lex uiting,nao t zuuje,0,0,False,0,Canciones Energeticas
696,"roll over lay down - live at the kursaal, southend / 1975",status quo,album rock,2017,132,69,34,-9,34,21,341,0,4,32,zona_critica,q1_bajo,2010,status quo,roll over lay down live at the kursaal southend 1975,0,0,False,0,Canciones Energeticas
697,whatever it takes,imagine dragons,modern rock,2017,135,66,67,-5,12,56,201,4,3,82,potencial_premium,q4_alto,2010,imagine dragons,whatever it takes,1,1,True,0,Canciones Energeticas
698,amigo,chef'special,dutch indie,2017,145,91,55,-5,35,64,180,1,7,33,zona_critica,q1_bajo,2010,chef special,amigo,0,0,False,0,Canciones Energeticas
699,iederene hef een reden,bökkers,dutch rock,2017,108,61,57,-9,10,69,185,56,4,41,zona_critica,q1_bajo,2010,b kkers,iederene hef een reden,0,0,False,0,Canciones Energeticas
700,everything now,arcade fire,alternative dance,2017,116,87,55,-5,46,61,303,0,3,66,rendimiento_medio,q3_medio_alto,2010,arcade fire,everything now,1,1,True,0,Canciones Energeticas
701,sorry,nothing but thieves,alternative pop rock,2017,128,78,67,-5,13,52,215,0,3,62,rendimiento_medio,q2_medio_bajo,2010,nothing but thieves,sorry,0,0,False,0,Canciones Energeticas
702,one more light,linkin park,alternative metal,2017,84,20,59,-11,9,17,255,90,3,75,potencial_premium,q4_alto,2010,linkin park,one more light,1,1,True,1,Baladas Acusticas
703,through the barricades - remastered,spandau ballet,dance rock,2017,146,28,49,-14,12,17,360,30,3,60,rendimiento_medio,q2_medio_bajo,2010,spandau ballet,through the barricades remastered,0,0,False,1,Baladas Acusticas
704,freedom! '90 - remastered,george michael,dance rock,2017,92,85,68,-11,6,93,391,23,5,69,rendimiento_medio,q3_medio_alto,2010,george michael,freedom 90 remastered,1,1,True,0,Canciones Energeticas
705,amsterdam,nothing but thieves,alternative pop rock,2017,168,93,51,-5,24,67,272,0,24,63,rendimiento_medio,q3_medio_alto,2010,nothing but thieves,amsterdam,0,0,False,0,Canciones Energeticas
706,something just like this,the chainsmokers,electropop,2017,103,64,62,-7,16,45,247,5,3,84,potencial_premium,q4_alto,2010,the chainsmokers,something just like this,0,0,False,0,Canciones Energeticas
707,thunder,imagine dragons,modern rock,2017,168,82,61,-5,15,29,187,1,4,86,potencial_premium,q4_alto,2010,imagine dragons,thunder,1,1,True,0,Canciones Energeticas
708,thinking of a place,the war on drugs,chamber pop,2017,103,63,48,-7,12,16,671,39,3,59,rendimiento_medio,q2_medio_bajo,2010,the war on drugs,thinking of a place,1,1,True,0,Canciones Energeticas
709,happier,ed sheeran,pop,2017,90,39,52,-7,14,24,208,54,3,83,potencial_premium,q4_alto,2010,ed sheeran,happier,4,4,True,1,Baladas Acusticas
710,galway girl,ed sheeran,pop,2017,100,88,62,-3,33,78,171,7,10,80,potencial_premium,q4_alto,2010,ed sheeran,galway girl,4,4,True,0,Canciones Energeticas
711,sunny days,armin van buuren,edm,2017,115,71,63,-7,14,24,210,1,3,54,rendimiento_medio,q2_medio_bajo,2010,armin van buuren,sunny days,0,0,False,0,Canciones Energeticas
712,supermarket flowers,ed sheeran,pop,2017,90,24,59,-11,9,26,221,91,4,78,potencial_premium,q4_alto,2010,ed sheeran,supermarket flowers,4,4,True,1,Baladas Acusticas
713,holiday,green day,modern rock,2017,147,89,55,-3,89,72,233,0,3,67,rendimiento_medio,q3_medio_alto,2010,green day,holiday,4,4,True,0,Canciones Energeticas
714,max,paolo conte,italian pop,2017,125,40,50,-9,12,15,225,34,3,25,zona_critica,q1_bajo,2010,paolo conte,max,0,0,False,1,Baladas Acusticas
715,rapper's delight,the sugarhill gang,east coast hip hop,2017,112,75,91,-10,4,83,234,7,25,48,zona_critica,q1_bajo,2010,the sugarhill gang,rapper s delight,0,0,False,0,Canciones Energeticas
716,pain,the war on drugs,chamber pop,2017,116,83,52,-4,8,48,331,0,4,62,rendimiento_medio,q2_medio_bajo,2010,the war on drugs,pain,1,1,True,0,Canciones Energeticas
717,love on the rocks,neil diamond,adult standards,2017,103,31,40,-8,12,31,262,92,3,40,zona_critica,q1_bajo,2010,neil diamond,love on the rocks,0,0,False,1,Baladas Acusticas
718,tuesday afternoon (forever afternoon),the moody blues,album rock,2017,114,32,50,-13,24,30,249,10,3,50,rendimiento_medio,q2_medio_bajo,2010,the moody blues,tuesday afternoon forever afternoon,0,0,False,1,Baladas Acusticas
719,magnificent (she says),elbow,britpop,2017,92,87,51,-7,5,39,266,19,5,31,zona_critica,q1_bajo,2010,elbow,magnificent she says,0,0,False,0,Canciones Energeticas
720,nicotine,chef'special,dutch indie,2017,90,30,64,-10,10,44,238,62,3,36,zona_critica,q1_bajo,2010,chef special,nicotine,0,0,False,1,Baladas Acusticas
721,homesick,dua lipa,dance pop,2017,86,22,43,-9,11,40,230,95,4,71,rendimiento_medio,q3_medio_alto,2010,dua lipa,homesick,0,0,False,1,Baladas Acusticas
722,beautiful trauma,p!nk,dance pop,2017,96,62,41,-6,40,23,250,9,7,68,rendimiento_medio,q3_medio_alto,2010,p nk,beautiful trauma,0,0,False,0,Canciones Energeticas
723,world gone mad,bastille,metropopolis,2017,140,68,51,-3,18,36,196,28,3,64,rendimiento_medio,q3_medio_alto,2010,bastille,world gone mad,0,0,False,0,Canciones Energeticas
724,leave a light on,tom walker,indie anthem-folk,2017,69,62,59,-6,13,27,186,2,11,75,potencial_premium,q4_alto,2010,tom walker,leave a light on,0,0,False,0,Canciones Energeticas
725,skin,rag'n'bone man,neo soul,2017,171,75,56,-8,15,35,240,27,31,69,rendimiento_medio,q3_medio_alto,2010,rag n bone man,skin,0,0,False,0,Canciones Energeticas
726,lost on you,lp,la pop,2017,174,72,43,-6,9,69,268,10,4,78,potencial_premium,q4_alto,2010,lp,lost on you,0,0,False,0,Canciones Energeticas
727,shallow,lady gaga,dance pop,2018,96,39,57,-6,23,32,216,37,3,88,potencial_premium,q4_alto,2010,lady gaga,shallow,6,6,True,0,Canciones Energeticas
728,kleine jongen,andre hazes,dutch pop,2018,91,70,54,-6,10,56,221,5,3,30,zona_critica,q1_bajo,2010,andre hazes,kleine jongen,0,0,False,0,Canciones Energeticas
729,duurt te lang,davina michelle,dutch pop,2018,174,44,64,-14,9,15,154,13,20,68,rendimiento_medio,q3_medio_alto,2010,davina michelle,duurt te lang,0,0,False,1,Baladas Acusticas
730,i want to break free,queen,glam rock,2018,109,41,81,-9,8,50,223,11,4,59,rendimiento_medio,q2_medio_bajo,2010,queen,i want to break free,0,0,False,0,Canciones Energeticas
731,september,"earth, wind & fire",disco,2018,126,83,69,-7,25,98,215,17,3,82,potencial_premium,q4_alto,2010,earth wind fire,september,6,6,True,0,Canciones Energeticas
732,voor haar,frans halsema,dutch rock,2018,82,36,28,-12,25,36,172,65,3,30,zona_critica,q1_bajo,2010,frans halsema,voor haar,0,0,False,1,Baladas Acusticas
733,testament,boudewijn de groot,dutch indie,2018,122,40,43,-10,12,63,195,48,5,28,zona_critica,q1_bajo,2010,boudewijn de groot,testament,0,0,False,1,Baladas Acusticas
734,atemlos durch die nacht,helene fischer,german pop,2018,128,78,81,-4,19,82,220,6,5,38,zona_critica,q1_bajo,2010,helene fischer,atemlos durch die nacht,0,0,False,0,Canciones Energeticas
735,zij gelooft in mij,andre hazes,dutch pop,2018,152,60,32,-6,25,18,240,11,3,30,zona_critica,q1_bajo,2010,andre hazes,zij gelooft in mij,0,0,False,0,Canciones Energeticas
736,verdronken vlinder,boudewijn de groot,dutch indie,2018,128,54,33,-9,21,82,146,57,4,29,zona_critica,q1_bajo,2010,boudewijn de groot,verdronken vlinder,0,0,False,0,Canciones Energeticas
737,als het avond is,suzan & freek,dutch pop,2018,105,47,72,-7,11,45,206,53,3,65,rendimiento_medio,q3_medio_alto,2010,suzan freek,als het avond is,0,0,False,0,Canciones Energeticas
738,de vlieger,andre hazes,dutch pop,2018,105,66,40,-7,23,39,217,3,3,27,zona_critica,q1_bajo,2010,andre hazes,de vlieger,0,0,False,0,Canciones Energeticas
739,geef mij je angst,andre hazes,dutch pop,2018,140,57,34,-7,42,37,257,6,3,30,zona_critica,q1_bajo,2010,andre hazes,geef mij je angst,0,0,False,0,Canciones Energeticas
740,natural,imagine dragons,modern rock,2018,100,61,70,-6,8,22,189,22,4,84,potencial_premium,q4_alto,2010,imagine dragons,natural,1,1,True,0,Canciones Energeticas
741,ijskoud,nielson,dutch pop,2018,98,73,67,-7,37,15,210,4,5,65,rendimiento_medio,q3_medio_alto,2010,nielson,ijskoud,0,0,False,0,Canciones Energeticas
742,welterusten mijnheer de president,boudewijn de groot,dutch indie,2018,131,41,55,-11,24,86,152,46,5,23,zona_critica,q1_bajo,2010,boudewijn de groot,welterusten mijnheer de president,0,0,False,0,Canciones Energeticas
743,jimmy,boudewijn de groot,dutch indie,2018,111,74,66,-10,32,89,236,23,3,32,zona_critica,q1_bajo,2010,boudewijn de groot,jimmy,0,0,False,0,Canciones Energeticas
744,bad liar,imagine dragons,modern rock,2018,178,64,38,-7,37,8,261,7,7,83,potencial_premium,q4_alto,2010,imagine dragons,bad liar,1,1,True,0,Canciones Energeticas
745,sammy,ramses shaffy,dutch cabaret,2018,81,49,50,-8,14,76,135,76,5,23,zona_critica,q1_bajo,2010,ramses shaffy,sammy,0,0,False,1,Baladas Acusticas
746,high hopes,panic! at the disco,baroque pop,2018,82,90,58,-3,6,68,191,19,6,87,potencial_premium,q4_alto,2010,panic at the disco,high hopes,0,0,False,0,Canciones Energeticas
747,het land van maas en waal,boudewijn de groot,dutch indie,2018,126,60,73,-10,6,96,179,40,5,23,zona_critica,q1_bajo,2010,boudewijn de groot,het land van maas en waal,0,0,False,0,Canciones Energeticas
748,shotgun,george ezra,folk-pop,2018,116,74,67,-5,24,75,201,29,5,82,potencial_premium,q4_alto,2010,george ezra,shotgun,0,0,False,0,Canciones Energeticas
749,new light,john mayer,neo mellow,2018,124,69,83,-8,8,85,216,33,3,81,potencial_premium,q4_alto,2010,john mayer,new light,6,6,True,0,Canciones Energeticas
750,you say,lauren daigle,ccm,2018,148,63,49,-7,9,8,275,68,3,80,potencial_premium,q4_alto,2010,lauren daigle,you say,1,1,True,1,Baladas Acusticas
751,een beetje verliefd,andre hazes,dutch pop,2018,198,61,30,-7,15,33,251,6,3,32,zona_critica,q1_bajo,2010,andre hazes,een beetje verliefd,0,0,False,0,Canciones Energeticas
752,someone you loved,lewis capaldi,pop,2018,110,41,50,-6,11,45,182,75,3,85,potencial_premium,q4_alto,2010,lewis capaldi,someone you loved,0,0,False,1,Baladas Acusticas
753,banger hart - radio mix,rob de nijs,dutch pop,2018,124,89,77,-9,6,97,261,7,4,16,zona_critica,q1_bajo,2010,rob de nijs,banger hart radio mix,0,0,False,0,Canciones Energeticas
754,malle babbe,rob de nijs,dutch pop,2018,87,38,35,-10,12,53,253,73,4,15,zona_critica,q1_bajo,2010,rob de nijs,malle babbe,0,0,False,1,Baladas Acusticas
755,vluchten kan niet meer,frans halsema,dutch rock,2018,87,25,41,-13,38,32,221,74,3,17,zona_critica,q1_bajo,2010,frans halsema,vluchten kan niet meer,0,0,False,1,Baladas Acusticas
756,faded,alan walker,electro house,2018,180,63,47,-5,11,16,212,3,5,80,potencial_premium,q4_alto,2010,alan walker,faded,0,0,False,0,Canciones Energeticas
757,high on life (feat. bonn),martin garrix,big room,2018,128,49,41,-6,11,37,231,1,3,78,potencial_premium,q4_alto,2010,martin garrix,high on life feat bonn,0,0,False,0,Canciones Energeticas
758,het is koud zonder jou,andre hazes,dutch pop,2018,197,64,18,-7,12,52,241,11,4,30,zona_critica,q1_bajo,2010,andre hazes,het is koud zonder jou,0,0,False,0,Canciones Energeticas
759,n vriend,andre hazes,dutch pop,2018,68,58,23,-7,9,49,292,8,3,31,zona_critica,q1_bajo,2010,andre hazes,n vriend,0,0,False,0,Canciones Energeticas
760,always remember us this way,lady gaga,dance pop,2018,130,50,55,-6,76,30,210,30,4,81,potencial_premium,q4_alto,2010,lady gaga,always remember us this way,6,6,True,0,Canciones Energeticas
761,een meisje van zestien,boudewijn de groot,dutch indie,2018,140,49,57,-11,17,73,179,2,5,20,zona_critica,q1_bajo,2010,boudewijn de groot,een meisje van zestien,0,0,False,0,Canciones Energeticas
762,why don't you do right,beth hart,blues rock,2018,106,74,63,-8,17,67,276,47,4,44,zona_critica,q1_bajo,2010,beth hart,why don t you do right,0,0,False,0,Canciones Energeticas
763,de zon op,diggy dex,dutch hip hop,2018,100,57,74,-8,10,57,209,51,4,52,rendimiento_medio,q2_medio_bajo,2010,diggy dex,de zon op,0,0,False,0,Canciones Energeticas
764,youngblood,5 seconds of summer,boy band,2018,120,85,60,-5,12,15,203,2,46,84,potencial_premium,q4_alto,2010,5 seconds of summer,youngblood,0,0,False,0,Canciones Energeticas
765,prikkebeen,boudewijn de groot,dutch indie,2018,109,52,57,-11,13,33,252,5,3,17,zona_critica,q1_bajo,2010,boudewijn de groot,prikkebeen,0,0,False,0,Canciones Energeticas
766,outlaw in 'em,waylon,dutch americana,2018,87,93,50,-3,37,68,217,3,8,39,zona_critica,q1_bajo,2010,waylon,outlaw in em,0,0,False,0,Canciones Energeticas
767,als de rook om je hoofd is verdwenen,boudewijn de groot,dutch indie,2018,132,71,42,-11,3,64,205,14,3,19,zona_critica,q1_bajo,2010,boudewijn de groot,als de rook om je hoofd is verdwenen,0,0,False,0,Canciones Energeticas
768,skandal im sperrbezirk,spider murphy gang,austropop,2018,93,84,64,-8,21,89,216,42,4,26,zona_critica,q1_bajo,2010,spider murphy gang,skandal im sperrbezirk,0,0,False,0,Canciones Energeticas
769,pain and misery,the teskey brothers,australian americana,2018,89,34,71,-7,16,49,241,79,3,50,rendimiento_medio,q2_medio_bajo,2010,the teskey brothers,pain and misery,0,0,False,1,Baladas Acusticas
770,i do,douwe bob,dutch americana,2018,73,25,49,-11,8,27,202,88,3,52,rendimiento_medio,q2_medio_bajo,2010,douwe bob,i do,0,0,False,1,Baladas Acusticas
771,het laatste rondje - remastered,andre hazes,dutch pop,2018,103,76,53,-7,14,84,258,6,4,33,zona_critica,q1_bajo,2010,andre hazes,het laatste rondje remastered,0,0,False,0,Canciones Energeticas
772,guiding light,mumford & sons,modern folk rock,2018,100,71,55,-8,8,30,218,6,5,60,rendimiento_medio,q2_medio_bajo,2010,mumford sons,guiding light,1,1,True,0,Canciones Energeticas
773,havana (feat. young thug),camila cabello,dance pop,2018,105,52,77,-4,13,39,217,18,3,85,potencial_premium,q4_alto,2010,camila cabello,havana feat young thug,0,0,False,0,Canciones Energeticas
774,hou vol hou vast,bløf,dutch pop,2018,86,61,51,-5,8,23,295,0,2,12,zona_critica,q1_bajo,2010,bl f,hou vol hou vast,0,0,False,0,Canciones Energeticas
775,one kiss (with dua lipa),calvin harris,dance pop,2018,124,86,79,-3,8,59,215,4,11,86,potencial_premium,q4_alto,2010,calvin harris,one kiss with dua lipa,0,0,False,0,Canciones Energeticas
776,nothing breaks like a heart (feat. miley cyrus),mark ronson,dance pop,2018,114,79,60,-6,39,24,217,1,7,79,potencial_premium,q4_alto,2010,mark ronson,nothing breaks like a heart feat miley cyrus,0,0,False,0,Canciones Energeticas
777,lay your weapons down,ilse delange,dutch americana,2018,94,68,54,-9,9,47,219,1,6,21,zona_critica,q1_bajo,2010,ilse delange,lay your weapons down,0,0,False,0,Canciones Energeticas
778,in my blood,shawn mendes,canadian pop,2018,140,71,62,-7,13,49,211,6,7,82,potencial_premium,q4_alto,2010,shawn mendes,in my blood,0,0,False,0,Canciones Energeticas
779,roller coaster,danny vera,dutch americana,2019,97,38,40,-10,12,28,270,51,3,70,rendimiento_medio,q3_medio_alto,2010,danny vera,roller coaster,0,0,False,1,Baladas Acusticas
780,arcade,duncan laurence,dutch pop,2019,72,33,45,-13,14,27,184,82,4,73,potencial_premium,q4_alto,2010,duncan laurence,arcade,0,0,False,1,Baladas Acusticas
781,a whiter shade of pale - original single version,procol harum,album rock,2019,150,66,25,-7,9,44,249,50,3,67,rendimiento_medio,q3_medio_alto,2010,procol harum,a whiter shade of pale original single version,0,0,False,0,Canciones Energeticas
782,don't you (forget about me),simple minds,art rock,2019,111,75,67,-9,29,69,261,8,3,73,potencial_premium,q4_alto,2010,simple minds,don t you forget about me,0,0,False,0,Canciones Energeticas
783,the load-out - remastered,jackson browne,album rock,2019,106,32,52,-12,13,31,335,74,3,37,zona_critica,q1_bajo,2010,jackson browne,the load out remastered,0,0,False,1,Baladas Acusticas
784,stay - remastered,jackson browne,album rock,2019,107,77,60,-8,11,72,204,10,3,36,zona_critica,q1_bajo,2010,jackson browne,stay remastered,0,0,False,0,Canciones Energeticas
785,last christmas,wham!,dance rock,2019,108,58,74,-9,18,94,265,19,3,85,potencial_premium,q4_alto,2010,wham,last christmas,0,0,False,0,Canciones Energeticas
786,time to give,white lies,alternative dance,2019,120,83,43,-6,14,35,455,2,5,50,rendimiento_medio,q2_medio_bajo,2010,white lies,time to give,0,0,False,0,Canciones Energeticas
787,bad guy,billie eilish,electropop,2019,135,43,70,-11,10,56,194,33,38,95,potencial_premium,q4_alto,2010,billie eilish,bad guy,4,4,True,0,Canciones Energeticas
788,memories,maroon 5,pop,2019,91,32,76,-7,8,57,189,84,5,98,potencial_premium,q4_alto,2010,maroon 5,memories,2,2,True,1,Baladas Acusticas
789,love like blood,killing joke,alternative metal,2019,124,76,40,-8,37,49,261,10,5,37,zona_critica,q1_bajo,2010,killing joke,love like blood,0,0,False,0,Canciones Energeticas
790,reünie,snelle,dutch hip hop,2019,96,35,51,-9,59,51,172,67,15,71,rendimiento_medio,q3_medio_alto,2010,snelle,re nie,0,0,False,1,Baladas Acusticas
791,about a girl - live version,nirvana,alternative rock,2019,121,76,61,-9,73,63,218,14,7,50,rendimiento_medio,q2_medio_bajo,2010,nirvana,about a girl live version,1,1,True,0,Canciones Energeticas
792,deutschland,rammstein,alternative metal,2019,120,90,52,-5,10,24,322,0,4,72,potencial_premium,q4_alto,2010,rammstein,deutschland,0,0,False,0,Canciones Energeticas
793,phantom of the opera,floor jansen,dutch pop,2019,132,87,47,-6,25,27,244,0,5,56,rendimiento_medio,q2_medio_bajo,2010,floor jansen,phantom of the opera,0,0,False,0,Canciones Energeticas
794,dance monkey,tones and i,australian pop,2019,98,59,82,-6,15,51,209,69,9,100,potencial_premium,q4_alto,2010,tones and i,dance monkey,0,0,False,0,Canciones Energeticas
795,blauwe dag,suzan & freek,dutch pop,2019,98,56,70,-7,28,51,183,25,5,68,rendimiento_medio,q3_medio_alto,2010,suzan freek,blauwe dag,0,0,False,0,Canciones Energeticas
796,homburg - single version - 2009 remaster - mono,procol harum,album rock,2019,142,66,36,-8,6,38,237,10,3,32,zona_critica,q1_bajo,2010,procol harum,homburg single version 2009 remaster mono,0,0,False,0,Canciones Energeticas
797,uncharted,kensington,dutch pop,2019,139,53,59,-7,29,23,241,14,3,65,rendimiento_medio,q3_medio_alto,2010,kensington,uncharted,0,0,False,0,Canciones Energeticas
798,despacito,luis fonsi,latin,2019,178,80,66,-5,7,84,229,20,15,80,potencial_premium,q4_alto,2010,luis fonsi,despacito,1,1,True,0,Canciones Energeticas
799,dancing on my own,calum scott,australian pop,2019,113,17,68,-9,10,24,260,84,3,28,zona_critica,q1_bajo,2010,calum scott,dancing on my own,0,0,False,1,Baladas Acusticas
800,child in time,deep purple,album rock,1970,127,46,34,-11,9,35,620,17,4,45,zona_critica,q1_bajo,1970,deep purple,child in time,0,0,False,1,Baladas Acusticas
801,let it be - remastered 2009,the beatles,british invasion,1970,143,40,44,-8,11,41,243,63,3,79,potencial_premium,q4_alto,1970,the beatles,let it be remastered 2009,8,8,True,1,Baladas Acusticas
802,bridge over troubled water,simon & garfunkel,classic rock,1970,80,21,15,-14,12,26,293,82,3,71,rendimiento_medio,q3_medio_alto,1970,simon garfunkel,bridge over troubled water,0,0,False,1,Baladas Acusticas
803,paranoid - 2016 remaster,black sabbath,album rock,1970,163,66,42,-12,18,45,168,0,7,68,rendimiento_medio,q3_medio_alto,1970,black sabbath,paranoid 2016 remaster,2,2,True,0,Canciones Energeticas
804,have you ever seen the rain,creedence clearwater revival,album rock,1970,116,47,74,-13,19,89,160,9,3,71,rendimiento_medio,q3_medio_alto,1970,creedence clearwater revival,have you ever seen the rain,0,0,False,0,Canciones Energeticas
805,your song,elton john,glam rock,1970,128,32,55,-11,10,33,242,83,3,77,potencial_premium,q4_alto,1970,elton john,your song,2,2,True,1,Baladas Acusticas
806,the boxer,simon & garfunkel,classic rock,1970,93,49,44,-14,16,63,309,70,6,72,potencial_premium,q4_alto,1970,simon garfunkel,the boxer,0,0,False,1,Baladas Acusticas
807,du,peter maffay,classic schlager,1970,94,45,49,-12,43,46,298,15,3,53,rendimiento_medio,q2_medio_bajo,1970,peter maffay,du,0,0,False,1,Baladas Acusticas
808,i walk the line,johnny cash,arkansas country,1970,99,26,71,-15,10,56,177,88,4,71,rendimiento_medio,q3_medio_alto,1970,johnny cash,i walk the line,8,8,True,1,Baladas Acusticas
809,samba pa ti,santana,blues rock,1970,92,36,41,-13,8,27,285,83,3,63,rendimiento_medio,q3_medio_alto,1970,santana,samba pa ti,4,4,True,1,Baladas Acusticas
810,immigrant song - remaster,led zeppelin,album rock,1970,113,93,56,-10,35,62,146,1,6,77,potencial_premium,q4_alto,1970,led zeppelin,immigrant song remaster,1,1,True,0,Canciones Energeticas
811,who'll stop the rain,creedence clearwater revival,album rock,1970,124,80,60,-7,7,62,147,4,3,66,rendimiento_medio,q3_medio_alto,1970,creedence clearwater revival,who ll stop the rain,0,0,False,0,Canciones Energeticas
812,our house,"crosby, stills, nash & young",album rock,1970,140,21,59,-15,12,38,180,90,5,68,rendimiento_medio,q3_medio_alto,1970,crosby stills nash young,our house,0,0,False,1,Baladas Acusticas
813,teach your children,"crosby, stills, nash & young",album rock,1970,155,28,50,-15,39,67,173,64,3,63,rendimiento_medio,q3_medio_alto,1970,crosby stills nash young,teach your children,0,0,False,1,Baladas Acusticas
814,the long and winding road - remastered 2009,the beatles,british invasion,1970,132,33,30,-10,6,39,218,76,3,64,rendimiento_medio,q3_medio_alto,1970,the beatles,the long and winding road remastered 2009,8,8,True,1,Baladas Acusticas
815,father and son,yusuf / cat stevens,british folk,1970,136,33,50,-11,10,40,221,59,3,74,potencial_premium,q4_alto,1970,yusuf cat stevens,father and son,0,0,False,1,Baladas Acusticas
816,almost cut my hair,"crosby, stills, nash & young",album rock,1970,137,47,47,-10,16,57,269,18,4,62,rendimiento_medio,q2_medio_bajo,1970,crosby stills nash young,almost cut my hair,0,0,False,1,Baladas Acusticas
817,el condor pasa (if i could),simon & garfunkel,classic rock,1970,148,21,33,-18,18,28,187,84,3,62,rendimiento_medio,q2_medio_bajo,1970,simon garfunkel,el condor pasa if i could,0,0,False,1,Baladas Acusticas
818,question,the moody blues,album rock,1970,76,66,22,-10,47,32,344,2,5,50,rendimiento_medio,q2_medio_bajo,1970,the moody blues,question,0,0,False,1,Baladas Acusticas
819,i heard it through the grapevine,creedence clearwater revival,album rock,1970,119,84,63,-6,10,88,663,8,5,47,zona_critica,q1_bajo,1970,creedence clearwater revival,i heard it through the grapevine,0,0,False,0,Canciones Energeticas
820,since i've been loving you - 1990 remaster,led zeppelin,album rock,1970,119,36,39,-11,12,31,444,0,3,63,rendimiento_medio,q3_medio_alto,1970,led zeppelin,since i ve been loving you 1990 remaster,1,1,True,1,Baladas Acusticas
821,get back - remastered 2009,the beatles,british invasion,1970,123,59,76,-10,61,33,189,49,6,65,rendimiento_medio,q3_medio_alto,1970,the beatles,get back remastered 2009,8,8,True,1,Baladas Acusticas
822,the man who sold the world - 2015 remaster,david bowie,album rock,1970,118,39,47,-14,14,55,241,64,3,63,rendimiento_medio,q3_medio_alto,1970,david bowie,the man who sold the world 2015 remaster,3,3,True,1,Baladas Acusticas
823,long as i can see the light,creedence clearwater revival,album rock,1970,127,41,71,-7,6,53,211,35,4,60,rendimiento_medio,q2_medio_bajo,1970,creedence clearwater revival,long as i can see the light,0,0,False,0,Canciones Energeticas
824,roadhouse blues,the doors,album rock,1970,121,63,61,-8,15,90,244,34,3,73,potencial_premium,q4_alto,1970,the doors,roadhouse blues,1,1,True,0,Canciones Energeticas
825,my sweet lord,george harrison,album rock,1970,121,70,54,-9,8,58,281,10,3,76,potencial_premium,q4_alto,1970,george harrison,my sweet lord,1,1,True,0,Canciones Energeticas
826,memories,earth & fire,classic uk pop,1970,131,79,31,-8,11,26,201,35,5,29,zona_critica,q1_bajo,1970,earth fire,memories,0,0,False,0,Canciones Energeticas
827,cecilia,simon & garfunkel,classic rock,1970,103,88,76,-9,22,95,175,36,4,73,potencial_premium,q4_alto,1970,simon garfunkel,cecilia,0,0,False,0,Canciones Energeticas
828,fire and rain,james taylor,adult standards,1970,76,35,61,-14,8,36,201,50,4,73,potencial_premium,q4_alto,1970,james taylor,fire and rain,4,4,True,1,Baladas Acusticas
829,lookin' out my back door,creedence clearwater revival,album rock,1970,105,66,75,-6,9,86,152,19,4,67,rendimiento_medio,q3_medio_alto,1970,creedence clearwater revival,lookin out my back door,0,0,False,0,Canciones Energeticas
830,25 or 6 to 4 - 2002 remaster,chicago,adult standards,1970,147,91,60,-7,8,72,290,31,6,64,rendimiento_medio,q3_medio_alto,1970,chicago,25 or 6 to 4 2002 remaster,1,1,True,0,Canciones Energeticas
831,working class hero - remastered 2010 / lennon legend version,john lennon,album rock,1970,159,17,48,-19,12,19,228,73,5,57,rendimiento_medio,q2_medio_bajo,1970,john lennon,working class hero remastered 2010 lennon legend version,1,1,True,1,Baladas Acusticas
832,lucky man - 2012 remastered version,"emerson, lake & palmer",album rock,1970,154,38,35,-16,5,48,276,9,3,60,rendimiento_medio,q2_medio_bajo,1970,emerson lake palmer,lucky man 2012 remastered version,0,0,False,1,Baladas Acusticas
833,into the mystic - 2013 remaster,van morrison,classic rock,1970,86,52,61,-10,12,80,206,37,3,72,potencial_premium,q4_alto,1970,van morrison,into the mystic 2013 remaster,0,0,False,0,Canciones Energeticas
834,carry on,"crosby, stills, nash & young",album rock,1970,119,50,46,-12,27,53,266,6,4,58,rendimiento_medio,q2_medio_bajo,1970,crosby stills nash young,carry on,0,0,False,1,Baladas Acusticas
835,(they long to be) close to you,carpenters,adult standards,1970,89,25,53,-15,12,24,276,71,3,60,rendimiento_medio,q2_medio_bajo,1970,carpenters,they long to be close to you,2,2,True,1,Baladas Acusticas
836,move on up,curtis mayfield,chicago soul,1970,139,97,54,-6,12,93,166,42,9,67,rendimiento_medio,q3_medio_alto,1970,curtis mayfield,move on up,0,0,False,0,Canciones Energeticas
837,tears in the morning - remastered 2009,the beach boys,baroque pop,1970,128,36,38,-11,29,24,251,71,4,38,zona_critica,q1_bajo,1970,the beach boys,tears in the morning remastered 2009,0,0,False,1,Baladas Acusticas
838,up around the bend,creedence clearwater revival,album rock,1970,130,85,59,-6,27,81,161,6,3,69,rendimiento_medio,q3_medio_alto,1970,creedence clearwater revival,up around the bend,0,0,False,0,Canciones Energeticas
839,southern man - 2009 remaster,neil young,album rock,1970,162,57,37,-9,13,66,331,39,3,53,rendimiento_medio,q2_medio_bajo,1970,neil young,southern man 2009 remaster,0,0,False,1,Baladas Acusticas
840,stairway to heaven - remaster,led zeppelin,album rock,1971,82,34,34,-12,12,20,483,58,3,79,potencial_premium,q4_alto,1970,led zeppelin,stairway to heaven remaster,1,1,True,1,Baladas Acusticas
841,imagine - remastered,john lennon,album rock,1971,76,26,55,-12,9,17,188,91,3,78,potencial_premium,q4_alto,1970,john lennon,imagine remastered,1,1,True,1,Baladas Acusticas
842,riders on the storm,the doors,album rock,1971,104,72,55,-12,11,72,435,25,3,74,potencial_premium,q4_alto,1970,the doors,riders on the storm,1,1,True,0,Canciones Energeticas
843,echoes,pink floyd,album rock,1971,134,32,28,-17,11,14,1412,37,4,58,rendimiento_medio,q2_medio_bajo,1970,pink floyd,echoes,1,1,True,1,Baladas Acusticas
844,vincent,don mclean,adult standards,1971,92,9,42,-19,34,46,243,91,4,69,rendimiento_medio,q3_medio_alto,1970,don mclean,vincent,0,0,False,1,Baladas Acusticas
845,me and bobby mcgee,janis joplin,blues rock,1971,93,46,45,-11,15,66,271,30,4,71,rendimiento_medio,q3_medio_alto,1970,janis joplin,me and bobby mcgee,0,0,False,1,Baladas Acusticas
846,baba o'riley,the who,album rock,1971,117,72,49,-8,29,15,300,31,4,77,potencial_premium,q4_alto,1970,the who,baba o riley,0,0,False,0,Canciones Energeticas
847,life on mars? - 2015 remaster,david bowie,album rock,1971,123,38,44,-15,5,22,236,64,4,71,rendimiento_medio,q3_medio_alto,1970,david bowie,life on mars 2015 remaster,3,3,True,1,Baladas Acusticas
848,i am...i said - single version,neil diamond,adult standards,1971,91,38,25,-14,11,51,213,14,3,60,rendimiento_medio,q2_medio_bajo,1970,neil diamond,i am i said single version,0,0,False,1,Baladas Acusticas
849,ain't no sunshine,bill withers,classic soul,1971,80,42,48,-11,12,51,125,46,12,76,potencial_premium,q4_alto,1970,bill withers,ain t no sunshine,0,0,False,1,Baladas Acusticas
850,wild horses,the rolling stones,album rock,1971,140,39,43,-7,8,16,342,69,3,72,potencial_premium,q4_alto,1970,the rolling stones,wild horses,3,3,True,1,Baladas Acusticas
851,l.a. woman,the doors,album rock,1971,171,73,35,-9,12,70,471,8,4,67,rendimiento_medio,q3_medio_alto,1970,the doors,l a woman,1,1,True,0,Canciones Energeticas
852,what's going on,marvin gaye,classic soul,1971,203,82,27,-6,36,81,233,10,10,69,rendimiento_medio,q3_medio_alto,1970,marvin gaye,what s going on,2,2,True,0,Canciones Energeticas
853,halo of flies,alice cooper,album rock,1971,122,57,39,-13,9,40,502,39,5,44,zona_critica,q1_bajo,1970,alice cooper,halo of flies,0,0,False,1,Baladas Acusticas
854,american pie,don mclean,adult standards,1971,138,48,53,-12,8,49,517,70,6,74,potencial_premium,q4_alto,1970,don mclean,american pie,0,0,False,1,Baladas Acusticas
855,tiny dancer,elton john,glam rock,1971,145,43,41,-11,15,28,377,38,3,79,potencial_premium,q4_alto,1970,elton john,tiny dancer,2,2,True,1,Baladas Acusticas
856,morning has broken,yusuf / cat stevens,british folk,1971,133,32,42,-13,9,41,200,62,3,68,rendimiento_medio,q3_medio_alto,1970,yusuf cat stevens,morning has broken,0,0,False,1,Baladas Acusticas
857,one way wind,the cats,classic uk pop,1971,109,65,65,-10,18,72,221,4,2,54,rendimiento_medio,q2_medio_bajo,1970,the cats,one way wind,0,0,False,0,Canciones Energeticas
858,one of these days,pink floyd,album rock,1971,104,51,38,-15,54,40,355,1,5,55,rendimiento_medio,q2_medio_bajo,1970,pink floyd,one of these days,1,1,True,1,Baladas Acusticas
859,nothing rhymed,gilbert o'sullivan,adult standards,1971,175,59,23,-9,13,55,204,31,4,35,zona_critica,q1_bajo,1970,gilbert o sullivan,nothing rhymed,0,0,False,1,Baladas Acusticas
860,brown sugar - remastered,the rolling stones,album rock,1971,129,93,63,-4,6,96,229,22,3,71,rendimiento_medio,q3_medio_alto,1970,the rolling stones,brown sugar remastered,3,3,True,0,Canciones Energeticas
861,you've got a friend,carole king,adult standards,1971,169,26,47,-11,12,46,309,88,3,68,rendimiento_medio,q3_medio_alto,1970,carole king,you ve got a friend,3,3,True,1,Baladas Acusticas
862,locomotive breath,jethro tull,album rock,1971,125,53,68,-13,6,35,266,42,9,60,rendimiento_medio,q2_medio_bajo,1970,jethro tull,locomotive breath,1,1,True,1,Baladas Acusticas
863,she flies on strange wings,golden earring,album rock,1971,131,70,32,-8,11,25,443,2,4,37,zona_critica,q1_bajo,1970,golden earring,she flies on strange wings,0,0,False,0,Canciones Energeticas
864,changes - 2015 remaster,david bowie,album rock,1971,115,31,55,-12,11,41,218,51,4,66,rendimiento_medio,q3_medio_alto,1970,david bowie,changes 2015 remaster,3,3,True,1,Baladas Acusticas
865,mercedes benz,janis joplin,blues rock,1971,87,11,70,-15,7,52,108,94,55,58,rendimiento_medio,q2_medio_bajo,1970,janis joplin,mercedes benz,0,0,False,1,Baladas Acusticas
866,honky tonk women - mono version,the rolling stones,album rock,1971,120,78,56,-7,7,97,179,36,6,67,rendimiento_medio,q3_medio_alto,1970,the rolling stones,honky tonk women mono version,3,3,True,0,Canciones Energeticas
867,you've got a friend,james taylor,adult standards,1971,92,28,70,-15,8,45,269,68,3,68,rendimiento_medio,q3_medio_alto,1970,james taylor,you ve got a friend,4,4,True,1,Baladas Acusticas
868,cry baby,janis joplin,blues rock,1971,83,42,47,-10,5,50,239,52,3,66,rendimiento_medio,q3_medio_alto,1970,janis joplin,cry baby,0,0,False,1,Baladas Acusticas
869,storm and thunder,earth & fire,classic uk pop,1971,133,33,27,-11,13,6,388,5,4,24,zona_critica,q1_bajo,1970,earth fire,storm and thunder,0,0,False,1,Baladas Acusticas
870,roundabout - 2003 remaster,yes,album rock,1971,133,76,41,-9,8,39,511,7,7,66,rendimiento_medio,q3_medio_alto,1970,yes,roundabout 2003 remaster,1,1,True,0,Canciones Energeticas
871,maggie may,rod stewart,adult standards,1971,129,57,61,-11,7,54,350,56,4,72,potencial_premium,q4_alto,1970,rod stewart,maggie may,1,1,True,1,Baladas Acusticas
872,won't get fooled again - original album version,the who,album rock,1971,135,92,69,-6,8,23,511,30,6,65,rendimiento_medio,q3_medio_alto,1970,the who,won t get fooled again original album version,0,0,False,0,Canciones Energeticas
873,after midnight,j.j. cale,blues,1971,96,31,69,-19,9,52,144,17,4,62,rendimiento_medio,q2_medio_bajo,1970,j j cale,after midnight,0,0,False,1,Baladas Acusticas
874,give up your guns,the buoys,alternative pop rock,1971,131,50,42,-13,20,66,254,48,3,39,zona_critica,q1_bajo,1970,the buoys,give up your guns,0,0,False,1,Baladas Acusticas
875,love her madly,the doors,album rock,1971,147,59,56,-7,4,97,198,6,3,67,rendimiento_medio,q3_medio_alto,1970,the doors,love her madly,1,1,True,0,Canciones Energeticas
876,rock and roll - remaster,led zeppelin,album rock,1971,170,89,32,-7,9,87,221,0,4,67,rendimiento_medio,q3_medio_alto,1970,led zeppelin,rock and roll remaster,1,1,True,0,Canciones Energeticas
877,black dog - remaster,led zeppelin,album rock,1971,81,86,44,-8,24,75,295,40,9,73,potencial_premium,q4_alto,1970,led zeppelin,black dog remaster,1,1,True,0,Canciones Energeticas
878,call me the breeze,j.j. cale,blues,1971,92,42,81,-15,10,84,157,75,4,58,rendimiento_medio,q2_medio_bajo,1970,j j cale,call me the breeze,0,0,False,1,Baladas Acusticas
879,famous blue raincoat,leonard cohen,canadian folk,1971,119,4,47,-22,11,18,311,95,4,63,rendimiento_medio,q3_medio_alto,1970,leonard cohen,famous blue raincoat,1,1,True,1,Baladas Acusticas
880,behind blue eyes,the who,album rock,1971,127,62,39,-8,9,34,221,21,3,71,rendimiento_medio,q3_medio_alto,1970,the who,behind blue eyes,0,0,False,0,Canciones Energeticas
881,yours is no disgrace - 2003 remaster,yes,album rock,1971,141,63,41,-10,51,80,581,0,6,43,zona_critica,q1_bajo,1970,yes,yours is no disgrace 2003 remaster,1,1,True,0,Canciones Energeticas
882,see emily play,pink floyd,album rock,1971,124,71,46,-9,13,41,174,21,4,50,rendimiento_medio,q2_medio_bajo,1970,pink floyd,see emily play,1,1,True,0,Canciones Energeticas
883,smoke on the water,deep purple,album rock,1972,114,59,63,-11,5,89,342,10,3,64,rendimiento_medio,q3_medio_alto,1970,deep purple,smoke on the water,0,0,False,0,Canciones Energeticas
884,perfect day,lou reed,art rock,1972,145,27,40,-12,10,9,225,74,3,69,rendimiento_medio,q3_medio_alto,1970,lou reed,perfect day,1,1,True,1,Baladas Acusticas
885,"rocket man (i think it's going to be a long, long time)",elton john,glam rock,1972,137,53,60,-9,9,34,282,43,3,82,potencial_premium,q4_alto,1970,elton john,rocket man i think it s going to be a long long time,2,2,True,1,Baladas Acusticas
886,heart of gold - 2009 remaster,neil young,album rock,1972,171,46,54,-10,10,80,187,19,3,71,rendimiento_medio,q3_medio_alto,1970,neil young,heart of gold 2009 remaster,0,0,False,0,Canciones Energeticas
887,starman - 2012 remaster,david bowie,album rock,1972,100,45,49,-10,54,55,254,17,3,74,potencial_premium,q4_alto,1970,david bowie,starman 2012 remaster,3,3,True,1,Baladas Acusticas
888,take it easy - 2013 remaster,eagles,album rock,1972,139,67,57,-10,13,74,212,34,3,75,potencial_premium,q4_alto,1970,eagles,take it easy 2013 remaster,5,5,True,0,Canciones Energeticas
889,a horse with no name,america,album rock,1972,123,51,65,-17,16,83,252,69,5,77,potencial_premium,q4_alto,1970,america,a horse with no name,0,0,False,1,Baladas Acusticas
890,time in a bottle,jim croce,adult standards,1972,134,26,54,-12,15,64,148,85,3,58,rendimiento_medio,q2_medio_bajo,1970,jim croce,time in a bottle,0,0,False,1,Baladas Acusticas
891,lola - live,the kinks,album rock,1972,134,51,45,-16,72,56,102,13,6,29,zona_critica,q1_bajo,1970,the kinks,lola live,0,0,False,1,Baladas Acusticas
892,easy livin',uriah heep,album rock,1972,161,84,26,-7,28,46,157,0,10,56,rendimiento_medio,q2_medio_bajo,1970,uriah heep,easy livin,0,0,False,0,Canciones Energeticas
893,ben - single version,michael jackson,pop,1972,136,16,44,-11,11,29,167,91,3,53,rendimiento_medio,q2_medio_bajo,1970,michael jackson,ben single version,9,9,True,1,Baladas Acusticas
894,walk on the wild side,lou reed,art rock,1972,105,32,57,-17,9,39,254,68,11,75,potencial_premium,q4_alto,1970,lou reed,walk on the wild side,1,1,True,1,Baladas Acusticas
895,she's a rainbow - full version / with intro,the rolling stones,album rock,1972,109,78,45,-9,34,51,252,44,4,55,rendimiento_medio,q2_medio_bajo,1970,the rolling stones,she s a rainbow full version with intro,3,3,True,0,Canciones Energeticas
896,you're so vain,carly simon,adult standards,1972,106,68,66,-8,8,65,258,16,3,75,potencial_premium,q4_alto,1970,carly simon,you re so vain,0,0,False,0,Canciones Energeticas
897,ziggy stardust - 2012 remaster,david bowie,album rock,1972,161,56,44,-12,21,50,194,5,12,64,rendimiento_medio,q3_medio_alto,1970,david bowie,ziggy stardust 2012 remaster,3,3,True,1,Baladas Acusticas
898,whiskey in the jar,thin lizzy,album rock,1972,128,69,56,-11,20,75,345,53,4,63,rendimiento_medio,q3_medio_alto,1970,thin lizzy,whiskey in the jar,0,0,False,0,Canciones Energeticas
899,listen to the music,the doobie brothers,album rock,1972,106,60,65,-13,7,91,227,22,3,75,potencial_premium,q4_alto,1970,the doobie brothers,listen to the music,2,2,True,0,Canciones Energeticas
900,top of the world,carpenters,adult standards,1972,184,34,38,-13,10,69,179,81,4,65,rendimiento_medio,q3_medio_alto,1970,carpenters,top of the world,2,2,True,1,Baladas Acusticas
901,school's out,alice cooper,album rock,1972,134,75,29,-9,68,35,210,5,5,66,rendimiento_medio,q3_medio_alto,1970,alice cooper,school s out,0,0,False,0,Canciones Energeticas
902,a thing called love,johnny cash,arkansas country,1972,156,50,53,-11,26,79,153,48,3,54,rendimiento_medio,q2_medio_bajo,1970,johnny cash,a thing called love,8,8,True,1,Baladas Acusticas
903,harvest - 2009 remaster,neil young,album rock,1972,86,22,54,-18,11,31,189,74,4,51,rendimiento_medio,q2_medio_bajo,1970,neil young,harvest 2009 remaster,0,0,False,1,Baladas Acusticas
904,sylvia's mother,dr. hook,bubblegum pop,1972,167,47,30,-13,34,58,228,69,5,58,rendimiento_medio,q2_medio_bajo,1970,dr hook,sylvia s mother,0,0,False,1,Baladas Acusticas
905,"close to the edge (i. the solid time of change, ii. total mass retain, iii. i get up i get down, iv. seasons of man) - 2003 remaster",yes,album rock,1972,81,60,22,-11,41,25,1121,27,6,47,zona_critica,q1_bajo,1970,yes,close to the edge i the solid time of change ii total mass retain iii i get up i get down iv seasons of man 2003 remaster,1,1,True,1,Baladas Acusticas
906,ventura highway,america,album rock,1972,131,58,67,-10,6,82,211,22,3,69,rendimiento_medio,q3_medio_alto,1970,america,ventura highway,0,0,False,0,Canciones Energeticas
907,witchy woman - eagles 2013 remaster,eagles,album rock,1972,99,57,56,-12,12,58,251,36,3,56,rendimiento_medio,q2_medio_bajo,1970,eagles,witchy woman eagles 2013 remaster,5,5,True,1,Baladas Acusticas
908,song sung blue - single version,neil diamond,adult standards,1972,109,33,56,-16,32,33,195,47,3,54,rendimiento_medio,q2_medio_bajo,1970,neil diamond,song sung blue single version,0,0,False,1,Baladas Acusticas
909,sylvia,focus,album rock,1972,109,78,44,-5,14,61,212,14,3,47,zona_critica,q1_bajo,1970,focus,sylvia,0,0,False,0,Canciones Energeticas
910,peaceful easy feeling - eagles 2013 remaster,eagles,album rock,1972,143,63,57,-12,25,87,258,49,3,65,rendimiento_medio,q3_medio_alto,1970,eagles,peaceful easy feeling eagles 2013 remaster,5,5,True,0,Canciones Energeticas
911,do it again,steely dan,album rock,1972,125,54,68,-10,6,96,357,22,3,69,rendimiento_medio,q3_medio_alto,1970,steely dan,do it again,3,3,True,0,Canciones Energeticas
912,radar love,golden earring,album rock,1973,102,72,50,-9,8,18,387,1,4,57,rendimiento_medio,q2_medio_bajo,1970,golden earring,radar love,0,0,False,0,Canciones Energeticas
913,angie,the rolling stones,album rock,1973,136,55,43,-6,11,41,272,67,3,72,potencial_premium,q4_alto,1970,the rolling stones,angie,3,3,True,1,Baladas Acusticas
914,desperado - 2013 remaster,eagles,album rock,1973,60,22,23,-13,27,18,214,95,3,66,rendimiento_medio,q3_medio_alto,1970,eagles,desperado 2013 remaster,5,5,True,1,Baladas Acusticas
915,dream on,aerosmith,album rock,1973,161,43,31,-10,33,22,267,39,3,78,potencial_premium,q4_alto,1970,aerosmith,dream on,4,4,True,1,Baladas Acusticas
916,time,pink floyd,album rock,1973,120,48,36,-12,18,36,414,52,8,70,rendimiento_medio,q3_medio_alto,1970,pink floyd,time,1,1,True,1,Baladas Acusticas
917,free bird,lynyrd skynyrd,album rock,1973,117,85,28,-8,6,44,559,1,5,71,rendimiento_medio,q3_medio_alto,1970,lynyrd skynyrd,free bird,0,0,False,0,Canciones Energeticas
918,money,pink floyd,album rock,1973,124,54,47,-10,27,78,383,2,15,73,potencial_premium,q4_alto,1970,pink floyd,money,1,1,True,0,Canciones Energeticas
919,always on my mind,elvis presley,adult standards,1973,181,39,36,-14,12,50,218,75,3,61,rendimiento_medio,q2_medio_bajo,1970,elvis presley,always on my mind,3,3,True,1,Baladas Acusticas
920,the great gig in the sky,pink floyd,album rock,1973,116,22,28,-14,8,18,284,77,3,66,rendimiento_medio,q3_medio_alto,1970,pink floyd,the great gig in the sky,1,1,True,1,Baladas Acusticas
921,la grange - 2005 remaster,zz top,album rock,1973,81,64,55,-10,20,61,230,0,22,74,potencial_premium,q4_alto,1970,zz top,la grange 2005 remaster,0,0,False,0,Canciones Energeticas
922,"leaving, on a jet plane - ""greatest hits"" version",john denver,adult standards,1973,121,19,41,-13,11,63,246,85,3,64,rendimiento_medio,q3_medio_alto,1970,john denver,leaving on a jet plane greatest hits version,1,1,True,1,Baladas Acusticas
923,us and them,pink floyd,album rock,1973,73,30,36,-15,63,13,469,86,3,65,rendimiento_medio,q3_medio_alto,1970,pink floyd,us and them,1,1,True,1,Baladas Acusticas
924,firth of fifth - new stereo mix,genesis,album rock,1973,85,60,27,-10,19,29,575,2,4,41,zona_critica,q1_bajo,1970,genesis,firth of fifth new stereo mix,1,1,True,1,Baladas Acusticas
925,band on the run - remastered 2010,paul mccartney,album rock,1973,125,60,48,-9,11,67,313,8,3,71,rendimiento_medio,q3_medio_alto,1970,paul mccartney,band on the run remastered 2010,4,4,True,0,Canciones Energeticas
926,sebastian - 2012 remaster,steve harley & cockney rebel,classic uk pop,1973,140,24,25,-14,7,21,421,68,3,46,zona_critica,q1_bajo,1970,steve harley cockney rebel,sebastian 2012 remaster,0,0,False,1,Baladas Acusticas
927,tequila sunrise - 2013 remaster,eagles,album rock,1973,111,40,63,-13,11,73,173,54,3,62,rendimiento_medio,q2_medio_bajo,1970,eagles,tequila sunrise 2013 remaster,5,5,True,1,Baladas Acusticas
928,knockin' on heaven's door - remastered,bob dylan,album rock,1973,140,40,51,-13,11,23,150,25,3,74,potencial_premium,q4_alto,1970,bob dylan,knockin on heaven s door remastered,9,9,True,1,Baladas Acusticas
929,burning love,elvis presley,adult standards,1973,144,75,66,-11,28,97,170,10,3,68,rendimiento_medio,q3_medio_alto,1970,elvis presley,burning love,3,3,True,0,Canciones Energeticas
930,goodbye yellow brick road - remastered 2014,elton john,glam rock,1973,121,47,56,-8,15,40,193,45,3,68,rendimiento_medio,q3_medio_alto,1970,elton john,goodbye yellow brick road remastered 2014,2,2,True,1,Baladas Acusticas
931,midnight train to georgia,gladys knight & the pips,brill building pop,1973,92,38,59,-12,10,45,279,27,5,67,rendimiento_medio,q3_medio_alto,1970,gladys knight the pips,midnight train to georgia,3,3,True,1,Baladas Acusticas
932,daniel,elton john,glam rock,1973,132,48,69,-12,9,90,235,38,3,65,rendimiento_medio,q3_medio_alto,1970,elton john,daniel,2,2,True,0,Canciones Energeticas
933,the joker,steve miller band,album rock,1973,83,45,60,-10,21,80,265,37,4,75,potencial_premium,q4_alto,1970,steve miller band,the joker,0,0,False,1,Baladas Acusticas
934,long train runnin',the doobie brothers,album rock,1973,117,91,57,-7,6,84,207,9,4,71,rendimiento_medio,q3_medio_alto,1970,the doobie brothers,long train runnin,2,2,True,0,Canciones Energeticas
935,i'll have to say i love you in a song,jim croce,adult standards,1973,134,51,51,-14,11,70,152,78,3,53,rendimiento_medio,q2_medio_bajo,1970,jim croce,i ll have to say i love you in a song,0,0,False,1,Baladas Acusticas
936,the jean genie - 2013 remaster,david bowie,album rock,1973,128,57,58,-9,36,82,248,38,3,64,rendimiento_medio,q3_medio_alto,1970,david bowie,the jean genie 2013 remaster,3,3,True,0,Canciones Energeticas
937,merry xmas everybody,slade,album rock,1973,130,80,41,-3,18,47,223,22,4,76,potencial_premium,q4_alto,1970,slade,merry xmas everybody,0,0,False,0,Canciones Energeticas
938,woman from tokyo,deep purple,album rock,1973,127,54,58,-13,12,42,349,14,4,37,zona_critica,q1_bajo,1970,deep purple,woman from tokyo,0,0,False,1,Baladas Acusticas
939,don't let me down - remastered 2009,the beatles,british invasion,1973,77,29,59,-11,9,73,216,57,3,68,rendimiento_medio,q3_medio_alto,1970,the beatles,don t let me down remastered 2009,8,8,True,1,Baladas Acusticas
940,let's get it on,marvin gaye,classic soul,1973,168,60,54,-11,8,64,291,4,5,69,rendimiento_medio,q3_medio_alto,1970,marvin gaye,let s get it on,2,2,True,0,Canciones Energeticas
941,school,supertramp,album rock,1974,90,47,37,-15,7,5,335,54,8,63,rendimiento_medio,q3_medio_alto,1970,supertramp,school,0,0,False,1,Baladas Acusticas
942,jolene,dolly parton,classic country pop,1974,111,54,67,-11,13,81,162,57,4,74,potencial_premium,q4_alto,1970,dolly parton,jolene,4,4,True,1,Baladas Acusticas
943,killer queen - 2011 mix,queen,glam rock,1974,117,65,54,-6,14,61,180,38,6,67,rendimiento_medio,q3_medio_alto,1970,queen,killer queen 2011 mix,0,0,False,0,Canciones Energeticas
944,sweet home alabama,lynyrd skynyrd,album rock,1974,98,61,60,-12,9,89,284,18,3,82,potencial_premium,q4_alto,1970,lynyrd skynyrd,sweet home alabama,0,0,False,0,Canciones Energeticas
945,waterloo,abba,europop,1974,148,93,44,-5,24,78,169,42,5,58,rendimiento_medio,q2_medio_bajo,1970,abba,waterloo,0,0,False,0,Canciones Energeticas
946,annie's song,john denver,adult standards,1974,146,31,30,-11,37,46,181,87,3,69,rendimiento_medio,q3_medio_alto,1970,john denver,annie s song,1,1,True,1,Baladas Acusticas
947,dreamer,supertramp,album rock,1974,148,41,66,-14,8,83,213,86,7,59,rendimiento_medio,q2_medio_bajo,1970,supertramp,dreamer,0,0,False,1,Baladas Acusticas
948,you are so beautiful,joe cocker,album rock,1974,83,18,30,-11,13,9,160,85,3,57,rendimiento_medio,q2_medio_bajo,1970,joe cocker,you are so beautiful,0,0,False,1,Baladas Acusticas
949,my boy,elvis presley,adult standards,1974,92,53,39,-12,61,37,199,59,3,42,zona_critica,q1_bajo,1970,elvis presley,my boy,3,3,True,1,Baladas Acusticas
950,rebel rebel - 2016 remaster,david bowie,album rock,1974,126,69,64,-16,28,46,275,21,5,74,potencial_premium,q4_alto,1970,david bowie,rebel rebel 2016 remaster,3,3,True,1,Baladas Acusticas
951,crime of the century,supertramp,album rock,1974,123,42,40,-14,7,23,333,10,5,43,zona_critica,q1_bajo,1970,supertramp,crime of the century,0,0,False,1,Baladas Acusticas
952,autobahn - 2009 remaster,kraftwerk,dance rock,1974,82,50,33,-16,13,11,1367,11,4,48,zona_critica,q1_bajo,1970,kraftwerk,autobahn 2009 remaster,1,1,True,1,Baladas Acusticas
953,i will always love you,dolly parton,classic country pop,1974,136,14,45,-13,10,16,176,96,3,61,rendimiento_medio,q2_medio_bajo,1970,dolly parton,i will always love you,4,4,True,1,Baladas Acusticas
954,thank god i'm a country boy,john denver,adult standards,1974,106,54,76,-10,6,96,193,79,5,64,rendimiento_medio,q3_medio_alto,1970,john denver,thank god i m a country boy,1,1,True,1,Baladas Acusticas
955,the air that i breathe - 2008 remaster,the hollies,adult standards,1974,168,47,28,-8,16,25,257,24,3,66,rendimiento_medio,q3_medio_alto,1970,the hollies,the air that i breathe 2008 remaster,0,0,False,1,Baladas Acusticas
956,love is all,roger glover,hard rock,1974,112,81,60,-5,85,77,197,63,5,48,zona_critica,q1_bajo,1970,roger glover,love is all,0,0,False,0,Canciones Energeticas
957,hide in your shell,supertramp,album rock,1974,112,36,48,-13,30,32,410,47,4,43,zona_critica,q1_bajo,1970,supertramp,hide in your shell,0,0,False,1,Baladas Acusticas
958,gute nacht freunde,reinhard mey,german pop,1974,100,25,55,-18,69,29,149,94,6,46,zona_critica,q1_bajo,1970,reinhard mey,gute nacht freunde,0,0,False,1,Baladas Acusticas
959,fox on the run,sweet,album rock,1974,128,64,51,-12,9,83,208,17,4,55,rendimiento_medio,q2_medio_bajo,1970,sweet,fox on the run,0,0,False,0,Canciones Energeticas
960,you ain't seen nothing yet,bachman-turner overdrive,album rock,1974,118,44,48,-15,22,76,235,0,4,69,rendimiento_medio,q3_medio_alto,1970,bachman turner overdrive,you ain t seen nothing yet,0,0,False,1,Baladas Acusticas
961,mandy,barry manilow,adult standards,1974,104,46,31,-9,14,32,213,42,3,69,rendimiento_medio,q3_medio_alto,1970,barry manilow,mandy,1,1,True,1,Baladas Acusticas
962,can't get it out of my head,electric light orchestra,album rock,1974,169,38,23,-14,13,33,261,75,3,51,rendimiento_medio,q2_medio_bajo,1970,electric light orchestra,can t get it out of my head,0,0,False,1,Baladas Acusticas
963,the way we were,barbra streisand,adult standards,1974,138,32,26,-12,13,17,211,89,3,59,rendimiento_medio,q2_medio_bajo,1970,barbra streisand,the way we were,7,7,True,1,Baladas Acusticas
964,bohemian rhapsody - 2011 mix,queen,glam rock,1975,144,40,39,-10,24,23,354,29,5,77,potencial_premium,q4_alto,1970,queen,bohemian rhapsody 2011 mix,0,0,False,1,Baladas Acusticas
965,love of my life - remastered 2011,queen,glam rock,1975,79,18,33,-12,12,26,217,94,3,62,rendimiento_medio,q2_medio_bajo,1970,queen,love of my life remastered 2011,0,0,False,1,Baladas Acusticas
966,shine on you crazy diamond (pts. 1-5),pink floyd,album rock,1975,138,29,27,-12,11,4,811,77,3,66,rendimiento_medio,q3_medio_alto,1970,pink floyd,shine on you crazy diamond pts 1 5,1,1,True,1,Baladas Acusticas
967,born to run,bruce springsteen,classic rock,1975,146,94,27,-4,12,61,270,1,10,73,potencial_premium,q4_alto,1970,bruce springsteen,born to run,13,13,True,0,Canciones Energeticas
968,kashmir - 1990 remaster,led zeppelin,album rock,1975,81,54,48,-11,16,58,508,49,4,69,rendimiento_medio,q3_medio_alto,1970,led zeppelin,kashmir 1990 remaster,1,1,True,1,Baladas Acusticas
969,"no woman, no cry - live at the lyceum, london/1975",bob marley & the wailers,reggae,1975,78,68,66,-9,73,59,428,27,6,70,rendimiento_medio,q3_medio_alto,1970,bob marley the wailers,no woman no cry live at the lyceum london 1975,0,0,False,0,Canciones Energeticas
970,one of these nights - 2013 remaster,eagles,album rock,1975,110,61,66,-10,8,77,292,6,3,69,rendimiento_medio,q3_medio_alto,1970,eagles,one of these nights 2013 remaster,5,5,True,0,Canciones Energeticas
971,mamma mia,abba,europop,1975,138,75,75,-7,44,83,215,29,3,63,rendimiento_medio,q3_medio_alto,1970,abba,mamma mia,0,0,False,0,Canciones Energeticas
972,landslide,fleetwood mac,album rock,1975,159,16,41,-22,12,42,199,88,3,77,potencial_premium,q4_alto,1970,fleetwood mac,landslide,1,1,True,1,Baladas Acusticas
973,thunder road,bruce springsteen,classic rock,1975,141,76,37,-6,53,66,289,62,4,66,rendimiento_medio,q3_medio_alto,1970,bruce springsteen,thunder road,13,13,True,0,Canciones Energeticas
974,i'm not in love,10cc,album rock,1975,134,52,40,-16,28,16,367,69,6,70,rendimiento_medio,q3_medio_alto,1970,10cc,i m not in love,0,0,False,1,Baladas Acusticas
975,rhiannon,fleetwood mac,album rock,1975,129,49,72,-15,9,80,253,11,3,68,rendimiento_medio,q3_medio_alto,1970,fleetwood mac,rhiannon,1,1,True,0,Canciones Energeticas
976,lyin' eyes - 2013 remaster,eagles,album rock,1975,133,67,67,-10,16,87,382,20,2,65,rendimiento_medio,q3_medio_alto,1970,eagles,lyin eyes 2013 remaster,5,5,True,0,Canciones Energeticas
977,you're my best friend - remastered 2011,queen,glam rock,1975,119,76,52,-7,7,58,171,16,5,61,rendimiento_medio,q2_medio_bajo,1970,queen,you re my best friend remastered 2011,0,0,False,0,Canciones Energeticas
978,jungleland,bruce springsteen,classic rock,1975,134,58,30,-6,7,18,576,37,3,51,rendimiento_medio,q2_medio_bajo,1970,bruce springsteen,jungleland,13,13,True,1,Baladas Acusticas
979,love hurts,nazareth,album rock,1975,80,33,49,-12,33,14,233,1,3,58,rendimiento_medio,q2_medio_bajo,1970,nazareth,love hurts,0,0,False,1,Baladas Acusticas
980,down down,status quo,album rock,1975,90,90,47,-7,29,21,325,11,3,53,rendimiento_medio,q2_medio_bajo,1970,status quo,down down,0,0,False,0,Canciones Energeticas
981,sailing,rod stewart,adult standards,1975,129,37,43,-10,32,19,278,37,3,68,rendimiento_medio,q3_medio_alto,1970,rod stewart,sailing,1,1,True,1,Baladas Acusticas
982,39 - 2011 mix,queen,glam rock,1975,102,58,52,-10,11,34,211,3,3,52,rendimiento_medio,q2_medio_bajo,1970,queen,39 2011 mix,0,0,False,0,Canciones Energeticas
983,calypso,john denver,adult standards,1975,180,43,22,-9,12,50,216,82,3,54,rendimiento_medio,q2_medio_bajo,1970,john denver,calypso,1,1,True,1,Baladas Acusticas
984,50 ways to leave your lover,paul simon,classic rock,1975,102,37,82,-13,8,29,217,17,8,69,rendimiento_medio,q3_medio_alto,1970,paul simon,50 ways to leave your lover,4,4,True,1,Baladas Acusticas
985,it's a long way there - 2010 digital remaster,little river band,album rock,1975,89,59,39,-11,15,30,525,19,4,49,zona_critica,q1_bajo,1970,little river band,it s a long way there 2010 digital remaster,0,0,False,1,Baladas Acusticas
986,crazy on you,heart,album rock,1975,130,46,43,-12,13,38,293,12,3,65,rendimiento_medio,q3_medio_alto,1970,heart,crazy on you,0,0,False,1,Baladas Acusticas
987,wij zullen doorgaan - 1975 single version,ramses shaffy,dutch cabaret,1975,81,25,25,-17,21,32,264,91,3,37,zona_critica,q1_bajo,1970,ramses shaffy,wij zullen doorgaan 1975 single version,0,0,False,1,Baladas Acusticas
988,make me smile (come up and see me) - 2014 remaster,steve harley,classic uk pop,1975,141,82,57,-8,9,77,239,1,3,63,rendimiento_medio,q3_medio_alto,1970,steve harley,make me smile come up and see me 2014 remaster,0,0,False,0,Canciones Energeticas
989,house for sale,lucifer,j-core,1975,128,49,38,-9,40,20,281,22,3,37,zona_critica,q1_bajo,1970,lucifer,house for sale,0,0,False,1,Baladas Acusticas
990,s.o.s.,abba,europop,1975,125,70,42,-6,33,56,204,26,3,49,zona_critica,q1_bajo,1970,abba,s o s,0,0,False,0,Canciones Energeticas
991,nights on broadway,bee gees,adult standards,1975,89,64,57,-9,86,61,271,24,4,53,rendimiento_medio,q2_medio_bajo,1970,bee gees,nights on broadway,2,2,True,0,Canciones Energeticas
992,at seventeen - remastered,janis ian,classic uk pop,1975,125,27,62,-17,11,34,284,88,5,48,zona_critica,q1_bajo,1970,janis ian,at seventeen remastered,2,2,True,1,Baladas Acusticas
993,take it to the limit - 2013 remaster,eagles,album rock,1975,91,42,44,-9,13,45,287,9,2,63,rendimiento_medio,q3_medio_alto,1970,eagles,take it to the limit 2013 remaster,5,5,True,1,Baladas Acusticas
994,fame - 2016 remaster,david bowie,album rock,1975,95,56,79,-10,8,67,261,45,5,60,rendimiento_medio,q2_medio_bajo,1970,david bowie,fame 2016 remaster,3,3,True,0,Canciones Energeticas
995,sex machine - pt. 1 & 2,james brown,funk,1975,106,96,68,-6,35,61,715,18,9,27,zona_critica,q1_bajo,1970,james brown,sex machine pt 1 2,2,2,True,0,Canciones Energeticas
996,show me the way,peter frampton,album rock,1975,130,73,70,-8,10,64,243,43,3,66,rendimiento_medio,q3_medio_alto,1970,peter frampton,show me the way,1,1,True,0,Canciones Energeticas
997,meeting across the river,bruce springsteen,classic rock,1975,105,29,46,-10,18,26,197,82,3,43,zona_critica,q1_bajo,1970,bruce springsteen,meeting across the river,13,13,True,1,Baladas Acusticas
998,love is the drug,roxy music,album rock,1975,125,76,84,-5,3,60,251,6,9,60,rendimiento_medio,q2_medio_bajo,1970,roxy music,love is the drug,0,0,False,0,Canciones Energeticas
999,still crazy after all these years,paul simon,classic rock,1975,37,25,27,-12,9,13,207,80,4,61,rendimiento_medio,q2_medio_bajo,1970,paul simon,still crazy after all these years,4,4,True,1,Baladas Acusticas
1000,hotel california - 2013 remaster,eagles,album rock,1976,147,51,58,-9,6,61,391,1,3,82,potencial_premium,q4_alto,1970,eagles,hotel california 2013 remaster,5,5,True,0,Canciones Energeticas
1001,somebody to love - 2011 mix,queen,glam rock,1976,112,69,50,-7,22,36,296,19,6,70,rendimiento_medio,q3_medio_alto,1970,queen,somebody to love 2011 mix,0,0,False,0,Canciones Energeticas
1002,dancing queen,abba,europop,1976,101,88,54,-7,76,75,231,38,4,72,potencial_premium,q4_alto,1970,abba,dancing queen,0,0,False,0,Canciones Energeticas
1003,the last resort - 2013 remaster,eagles,album rock,1976,126,28,55,-11,16,30,445,47,3,52,rendimiento_medio,q2_medio_bajo,1970,eagles,the last resort 2013 remaster,5,5,True,1,Baladas Acusticas
1004,hurricane,bob dylan,album rock,1976,136,83,51,-8,12,74,513,4,8,69,rendimiento_medio,q3_medio_alto,1970,bob dylan,hurricane,9,9,True,0,Canciones Energeticas
1005,more than a feeling,boston,album rock,1976,109,68,38,-8,5,29,285,0,3,78,potencial_premium,q4_alto,1970,boston,more than a feeling,0,0,False,0,Canciones Energeticas
1006,(don't fear) the reaper,blue öyster cult,album rock,1976,141,93,33,-9,30,38,308,0,7,75,potencial_premium,q4_alto,1970,blue yster cult,don t fear the reaper,0,0,False,0,Canciones Energeticas
1007,new kid in town - 2013 remaster,eagles,album rock,1976,107,43,65,-10,11,65,305,38,3,64,rendimiento_medio,q3_medio_alto,1970,eagles,new kid in town 2013 remaster,5,5,True,1,Baladas Acusticas
1008,if you leave me now,chicago,adult standards,1976,104,56,43,-7,13,28,235,2,3,74,potencial_premium,q4_alto,1970,chicago,if you leave me now,1,1,True,0,Canciones Energeticas
1009,wild is the wind - 2016 remaster,david bowie,album rock,1976,98,58,52,-13,5,49,366,2,3,53,rendimiento_medio,q2_medio_bajo,1970,david bowie,wild is the wind 2016 remaster,3,3,True,0,Canciones Energeticas
1010,tie your mother down - remastered 2011,queen,glam rock,1976,135,89,33,-6,35,16,287,9,7,50,rendimiento_medio,q2_medio_bajo,1970,queen,tie your mother down remastered 2011,0,0,False,0,Canciones Energeticas
1011,fernando,abba,europop,1976,111,53,35,-9,8,47,256,58,3,56,rendimiento_medio,q2_medio_bajo,1970,abba,fernando,0,0,False,1,Baladas Acusticas
1012,"knowing me, knowing you",abba,europop,1976,107,74,55,-7,24,90,244,4,3,52,rendimiento_medio,q2_medio_bajo,1970,abba,knowing me knowing you,0,0,False,0,Canciones Energeticas
1013,fool to cry - remastered 2009,the rolling stones,album rock,1976,68,45,44,-7,11,24,305,89,4,55,rendimiento_medio,q2_medio_bajo,1970,the rolling stones,fool to cry remastered 2009,3,3,True,1,Baladas Acusticas
1014,carry on wayward son,kansas,album rock,1976,127,79,48,-6,45,79,323,0,3,75,potencial_premium,q4_alto,1970,kansas,carry on wayward son,0,0,False,0,Canciones Energeticas
1015,new york state of mind,billy joel,album rock,1976,121,37,51,-9,32,20,362,50,3,61,rendimiento_medio,q2_medio_bajo,1970,billy joel,new york state of mind,4,4,True,1,Baladas Acusticas
1016,golden years - 2016 remaster,david bowie,album rock,1976,108,70,68,-10,11,93,243,32,4,60,rendimiento_medio,q2_medio_bajo,1970,david bowie,golden years 2016 remaster,3,3,True,0,Canciones Energeticas
1017,isn't she lovely,stevie wonder,adult standards,1976,119,83,48,-7,32,82,394,18,9,67,rendimiento_medio,q3_medio_alto,1970,stevie wonder,isn t she lovely,13,13,True,0,Canciones Energeticas
1018,i wish,stevie wonder,adult standards,1976,106,72,82,-10,7,89,252,8,5,64,rendimiento_medio,q3_medio_alto,1970,stevie wonder,i wish,13,13,True,0,Canciones Energeticas
1019,tom traubert's blues (four sheets to the wind in copenhagen),tom waits,folk,1976,135,28,30,-13,17,33,399,80,3,52,rendimiento_medio,q2_medio_bajo,1970,tom waits,tom traubert s blues four sheets to the wind in copenhagen,2,2,True,1,Baladas Acusticas
1020,the boys are back in town,thin lizzy,album rock,1976,81,71,45,-10,21,77,267,23,5,74,potencial_premium,q4_alto,1970,thin lizzy,the boys are back in town,0,0,False,0,Canciones Energeticas
1021,livin' thing,electric light orchestra,album rock,1976,123,65,55,-7,12,37,212,58,3,70,rendimiento_medio,q3_medio_alto,1970,electric light orchestra,livin thing,0,0,False,1,Baladas Acusticas
1022,sir duke,stevie wonder,adult standards,1976,107,57,59,-10,8,95,233,16,7,72,potencial_premium,q4_alto,1970,stevie wonder,sir duke,13,13,True,0,Canciones Energeticas
1023,blitzkrieg bop - 2016 remaster,ramones,classic rock,1976,177,78,39,-3,11,90,134,0,23,71,rendimiento_medio,q3_medio_alto,1970,ramones,blitzkrieg bop 2016 remaster,0,0,False,0,Canciones Energeticas
1024,fly like an eagle,steve miller band,album rock,1976,100,75,56,-13,33,64,283,61,11,68,rendimiento_medio,q3_medio_alto,1970,steve miller band,fly like an eagle,0,0,False,1,Baladas Acusticas
1025,blinded by the light,manfred mann's earth band,album rock,1976,142,70,46,-10,9,51,428,29,7,61,rendimiento_medio,q2_medio_bajo,1970,manfred mann s earth band,blinded by the light,0,0,False,0,Canciones Energeticas
1026,cocaine,j.j. cale,blues,1976,104,41,79,-15,14,39,169,41,5,59,rendimiento_medio,q2_medio_bajo,1970,j j cale,cocaine,0,0,False,1,Baladas Acusticas
1027,the ballroom blitz,sweet,album rock,1976,109,88,62,-7,4,83,242,0,8,54,rendimiento_medio,q2_medio_bajo,1970,sweet,the ballroom blitz,0,0,False,0,Canciones Energeticas
1028,"money, money, money",abba,europop,1976,121,69,78,-7,11,70,187,52,4,44,zona_critica,q1_bajo,1970,abba,money money money,0,0,False,0,Canciones Energeticas
1029,wasted time - 2013 remaster,eagles,album rock,1976,118,17,43,-11,11,14,296,42,4,54,rendimiento_medio,q2_medio_bajo,1970,eagles,wasted time 2013 remaster,5,5,True,1,Baladas Acusticas
1030,theme from mahogany (do you know where you're going to) - single version,diana ross,adult standards,1976,140,42,32,-11,10,29,204,55,3,49,zona_critica,q1_bajo,1970,diana ross,theme from mahogany do you know where you re going to single version,0,0,False,1,Baladas Acusticas
1031,heroes - 2017 remaster,david bowie,album rock,1977,112,76,49,-6,9,44,371,0,3,75,potencial_premium,q4_alto,1970,david bowie,heroes 2017 remaster,3,3,True,0,Canciones Energeticas
1032,paradise by the dashboard light,meat loaf,album rock,1977,173,87,33,-8,46,49,508,21,12,67,rendimiento_medio,q3_medio_alto,1970,meat loaf,paradise by the dashboard light,1,1,True,0,Canciones Energeticas
1033,go your own way - 2004 remaster,fleetwood mac,album rock,1977,135,94,59,-5,7,83,224,2,4,73,potencial_premium,q4_alto,1970,fleetwood mac,go your own way 2004 remaster,1,1,True,0,Canciones Energeticas
1034,mr. blue sky,electric light orchestra,album rock,1977,178,34,39,-10,25,48,303,65,3,80,potencial_premium,q4_alto,1970,electric light orchestra,mr blue sky,0,0,False,1,Baladas Acusticas
1035,fool's overture,supertramp,album rock,1977,135,31,41,-10,7,7,653,31,4,56,rendimiento_medio,q2_medio_bajo,1970,supertramp,fool s overture,0,0,False,1,Baladas Acusticas
1036,whole lotta rosie,ac/dc,album rock,1977,159,84,29,-4,10,42,334,0,8,65,rendimiento_medio,q3_medio_alto,1970,ac dc,whole lotta rosie,1,1,True,0,Canciones Energeticas
1037,we will rock you - remastered,queen,glam rock,1977,81,50,69,-7,26,47,122,68,12,70,rendimiento_medio,q3_medio_alto,1970,queen,we will rock you remastered,0,0,False,1,Baladas Acusticas
1038,the chain - 2004 remaster,fleetwood mac,album rock,1977,152,67,55,-9,5,48,270,1,5,78,potencial_premium,q4_alto,1970,fleetwood mac,the chain 2004 remaster,1,1,True,0,Canciones Energeticas
1039,three little birds,bob marley & the wailers,reggae,1977,148,48,81,-10,5,62,180,1,6,78,potencial_premium,q4_alto,1970,bob marley the wailers,three little birds,0,0,False,0,Canciones Energeticas
1040,we are the champions - remastered 2011,queen,glam rock,1977,64,46,27,-7,12,17,179,38,3,66,rendimiento_medio,q3_medio_alto,1970,queen,we are the champions remastered 2011,0,0,False,1,Baladas Acusticas
1041,she's always a woman,billy joel,album rock,1977,177,32,29,-12,12,38,201,80,3,72,potencial_premium,q4_alto,1970,billy joel,she s always a woman,4,4,True,1,Baladas Acusticas
1042,worn down piano,the mark & clark band,classic rock,1977,112,71,37,-10,13,32,488,10,6,32,zona_critica,q1_bajo,1970,the mark clark band,worn down piano,0,0,False,0,Canciones Energeticas
1043,dust in the wind,kansas,album rock,1977,94,32,48,-11,11,39,206,37,3,77,potencial_premium,q4_alto,1970,kansas,dust in the wind,0,0,False,1,Baladas Acusticas
1044,bat out of hell,meat loaf,album rock,1977,172,84,20,-8,29,39,590,28,7,60,rendimiento_medio,q2_medio_bajo,1970,meat loaf,bat out of hell,1,1,True,0,Canciones Energeticas
1045,solsbury hill,peter gabriel,album rock,1977,102,63,68,-9,31,48,261,36,3,60,rendimiento_medio,q2_medio_bajo,1970,peter gabriel,solsbury hill,4,4,True,0,Canciones Energeticas
1046,thank you for the music,abba,europop,1977,200,42,29,-9,10,35,232,84,4,48,zona_critica,q1_bajo,1970,abba,thank you for the music,0,0,False,1,Baladas Acusticas
1047,wonderful tonight,eric clapton,album rock,1977,96,21,57,-16,13,49,225,65,3,73,potencial_premium,q4_alto,1970,eric clapton,wonderful tonight,10,10,True,1,Baladas Acusticas
1048,lust for life,iggy pop,alternative rock,1977,104,97,39,-6,10,69,314,3,4,68,rendimiento_medio,q3_medio_alto,1970,iggy pop,lust for life,0,0,False,0,Canciones Energeticas
1049,she's not there,santana,blues rock,1977,130,70,48,-8,31,83,249,40,4,52,rendimiento_medio,q2_medio_bajo,1970,santana,she s not there,4,4,True,0,Canciones Energeticas
1050,stayin' alive,bee gees,adult standards,1977,104,54,71,-20,9,64,93,11,4,60,rendimiento_medio,q2_medio_bajo,1970,bee gees,stayin alive,2,2,True,1,Baladas Acusticas
1051,psycho killer - 2005 remaster,talking heads,alternative rock,1977,123,52,72,-8,13,94,261,7,6,73,potencial_premium,q4_alto,1970,talking heads,psycho killer 2005 remaster,0,0,False,0,Canciones Energeticas
1052,fantasy,"earth, wind & fire",disco,1977,89,75,61,-9,14,61,277,32,9,48,zona_critica,q1_bajo,1970,earth wind fire,fantasy,6,6,True,0,Canciones Energeticas
1053,songbird - 2004 remaster,fleetwood mac,album rock,1977,184,9,39,-15,10,36,201,98,3,56,rendimiento_medio,q2_medio_bajo,1970,fleetwood mac,songbird 2004 remaster,1,1,True,1,Baladas Acusticas
1054,let there be rock,ac/dc,album rock,1977,91,73,49,-6,8,43,366,0,9,62,rendimiento_medio,q2_medio_bajo,1970,ac dc,let there be rock,1,1,True,0,Canciones Energeticas
1055,don't stop - 2004 remaster,fleetwood mac,album rock,1977,119,72,67,-8,4,83,193,4,4,67,rendimiento_medio,q3_medio_alto,1970,fleetwood mac,don t stop 2004 remaster,1,1,True,0,Canciones Energeticas
1056,i feel love,donna summer,dance pop,1977,127,71,67,-16,9,96,355,3,4,46,zona_critica,q1_bajo,1970,donna summer,i feel love,4,4,True,0,Canciones Energeticas
1057,the passenger,iggy pop,alternative rock,1977,135,89,50,-5,73,70,283,9,5,72,potencial_premium,q4_alto,1970,iggy pop,the passenger,0,0,False,0,Canciones Energeticas
1058,het werd zomer,rob de nijs,dutch pop,1977,133,43,39,-11,16,40,251,43,3,49,zona_critica,q1_bajo,1970,rob de nijs,het werd zomer,0,0,False,1,Baladas Acusticas
1059,take a chance on me,abba,europop,1977,107,69,69,-8,20,93,244,17,3,63,rendimiento_medio,q3_medio_alto,1970,abba,take a chance on me,0,0,False,0,Canciones Energeticas
1060,give a little bit,supertramp,album rock,1977,91,82,53,-5,26,47,248,7,5,74,potencial_premium,q4_alto,1970,supertramp,give a little bit,0,0,False,0,Canciones Energeticas
1061,sound and vision - 2017 remaster,david bowie,album rock,1977,106,80,67,-9,6,76,184,3,4,62,rendimiento_medio,q2_medio_bajo,1970,david bowie,sound and vision 2017 remaster,3,3,True,0,Canciones Energeticas
1062,spread your wings - 2011 mix,queen,glam rock,1977,175,66,39,-6,6,46,274,28,3,50,rendimiento_medio,q2_medio_bajo,1970,queen,spread your wings 2011 mix,0,0,False,0,Canciones Energeticas
1063,you took the words right out of my mouth (hot summer night),meat loaf,album rock,1977,125,68,46,-9,50,68,304,25,8,57,rendimiento_medio,q2_medio_bajo,1970,meat loaf,you took the words right out of my mouth hot summer night,1,1,True,0,Canciones Energeticas
1064,two out of three ain't bad,meat loaf,album rock,1977,80,48,59,-9,9,49,324,39,2,60,rendimiento_medio,q2_medio_bajo,1970,meat loaf,two out of three ain t bad,1,1,True,1,Baladas Acusticas
1065,cocaine,eric clapton,album rock,1977,105,50,70,-13,32,68,222,6,3,68,rendimiento_medio,q3_medio_alto,1970,eric clapton,cocaine,10,10,True,0,Canciones Energeticas
1066,barracuda,heart,album rock,1977,137,69,55,-14,14,67,262,2,4,74,potencial_premium,q4_alto,1970,heart,barracuda,0,0,False,0,Canciones Energeticas
1067,one love / people get ready - medley,bob marley & the wailers,reggae,1977,76,52,73,-10,7,95,173,8,32,74,potencial_premium,q4_alto,1970,bob marley the wailers,one love people get ready medley,0,0,False,0,Canciones Energeticas
1068,cold as ice,foreigner,album rock,1977,133,49,52,-12,14,47,201,10,3,68,rendimiento_medio,q3_medio_alto,1970,foreigner,cold as ice,0,0,False,1,Baladas Acusticas
1069,the name of the game,abba,europop,1977,77,56,66,-9,6,62,294,40,3,46,zona_critica,q1_bajo,1970,abba,the name of the game,0,0,False,0,Canciones Energeticas
1070,mannish boy,muddy waters,blues,1977,111,74,60,-11,68,62,321,44,10,63,rendimiento_medio,q3_medio_alto,1970,muddy waters,mannish boy,6,6,True,0,Canciones Energeticas
1071,i want you to want me,cheap trick,album rock,1977,93,46,81,-13,15,74,191,78,3,70,rendimiento_medio,q3_medio_alto,1970,cheap trick,i want you to want me,0,0,False,1,Baladas Acusticas
1072,scenes from an italian restaurant,billy joel,album rock,1977,98,93,42,-5,11,34,457,41,13,60,rendimiento_medio,q2_medio_bajo,1970,billy joel,scenes from an italian restaurant,4,4,True,0,Canciones Energeticas
1073,god save the queen,sex pistols,punk,1977,148,91,27,-5,15,48,200,0,7,51,rendimiento_medio,q2_medio_bajo,1970,sex pistols,god save the queen,0,0,False,0,Canciones Energeticas
1074,la vie en rose,grace jones,art rock,1977,177,48,65,-16,6,80,448,23,6,58,rendimiento_medio,q2_medio_bajo,1970,grace jones,la vie en rose,0,0,False,1,Baladas Acusticas
1075,spanish stroll,mink deville,dutch rock,1977,129,45,75,-15,12,95,220,42,6,47,zona_critica,q1_bajo,1970,mink deville,spanish stroll,0,0,False,1,Baladas Acusticas
1076,le freak - 2018 remaster,chic,disco,1977,119,64,91,-11,6,90,331,3,6,69,rendimiento_medio,q3_medio_alto,1970,chic,le freak 2018 remaster,0,0,False,0,Canciones Energeticas
1077,lovely day,bill withers,classic soul,1977,98,65,69,-8,11,71,255,29,3,72,potencial_premium,q4_alto,1970,bill withers,lovely day,0,0,False,0,Canciones Energeticas
1078,isn't it time,the babys,album rock,1977,117,93,52,-7,82,31,244,39,10,49,zona_critica,q1_bajo,1970,the babys,isn t it time,0,0,False,0,Canciones Energeticas
1079,just the way you are,billy joel,album rock,1977,139,45,59,-9,13,51,291,70,4,68,rendimiento_medio,q3_medio_alto,1970,billy joel,just the way you are,4,4,True,1,Baladas Acusticas
1080,anarchy in the u.k.,sex pistols,punk,1977,134,98,32,-4,20,17,212,4,12,54,rendimiento_medio,q2_medio_bajo,1970,sex pistols,anarchy in the u k,0,0,False,0,Canciones Energeticas
1081,you make loving fun - 2004 remaster,fleetwood mac,album rock,1977,127,60,62,-9,10,86,217,1,3,58,rendimiento_medio,q2_medio_bajo,1970,fleetwood mac,you make loving fun 2004 remaster,1,1,True,0,Canciones Energeticas
1082,sultans of swing,dire straits,album rock,1978,148,87,73,-7,32,92,350,6,3,66,rendimiento_medio,q3_medio_alto,1970,dire straits,sultans of swing,2,2,True,0,Canciones Energeticas
1083,don't stop me now - 2011 mix,queen,glam rock,1978,156,87,56,-5,77,60,209,5,16,76,potencial_premium,q4_alto,1970,queen,don t stop me now 2011 mix,0,0,False,0,Canciones Energeticas
1084,laat me,ramses shaffy,dutch cabaret,1978,102,33,34,-14,15,35,305,65,3,50,rendimiento_medio,q2_medio_bajo,1970,ramses shaffy,laat me,0,0,False,1,Baladas Acusticas
1085,wuthering heights,kate bush,art pop,1978,125,39,48,-11,12,52,269,37,3,68,rendimiento_medio,q3_medio_alto,1970,kate bush,wuthering heights,0,0,False,1,Baladas Acusticas
1086,saturday night,herman brood & his wild romance,dutch indie,1978,92,61,63,-7,68,55,223,60,3,48,zona_critica,q1_bajo,1970,herman brood his wild romance,saturday night,0,0,False,0,Canciones Energeticas
1087,roxanne,the police,album rock,1978,134,75,62,-9,5,66,192,4,36,78,potencial_premium,q4_alto,1970,the police,roxanne,5,5,True,0,Canciones Energeticas
1088,hold the line,toto,album rock,1978,96,70,49,-12,15,78,236,4,6,75,potencial_premium,q4_alto,1970,toto,hold the line,2,2,True,0,Canciones Energeticas
1089,the man with the child in his eyes,kate bush,art pop,1978,90,26,25,-11,14,20,159,96,3,53,rendimiento_medio,q2_medio_bajo,1970,kate bush,the man with the child in his eyes,0,0,False,1,Baladas Acusticas
1090,badlands,bruce springsteen,classic rock,1978,123,78,61,-8,28,85,242,9,5,58,rendimiento_medio,q2_medio_bajo,1970,bruce springsteen,badlands,13,13,True,0,Canciones Energeticas
1091,baker street,gerry rafferty,album rock,1978,114,35,50,-14,26,42,366,9,3,69,rendimiento_medio,q3_medio_alto,1970,gerry rafferty,baker street,0,0,False,1,Baladas Acusticas
1092,dreadlock holiday,10cc,album rock,1978,105,38,84,-13,20,89,268,54,6,67,rendimiento_medio,q3_medio_alto,1970,10cc,dreadlock holiday,0,0,False,1,Baladas Acusticas
1093,fat bottomed girls - single version,queen,glam rock,1978,88,69,43,-8,36,52,203,6,6,51,rendimiento_medio,q2_medio_bajo,1970,queen,fat bottomed girls single version,0,0,False,0,Canciones Energeticas
1094,runnin' with the devil - 2015 remaster,van halen,album rock,1978,96,90,47,-6,34,42,215,15,6,70,rendimiento_medio,q3_medio_alto,1970,van halen,runnin with the devil 2015 remaster,1,1,True,0,Canciones Energeticas
1095,bicycle race - remastered 2011,queen,glam rock,1978,83,67,43,-6,10,61,181,6,8,55,rendimiento_medio,q2_medio_bajo,1970,queen,bicycle race remastered 2011,0,0,False,0,Canciones Energeticas
1096,follow you follow me - 2007 remaster,genesis,album rock,1978,93,72,53,-10,8,76,241,13,3,51,rendimiento_medio,q2_medio_bajo,1970,genesis,follow you follow me 2007 remaster,1,1,True,0,Canciones Energeticas
1097,so lonely,the police,album rock,1978,77,57,54,-8,9,73,290,1,16,66,rendimiento_medio,q3_medio_alto,1970,the police,so lonely,5,5,True,0,Canciones Energeticas
1098,how you gonna see me now,alice cooper,album rock,1978,137,34,54,-14,13,30,236,46,4,49,zona_critica,q1_bajo,1970,alice cooper,how you gonna see me now,0,0,False,1,Baladas Acusticas
1099,miss you - remastered,the rolling stones,album rock,1978,110,71,80,-5,34,85,289,44,4,67,rendimiento_medio,q3_medio_alto,1970,the rolling stones,miss you remastered,3,3,True,0,Canciones Energeticas
1100,"stir it up - live at the pavillon de paris, 1977",bob marley & the wailers,reggae,1978,91,82,67,-7,97,80,317,10,5,40,zona_critica,q1_bajo,1970,bob marley the wailers,stir it up live at the pavillon de paris 1977,0,0,False,0,Canciones Energeticas
1101,is this love,bob marley & the wailers,reggae,1978,122,56,78,-8,7,76,232,11,10,76,potencial_premium,q4_alto,1970,bob marley the wailers,is this love,0,0,False,0,Canciones Energeticas
1102,because the night,patti smith,art pop,1978,123,80,44,-5,10,52,205,5,4,66,rendimiento_medio,q3_medio_alto,1970,patti smith,because the night,0,0,False,0,Canciones Energeticas
1103,what a fool believes,the doobie brothers,album rock,1978,121,38,76,-15,5,99,224,28,4,69,rendimiento_medio,q3_medio_alto,1970,the doobie brothers,what a fool believes,2,2,True,1,Baladas Acusticas
1104,still believe,herman brood & his wild romance,dutch indie,1978,95,85,60,-8,63,64,191,1,3,38,zona_critica,q1_bajo,1970,herman brood his wild romance,still believe,0,0,False,0,Canciones Energeticas
1105,rivers of babylon,boney m.,disco,1978,115,85,73,-7,44,74,261,13,4,65,rendimiento_medio,q3_medio_alto,1970,boney m,rivers of babylon,0,0,False,0,Canciones Energeticas
1106,don't look back,boston,album rock,1978,122,72,36,-10,36,47,360,2,4,55,rendimiento_medio,q2_medio_bajo,1970,boston,don t look back,0,0,False,0,Canciones Energeticas
1107,beast of burden - remastered,the rolling stones,album rock,1978,101,88,78,-4,4,89,265,39,3,74,potencial_premium,q4_alto,1970,the rolling stones,beast of burden remastered,3,3,True,0,Canciones Energeticas
1108,honesty,billy joel,album rock,1978,135,27,55,-15,11,21,234,42,3,59,rendimiento_medio,q2_medio_bajo,1970,billy joel,honesty,4,4,True,1,Baladas Acusticas
1109,born to be alive - original mix 79,patrick hernandez,disco,1978,131,87,70,-6,21,81,188,8,3,66,rendimiento_medio,q3_medio_alto,1970,patrick hernandez,born to be alive original mix 79,0,0,False,0,Canciones Energeticas
1110,fire,the pointer sisters,dance pop,1978,118,62,65,-9,8,64,211,20,3,56,rendimiento_medio,q2_medio_bajo,1970,the pointer sisters,fire,2,2,True,0,Canciones Energeticas
1111,you don't bring me flowers,neil diamond,adult standards,1978,67,12,16,-18,16,24,195,88,4,56,rendimiento_medio,q2_medio_bajo,1970,neil diamond,you don t bring me flowers,0,0,False,1,Baladas Acusticas
1112,water of love,dire straits,album rock,1978,121,57,80,-13,11,96,327,45,3,41,zona_critica,q1_bajo,1970,dire straits,water of love,2,2,True,0,Canciones Energeticas
1113,comfortably numb,pink floyd,album rock,1979,127,37,47,-13,8,17,382,15,3,75,potencial_premium,q4_alto,1970,pink floyd,comfortably numb,1,1,True,1,Baladas Acusticas
1114,highway to hell,ac/dc,album rock,1979,116,91,57,-5,16,42,208,6,13,83,potencial_premium,q4_alto,1970,ac dc,highway to hell,1,1,True,0,Canciones Energeticas
1115,"another brick in the wall, pt. 2",pink floyd,album rock,1979,104,39,69,-16,25,72,239,8,4,77,potencial_premium,q4_alto,1970,pink floyd,another brick in the wall pt 2,1,1,True,1,Baladas Acusticas
1116,the rose,bette midler,adult standards,1979,134,23,35,-10,38,18,221,90,3,67,rendimiento_medio,q3_medio_alto,1970,bette midler,the rose,2,2,True,1,Baladas Acusticas
1117,the logical song - remastered 2010,supertramp,album rock,1979,120,76,63,-6,15,70,251,51,5,72,potencial_premium,q4_alto,1970,supertramp,the logical song remastered 2010,0,0,False,0,Canciones Energeticas
1118,i was made for lovin' you,kiss,album rock,1979,128,85,77,-6,7,87,271,21,4,78,potencial_premium,q4_alto,1970,kiss,i was made for lovin you,0,0,False,0,Canciones Energeticas
1119,gimme! gimme! gimme! (a man after midnight),abba,europop,1979,120,49,75,-10,22,53,293,2,4,64,rendimiento_medio,q3_medio_alto,1970,abba,gimme gimme gimme a man after midnight,0,0,False,0,Canciones Energeticas
1120,message in a bottle,the police,album rock,1979,151,81,58,-7,22,87,290,3,4,74,potencial_premium,q4_alto,1970,the police,message in a bottle,5,5,True,0,Canciones Energeticas
1121,hey you,pink floyd,album rock,1979,112,30,59,-15,13,19,278,22,3,68,rendimiento_medio,q3_medio_alto,1970,pink floyd,hey you,1,1,True,1,Baladas Acusticas
1122,one step beyond,madness,dance rock,1979,155,94,48,-5,41,94,138,1,4,42,zona_critica,q1_bajo,1970,madness,one step beyond,0,0,False,0,Canciones Energeticas
1123,chiquitita,abba,europop,1979,84,56,53,-8,30,38,327,70,3,56,rendimiento_medio,q2_medio_bajo,1970,abba,chiquitita,0,0,False,1,Baladas Acusticas
1124,does your mother know,abba,europop,1979,136,86,72,-6,6,97,196,15,4,45,zona_critica,q1_bajo,1970,abba,does your mother know,0,0,False,0,Canciones Energeticas
1125,how deep is your love,bee gees,adult standards,1979,105,36,63,-9,13,67,245,11,3,77,potencial_premium,q4_alto,1970,bee gees,how deep is your love,2,2,True,0,Canciones Energeticas
1126,bright eyes,art garfunkel,adult standards,1979,113,21,38,-16,8,21,239,75,3,57,rendimiento_medio,q2_medio_bajo,1970,art garfunkel,bright eyes,0,0,False,1,Baladas Acusticas
1127,take the long way home - 2010 remastered,supertramp,album rock,1979,77,70,41,-9,11,37,309,22,3,64,rendimiento_medio,q3_medio_alto,1970,supertramp,take the long way home 2010 remastered,0,0,False,0,Canciones Energeticas
1128,breakfast in america - remastered,supertramp,album rock,1979,75,66,53,-6,7,76,159,43,3,70,rendimiento_medio,q3_medio_alto,1970,supertramp,breakfast in america remastered,0,0,False,0,Canciones Energeticas
1129,i have a dream,abba,europop,1979,104,37,55,-12,17,46,286,57,2,49,zona_critica,q1_bajo,1970,abba,i have a dream,0,0,False,1,Baladas Acusticas
1130,boogie wonderland,"earth, wind & fire",disco,1979,132,76,80,-11,5,96,288,8,3,73,potencial_premium,q4_alto,1970,earth wind fire,boogie wonderland,6,6,True,0,Canciones Energeticas
1131,boys don't cry - single version,the cure,dance rock,1979,169,84,47,-6,11,69,158,0,6,63,rendimiento_medio,q3_medio_alto,1970,the cure,boys don t cry single version,0,0,False,0,Canciones Energeticas
1132,voulez-vous,abba,europop,1979,127,78,71,-7,15,91,309,12,4,53,rendimiento_medio,q2_medio_bajo,1970,abba,voulez vous,0,0,False,0,Canciones Energeticas
1133,september morn,neil diamond,adult standards,1979,129,23,42,-17,22,20,232,63,4,59,rendimiento_medio,q2_medio_bajo,1970,neil diamond,september morn,0,0,False,1,Baladas Acusticas
1134,macarthur park - single version,donna summer,dance pop,1979,131,67,58,-12,5,45,235,8,4,52,rendimiento_medio,q2_medio_bajo,1970,donna summer,macarthur park single version,4,4,True,0,Canciones Energeticas
1135,don't stop 'til you get enough - single version,michael jackson,pop,1979,119,82,88,-10,18,95,365,13,9,74,potencial_premium,q4_alto,1970,michael jackson,don t stop til you get enough single version,9,9,True,0,Canciones Energeticas
1136,london calling - remastered,the clash,classic rock,1979,134,80,65,-7,8,78,200,12,5,73,potencial_premium,q4_alto,1970,the clash,london calling remastered,1,1,True,0,Canciones Energeticas
1137,night boat to cairo,madness,dance rock,1979,156,97,31,-5,7,60,211,12,4,34,zona_critica,q1_bajo,1970,madness,night boat to cairo,0,0,False,0,Canciones Energeticas
1138,goodbye stranger - 2010 remastered,supertramp,album rock,1979,125,67,42,-7,6,34,351,61,5,66,rendimiento_medio,q3_medio_alto,1970,supertramp,goodbye stranger 2010 remastered,0,0,False,1,Baladas Acusticas
1139,walking on the moon,the police,album rock,1979,146,34,51,-13,21,27,301,0,5,64,rendimiento_medio,q3_medio_alto,1970,the police,walking on the moon,5,5,True,1,Baladas Acusticas
1140,don't bring me down,electric light orchestra,album rock,1979,116,87,64,-6,8,81,243,14,3,70,rendimiento_medio,q3_medio_alto,1970,electric light orchestra,don t bring me down,0,0,False,0,Canciones Energeticas
1141,tragedy,bee gees,adult standards,1979,118,53,67,-11,30,81,303,9,3,64,rendimiento_medio,q3_medio_alto,1970,bee gees,tragedy,2,2,True,0,Canciones Energeticas
1142,off the wall,michael jackson,pop,1979,119,60,83,-14,8,92,246,18,6,62,rendimiento_medio,q2_medio_bajo,1970,michael jackson,off the wall,9,9,True,0,Canciones Energeticas
1143,the worker,fischer-z,dutch rock,1979,82,52,48,-16,12,90,215,2,3,44,zona_critica,q1_bajo,1970,fischer z,the worker,0,0,False,0,Canciones Energeticas
1144,sure know something,kiss,album rock,1979,115,73,71,-6,13,93,242,28,3,52,rendimiento_medio,q2_medio_bajo,1970,kiss,sure know something,0,0,False,0,Canciones Energeticas
1145,relight my fire - single version,dan hartman,disco,1979,120,66,79,-11,33,87,226,1,4,52,rendimiento_medio,q2_medio_bajo,1970,dan hartman,relight my fire single version,0,0,False,0,Canciones Energeticas
1146,weekend love,golden earring,album rock,1979,167,74,49,-6,11,46,255,28,4,44,zona_critica,q1_bajo,1970,golden earring,weekend love,0,0,False,0,Canciones Energeticas
1147,"more than a woman - from ""saturday night fever"" soundtrack",bee gees,adult standards,1979,106,68,63,-6,85,70,197,16,4,70,rendimiento_medio,q3_medio_alto,1970,bee gees,more than a woman from saturday night fever soundtrack,2,2,True,0,Canciones Energeticas
1148,rock with you - single version,michael jackson,pop,1979,114,54,81,-13,16,85,221,18,4,73,potencial_premium,q4_alto,1970,michael jackson,rock with you single version,9,9,True,0,Canciones Energeticas
1149,weekend,earth & fire,classic uk pop,1979,122,57,87,-11,13,56,215,37,4,49,zona_critica,q1_bajo,1970,earth fire,weekend,0,0,False,0,Canciones Energeticas
1150,dancin' fool,frank zappa,album rock,1979,133,64,55,-9,52,55,223,41,15,40,zona_critica,q1_bajo,1970,frank zappa,dancin fool,1,1,True,0,Canciones Energeticas
1151,we belong to the night,ellen foley,pop,1979,101,75,36,-9,23,42,321,0,4,40,zona_critica,q1_bajo,1970,ellen foley,we belong to the night,0,0,False,0,Canciones Energeticas
1152,sausolito summernight - digitally remastered 2017,diesel,basshall,1979,125,93,62,-6,27,55,306,6,11,39,zona_critica,q1_bajo,1970,diesel,sausolito summernight digitally remastered 2017,0,0,False,0,Canciones Energeticas
1153,the river,bruce springsteen,classic rock,1980,117,54,59,-11,31,59,302,18,3,66,rendimiento_medio,q3_medio_alto,1980,bruce springsteen,the river,13,13,True,0,Canciones Energeticas
1154,a forest - remastered version,the cure,dance rock,1980,81,62,63,-11,10,42,355,34,6,53,rendimiento_medio,q2_medio_bajo,1980,the cure,a forest remastered version,0,0,False,1,Baladas Acusticas
1155,the winner takes it all,abba,europop,1980,127,79,46,-7,8,52,295,55,4,59,rendimiento_medio,q2_medio_bajo,1980,abba,the winner takes it all,0,0,False,0,Canciones Energeticas
1156,ace of spades,motörhead,album rock,1980,140,98,32,-7,9,23,166,0,17,74,potencial_premium,q4_alto,1980,mot rhead,ace of spades,1,1,True,0,Canciones Energeticas
1157,another one bites the dust - remastered 2011,queen,glam rock,1980,110,53,93,-6,16,76,215,11,16,74,potencial_premium,q4_alto,1980,queen,another one bites the dust remastered 2011,0,0,False,0,Canciones Energeticas
1158,back in black,ac/dc,album rock,1980,188,70,31,-6,8,76,255,1,5,83,potencial_premium,q4_alto,1980,ac dc,back in black,1,1,True,0,Canciones Energeticas
1159,romeo and juliet,dire straits,album rock,1980,87,57,60,-8,8,49,361,44,3,54,rendimiento_medio,q2_medio_bajo,1980,dire straits,romeo and juliet,2,2,True,0,Canciones Energeticas
1160,redemption song,bob marley & the wailers,reggae,1980,116,26,67,-11,7,69,234,61,4,71,rendimiento_medio,q3_medio_alto,1980,bob marley the wailers,redemption song,0,0,False,1,Baladas Acusticas
1161,you shook me all night long,ac/dc,album rock,1980,127,77,53,-6,39,76,210,0,6,78,potencial_premium,q4_alto,1980,ac dc,you shook me all night long,1,1,True,0,Canciones Energeticas
1162,crazy little thing called love - remastered 2011,queen,glam rock,1980,77,76,60,-7,35,72,163,71,4,66,rendimiento_medio,q3_medio_alto,1980,queen,crazy little thing called love remastered 2011,0,0,False,0,Canciones Energeticas
1163,lay all your love on me,abba,europop,1980,133,72,68,-8,37,77,274,11,3,48,zona_critica,q1_bajo,1980,abba,lay all your love on me,0,0,False,0,Canciones Energeticas
1164,long blond animal,golden earring,album rock,1980,169,70,44,-8,28,78,217,1,4,39,zona_critica,q1_bajo,1980,golden earring,long blond animal,0,0,False,0,Canciones Energeticas
1165,think,the blues brothers,blues,1980,129,84,65,-6,24,71,195,50,19,56,rendimiento_medio,q2_medio_bajo,1980,the blues brothers,think,0,0,False,0,Canciones Energeticas
1166,once in a lifetime - 2005 remaster,talking heads,alternative rock,1980,117,92,64,-6,62,87,260,18,6,69,rendimiento_medio,q3_medio_alto,1980,talking heads,once in a lifetime 2005 remaster,0,0,False,0,Canciones Energeticas
1167,the turn of a friendly card,the alan parsons project,album rock,1980,151,32,38,-15,8,41,966,52,4,32,zona_critica,q1_bajo,1980,the alan parsons project,the turn of a friendly card,0,0,False,1,Baladas Acusticas
1168,so long,fischer-z,dutch rock,1980,127,38,56,-15,5,89,303,1,4,49,zona_critica,q1_bajo,1980,fischer z,so long,0,0,False,1,Baladas Acusticas
1169,tunnel of love (intro: the carousel waltz),dire straits,album rock,1980,137,69,49,-11,28,56,489,25,4,43,zona_critica,q1_bajo,1980,dire straits,tunnel of love intro the carousel waltz,2,2,True,0,Canciones Energeticas
1170,happy new year,abba,europop,1980,133,38,51,-9,12,26,264,82,3,50,rendimiento_medio,q2_medio_bajo,1980,abba,happy new year,0,0,False,1,Baladas Acusticas
1171,ashes to ashes - 2017 remaster,david bowie,album rock,1980,120,74,71,-11,26,87,266,27,5,62,rendimiento_medio,q2_medio_bajo,1980,david bowie,ashes to ashes 2017 remaster,3,3,True,0,Canciones Energeticas
1172,foto van vroeger,rob de nijs,dutch pop,1980,178,29,30,-16,29,14,280,67,5,31,zona_critica,q1_bajo,1980,rob de nijs,foto van vroeger,0,0,False,1,Baladas Acusticas
1173,could you be loved,bob marley & the wailers,reggae,1980,103,72,92,-9,10,76,237,36,10,77,potencial_premium,q4_alto,1980,bob marley the wailers,could you be loved,0,0,False,0,Canciones Energeticas
1174,9 to 5,dolly parton,classic country pop,1980,105,78,55,-6,63,81,162,42,5,76,potencial_premium,q4_alto,1980,dolly parton,9 to 5,4,4,True,0,Canciones Energeticas
1175,everybody needs somebody to love,the blues brothers,blues,1980,194,93,49,-4,37,92,203,61,7,63,rendimiento_medio,q3_medio_alto,1980,the blues brothers,everybody needs somebody to love,0,0,False,0,Canciones Energeticas
1176,super trouper,abba,europop,1980,118,63,76,-8,17,96,255,46,3,60,rendimiento_medio,q2_medio_bajo,1980,abba,super trouper,0,0,False,0,Canciones Energeticas
1177,save me - remastered 2011,queen,glam rock,1980,82,45,51,-7,13,33,230,36,3,51,rendimiento_medio,q2_medio_bajo,1980,queen,save me remastered 2011,0,0,False,1,Baladas Acusticas
1178,keep on loving you,reo speedwagon,album rock,1980,175,72,31,-6,12,41,200,5,3,71,rendimiento_medio,q3_medio_alto,1980,reo speedwagon,keep on loving you,0,0,False,0,Canciones Energeticas
1179,woman in love,barbra streisand,adult standards,1980,170,28,47,-16,13,33,232,25,3,68,rendimiento_medio,q3_medio_alto,1980,barbra streisand,woman in love,7,7,True,1,Baladas Acusticas
1180,the spirit of radio,rush,album rock,1980,136,92,37,-7,42,63,296,1,5,63,rendimiento_medio,q3_medio_alto,1980,rush,the spirit of radio,0,0,False,0,Canciones Energeticas
1181,baggy trousers,madness,dance rock,1980,145,89,64,-5,34,94,167,14,4,33,zona_critica,q1_bajo,1980,madness,baggy trousers,0,0,False,0,Canciones Energeticas
1182,hungry heart,bruce springsteen,classic rock,1980,110,89,64,-7,16,97,199,9,3,69,rendimiento_medio,q3_medio_alto,1980,bruce springsteen,hungry heart,13,13,True,0,Canciones Energeticas
1183,guilty (feat. barry gibb),barbra streisand,adult standards,1980,151,43,63,-16,11,95,264,23,4,67,rendimiento_medio,q3_medio_alto,1980,barbra streisand,guilty feat barry gibb,7,7,True,1,Baladas Acusticas
1184,biko,peter gabriel,album rock,1980,179,36,53,-11,24,17,452,28,4,36,zona_critica,q1_bajo,1980,peter gabriel,biko,4,4,True,1,Baladas Acusticas
1185,food for thought,ub40,reggae fusion,1980,131,53,87,-13,20,96,250,1,8,50,rendimiento_medio,q2_medio_bajo,1980,ub40,food for thought,0,0,False,0,Canciones Energeticas
1186,late in the evening,paul simon,classic rock,1980,119,88,72,-9,9,96,243,20,4,58,rendimiento_medio,q2_medio_bajo,1980,paul simon,late in the evening,4,4,True,0,Canciones Energeticas
1187,enola gay - remastered,orchestral manoeuvres in the dark,art rock,1980,143,76,56,-7,8,93,214,0,3,65,rendimiento_medio,q3_medio_alto,1980,orchestral manoeuvres in the dark,enola gay remastered,0,0,False,0,Canciones Energeticas
1188,master blaster (jammin'),stevie wonder,adult standards,1980,131,42,88,-15,18,97,308,4,5,61,rendimiento_medio,q2_medio_bajo,1980,stevie wonder,master blaster jammin,13,13,True,0,Canciones Energeticas
1189,don't stand so close to me,the police,album rock,1980,140,51,80,-9,4,52,243,5,6,67,rendimiento_medio,q3_medio_alto,1980,the police,don t stand so close to me,5,5,True,0,Canciones Energeticas
1190,wish you were here,pink floyd,album rock,1981,121,32,50,-14,38,28,321,72,5,47,zona_critica,q1_bajo,1980,pink floyd,wish you were here,1,1,True,1,Baladas Acusticas
1191,in the air tonight - 2015 remastered,phil collins,mellow gold,1981,190,24,45,-14,7,30,336,55,3,77,potencial_premium,q4_alto,1980,phil collins,in the air tonight 2015 remastered,5,5,True,1,Baladas Acusticas
1192,don't stop believin',journey,album rock,1981,119,75,50,-9,45,51,251,13,4,80,potencial_premium,q4_alto,1980,journey,don t stop believin,0,0,False,0,Canciones Energeticas
1193,the day before you came,abba,europop,1981,108,39,80,-15,5,74,349,5,4,51,rendimiento_medio,q2_medio_bajo,1980,abba,the day before you came,0,0,False,0,Canciones Energeticas
1194,golden brown,the stranglers,art rock,1981,94,38,56,-15,14,60,207,14,3,67,rendimiento_medio,q3_medio_alto,1980,the stranglers,golden brown,0,0,False,1,Baladas Acusticas
1195,every little thing she does is magic,the police,album rock,1981,82,77,56,-10,12,43,261,12,3,73,potencial_premium,q4_alto,1980,the police,every little thing she does is magic,5,5,True,0,Canciones Energeticas
1196,start me up - remastered,the rolling stones,album rock,1981,122,93,63,-4,9,97,213,4,4,76,potencial_premium,q4_alto,1980,the rolling stones,start me up remastered,3,3,True,0,Canciones Energeticas
1197,one of us,abba,europop,1981,82,40,65,-15,7,86,237,48,4,59,rendimiento_medio,q2_medio_bajo,1980,abba,one of us,0,0,False,1,Baladas Acusticas
1198,waiting on a friend - remastered 2009,the rolling stones,album rock,1981,117,79,61,-6,57,91,274,16,3,58,rendimiento_medio,q2_medio_bajo,1980,the rolling stones,waiting on a friend remastered 2009,3,3,True,0,Canciones Energeticas
1199,tainted love,soft cell,dance rock,1981,145,51,52,-8,29,65,154,48,4,53,rendimiento_medio,q2_medio_bajo,1980,soft cell,tainted love,0,0,False,1,Baladas Acusticas
1200,memory,barbra streisand,adult standards,1981,76,24,18,-15,11,12,235,42,4,56,rendimiento_medio,q2_medio_bajo,1980,barbra streisand,memory,7,7,True,1,Baladas Acusticas
1201,everytime i think of you - 2000 remaster,the babys,album rock,1981,121,73,40,-6,20,49,243,32,4,35,zona_critica,q1_bajo,1980,the babys,everytime i think of you 2000 remaster,0,0,False,0,Canciones Energeticas
1202,don't you want me,the human league,art rock,1981,118,74,73,-8,21,96,237,18,4,74,potencial_premium,q4_alto,1980,the human league,don t you want me,0,0,False,0,Canciones Energeticas
1203,i'll find my way home - remastered,jon & vangelis,album rock,1981,172,60,53,-10,7,71,271,31,3,43,zona_critica,q1_bajo,1980,jon vangelis,i ll find my way home remastered,0,0,False,0,Canciones Energeticas
1204,je loog tegen mij,drukwerk,dutch rock,1981,79,35,62,-14,9,66,206,46,3,46,zona_critica,q1_bajo,1980,drukwerk,je loog tegen mij,0,0,False,1,Baladas Acusticas
1205,africa,toto,album rock,1982,93,37,67,-18,5,73,296,26,3,84,potencial_premium,q4_alto,1980,toto,africa,2,2,True,1,Baladas Acusticas
1206,telegraph road,dire straits,album rock,1982,125,59,38,-10,27,28,859,2,3,41,zona_critica,q1_bajo,1980,dire straits,telegraph road,2,2,True,0,Canciones Energeticas
1207,under pressure - remastered,queen,glam rock,1982,114,71,67,-8,10,47,248,42,5,72,potencial_premium,q4_alto,1980,queen,under pressure remastered,0,0,False,0,Canciones Energeticas
1208,old and wise,the alan parsons project,album rock,1982,112,32,38,-12,12,12,295,73,3,58,rendimiento_medio,q2_medio_bajo,1980,the alan parsons project,old and wise,0,0,False,1,Baladas Acusticas
1209,private investigations,dire straits,album rock,1982,84,10,55,-20,8,7,407,70,3,38,zona_critica,q1_bajo,1980,dire straits,private investigations,2,2,True,1,Baladas Acusticas
1210,billie jean,michael jackson,pop,1982,117,65,92,-3,4,85,294,2,4,81,potencial_premium,q4_alto,1980,michael jackson,billie jean,9,9,True,0,Canciones Energeticas
1211,run to the hills - 2015 remaster,iron maiden,album rock,1982,174,94,25,-5,16,46,234,3,7,60,rendimiento_medio,q2_medio_bajo,1980,iron maiden,run to the hills 2015 remaster,1,1,True,0,Canciones Energeticas
1212,twilight zone,golden earring,album rock,1982,119,76,66,-7,9,54,478,1,4,47,zona_critica,q1_bajo,1980,golden earring,twilight zone,0,0,False,0,Canciones Energeticas
1213,eye in the sky,the alan parsons project,album rock,1982,112,42,82,-13,8,52,276,56,3,67,rendimiento_medio,q3_medio_alto,1980,the alan parsons project,eye in the sky,0,0,False,1,Baladas Acusticas
1214,rosanna,toto,album rock,1982,78,51,38,-13,21,74,331,2,4,70,rendimiento_medio,q3_medio_alto,1980,toto,rosanna,2,2,True,0,Canciones Energeticas
1215,is she really going out with him? - live,joe jackson,album rock,1982,111,42,56,-8,41,45,269,91,7,35,zona_critica,q1_bajo,1980,joe jackson,is she really going out with him live,1,1,True,1,Baladas Acusticas
1216,bloedend hart,de dijk,dutch indie,1982,115,60,62,-8,12,58,228,14,4,24,zona_critica,q1_bajo,1980,de dijk,bloedend hart,0,0,False,0,Canciones Energeticas
1217,belgie ... (is er leven op pluto ...),het goede doel,dutch pop,1982,141,66,58,-14,7,66,361,1,4,52,rendimiento_medio,q2_medio_bajo,1980,het goede doel,belgie is er leven op pluto,0,0,False,0,Canciones Energeticas
1218,1999,prince,funk,1982,119,73,87,-8,8,63,379,14,8,68,rendimiento_medio,q3_medio_alto,1980,prince,1999,3,3,True,0,Canciones Energeticas
1219,islands in the stream,dolly parton,classic country pop,1982,204,41,62,-12,9,74,252,68,4,65,rendimiento_medio,q3_medio_alto,1980,dolly parton,islands in the stream,4,4,True,1,Baladas Acusticas
1220,real men,joe jackson,album rock,1982,114,19,69,-19,17,32,245,67,3,31,zona_critica,q1_bajo,1980,joe jackson,real men,1,1,True,1,Baladas Acusticas
1221,come on eileen,dexys midnight runners,bow pop,1982,107,66,45,-7,26,78,287,66,5,68,rendimiento_medio,q3_medio_alto,1980,dexys midnight runners,come on eileen,0,0,False,0,Canciones Energeticas
1222,kristallnaach,bap,german pop,1982,159,57,35,-14,6,44,299,49,12,47,zona_critica,q1_bajo,1980,bap,kristallnaach,0,0,False,1,Baladas Acusticas
1223,state of independence,donna summer,dance pop,1982,170,70,75,-9,6,87,351,18,14,42,zona_critica,q1_bajo,1980,donna summer,state of independence,4,4,True,0,Canciones Energeticas
1224,you can't hurry love - 2016 remaster,phil collins,mellow gold,1982,98,94,62,-5,7,76,176,3,3,76,potencial_premium,q4_alto,1980,phil collins,you can t hurry love 2016 remaster,5,5,True,0,Canciones Energeticas
1225,burning heart,vandenberg,dutch rock,1982,125,55,44,-10,18,49,251,13,4,43,zona_critica,q1_bajo,1980,vandenberg,burning heart,0,0,False,0,Canciones Energeticas
1226,always on my mind,willie nelson,classic country pop,1982,73,26,52,-14,14,20,213,76,3,63,rendimiento_medio,q3_medio_alto,1980,willie nelson,always on my mind,6,6,True,1,Baladas Acusticas
1227,sexual healing,marvin gaye,classic soul,1982,94,60,81,-10,6,75,239,12,6,71,rendimiento_medio,q3_medio_alto,1980,marvin gaye,sexual healing,2,2,True,0,Canciones Energeticas
1228,vriendschap,het goede doel,dutch pop,1982,170,35,56,-14,20,72,247,43,3,46,zona_critica,q1_bajo,1980,het goede doel,vriendschap,0,0,False,1,Baladas Acusticas
1229,human nature,michael jackson,pop,1982,93,51,62,-10,26,69,246,54,3,65,rendimiento_medio,q3_medio_alto,1980,michael jackson,human nature,9,9,True,1,Baladas Acusticas
1230,save a prayer - 2009 remaster,duran duran,dance rock,1982,114,71,57,-9,16,67,333,35,3,62,rendimiento_medio,q2_medio_bajo,1980,duran duran,save a prayer 2009 remaster,2,2,True,0,Canciones Energeticas
1231,should i stay or should i go - remastered,the clash,classic rock,1982,113,83,74,-6,38,82,189,8,12,79,potencial_premium,q4_alto,1980,the clash,should i stay or should i go remastered,1,1,True,0,Canciones Energeticas
1232,p.y.t. (pretty young thing),michael jackson,pop,1982,127,82,89,-5,13,96,239,23,4,71,rendimiento_medio,q3_medio_alto,1980,michael jackson,p y t pretty young thing,9,9,True,0,Canciones Energeticas
1233,wanna be startin' somethin',michael jackson,pop,1982,122,92,85,-4,6,90,362,2,4,64,rendimiento_medio,q3_medio_alto,1980,michael jackson,wanna be startin somethin,9,9,True,0,Canciones Energeticas
1234,it's raining again,supertramp,album rock,1982,121,67,60,-7,26,56,264,62,3,60,rendimiento_medio,q2_medio_bajo,1980,supertramp,it s raining again,0,0,False,0,Canciones Energeticas
1235,steppin' out,joe jackson,album rock,1982,159,54,58,-8,8,55,259,5,3,48,zona_critica,q1_bajo,1980,joe jackson,steppin out,1,1,True,0,Canciones Energeticas
1236,a slow song,joe jackson,album rock,1982,176,26,31,-19,7,19,423,15,3,22,zona_critica,q1_bajo,1980,joe jackson,a slow song,1,1,True,1,Baladas Acusticas
1237,sunday bloody sunday - remastered 2008,u2,irish rock,1983,101,94,54,-7,4,74,279,40,5,72,potencial_premium,q4_alto,1980,u2,sunday bloody sunday remastered 2008,18,18,True,0,Canciones Energeticas
1238,every breath you take,the police,album rock,1983,117,45,82,-10,7,74,254,54,3,84,potencial_premium,q4_alto,1980,the police,every breath you take,5,5,True,0,Canciones Energeticas
1239,mama - 2007 remaster,genesis,album rock,1983,83,88,56,-9,38,67,408,38,6,45,zona_critica,q1_bajo,1980,genesis,mama 2007 remaster,1,1,True,0,Canciones Energeticas
1240,99 luftballons,nena,german pop,1983,95,56,57,-7,11,50,232,10,5,73,potencial_premium,q4_alto,1980,nena,99 luftballons,0,0,False,0,Canciones Energeticas
1241,sweet dreams (are made of this) - remastered,eurythmics,dance pop,1983,125,71,69,-7,12,88,217,23,3,81,potencial_premium,q4_alto,1980,eurythmics,sweet dreams are made of this remastered,0,0,False,0,Canciones Energeticas
1242,i'm still standing,elton john,glam rock,1983,177,90,50,-7,14,77,183,36,18,79,potencial_premium,q4_alto,1980,elton john,i m still standing,2,2,True,0,Canciones Energeticas
1243,let's dance - 2018 remaster,david bowie,album rock,1983,115,74,65,-7,15,63,458,1,6,71,rendimiento_medio,q3_medio_alto,1980,david bowie,let s dance 2018 remaster,3,3,True,0,Canciones Energeticas
1244,china girl - 2002 remaster,david bowie,album rock,1983,134,63,65,-10,11,87,257,2,3,57,rendimiento_medio,q2_medio_bajo,1980,david bowie,china girl 2002 remaster,3,3,True,0,Canciones Energeticas
1245,owner of a lonely heart,yes,album rock,1983,125,80,74,-6,26,89,269,18,4,70,rendimiento_medio,q3_medio_alto,1980,yes,owner of a lonely heart,1,1,True,0,Canciones Energeticas
1246,waterfront - 2002 remaster,simple minds,art rock,1983,120,79,54,-6,17,48,290,0,3,54,rendimiento_medio,q2_medio_bajo,1980,simple minds,waterfront 2002 remaster,0,0,False,0,Canciones Energeticas
1247,our house,madness,dance rock,1983,122,65,60,-11,13,71,201,3,6,58,rendimiento_medio,q2_medio_bajo,1980,madness,our house,0,0,False,0,Canciones Energeticas
1248,just can't get enough (live in hammersmith) - 2018 remaster,depeche mode,dance rock,1983,127,96,65,-11,64,94,335,4,5,45,zona_critica,q1_bajo,1980,depeche mode,just can t get enough live in hammersmith 2018 remaster,1,1,True,0,Canciones Energeticas
1249,message to my girl,split enz,australian alternative rock,1983,105,40,61,-15,5,71,244,10,3,33,zona_critica,q1_bajo,1980,split enz,message to my girl,0,0,False,1,Baladas Acusticas
1250,hello,lionel richie,adult standards,1983,61,25,49,-14,10,6,251,41,4,59,rendimiento_medio,q2_medio_bajo,1980,lionel richie,hello,2,2,True,1,Baladas Acusticas
1251,pride and joy,stevie ray vaughan,album rock,1983,127,63,43,-12,11,74,220,3,4,65,rendimiento_medio,q3_medio_alto,1980,stevie ray vaughan,pride and joy,0,0,False,0,Canciones Energeticas
1252,uptown girl,billy joel,album rock,1983,129,94,70,-3,60,79,198,7,5,77,potencial_premium,q4_alto,1980,billy joel,uptown girl,4,4,True,0,Canciones Energeticas
1253,i heard it through the grapevine,marvin gaye,classic soul,1983,117,35,72,-11,11,64,197,20,4,71,rendimiento_medio,q3_medio_alto,1980,marvin gaye,i heard it through the grapevine,2,2,True,1,Baladas Acusticas
1254,nescio,nits,dutch indie,1983,127,52,55,-13,11,60,287,34,3,40,zona_critica,q1_bajo,1980,nits,nescio,0,0,False,1,Baladas Acusticas
1255,uncertain smile,the the,art rock,1983,143,76,60,-12,10,84,409,6,5,48,zona_critica,q1_bajo,1980,the the,uncertain smile,0,0,False,0,Canciones Energeticas
1256,home by the sea - 2007 remaster,genesis,album rock,1983,129,72,60,-8,8,56,308,50,4,43,zona_critica,q1_bajo,1980,genesis,home by the sea 2007 remaster,1,1,True,0,Canciones Energeticas
1257,theme from harry's game,clannad,celtic,1983,132,7,19,-24,11,4,148,95,4,38,zona_critica,q1_bajo,1980,clannad,theme from harry s game,1,1,True,1,Baladas Acusticas
1258,nur geträumt,nena,german pop,1983,177,80,54,-9,8,89,220,7,3,56,rendimiento_medio,q2_medio_bajo,1980,nena,nur getr umt,0,0,False,0,Canciones Energeticas
1259,gloria - live,u2,irish rock,1983,147,95,26,-6,99,61,287,0,10,39,zona_critica,q1_bajo,1980,u2,gloria live,18,18,True,0,Canciones Energeticas
1260,here comes the rain again - remastered version,eurythmics,dance pop,1983,126,76,65,-8,23,61,295,1,3,62,rendimiento_medio,q2_medio_bajo,1980,eurythmics,here comes the rain again remastered version,0,0,False,0,Canciones Energeticas
1261,girls just want to have fun,cyndi lauper,dance pop,1983,120,80,71,-5,35,73,238,22,3,76,potencial_premium,q4_alto,1980,cyndi lauper,girls just want to have fun,0,0,False,0,Canciones Energeticas
1262,club tropicana,wham!,dance rock,1983,117,71,66,-9,65,81,266,3,5,66,rendimiento_medio,q3_medio_alto,1980,wham,club tropicana,0,0,False,0,Canciones Energeticas
1263,papa can you hear me?,barbra streisand,adult standards,1983,90,14,27,-16,9,13,211,93,4,46,zona_critica,q1_bajo,1980,barbra streisand,papa can you hear me,7,7,True,1,Baladas Acusticas
1264,karma chameleon - remastered,culture club,dance pop,1983,92,73,67,-7,19,89,253,23,4,72,potencial_premium,q4_alto,1980,culture club,karma chameleon remastered,0,0,False,0,Canciones Energeticas
1265,buffalo soldier,bob marley & the wailers,reggae,1983,124,46,93,-9,6,76,256,14,31,73,potencial_premium,q4_alto,1980,bob marley the wailers,buffalo soldier,0,0,False,0,Canciones Energeticas
1266,beast of burden,bette midler,adult standards,1983,105,79,58,-7,6,91,226,1,3,53,rendimiento_medio,q2_medio_bajo,1980,bette midler,beast of burden,2,2,True,0,Canciones Energeticas
1267,purple rain,prince,funk,1984,113,45,37,-10,69,19,521,4,3,75,potencial_premium,q4_alto,1980,prince,purple rain,3,3,True,1,Baladas Acusticas
1268,when the lady smiles,golden earring,album rock,1984,132,82,70,-7,35,83,340,44,3,53,rendimiento_medio,q2_medio_bajo,1980,golden earring,when the lady smiles,0,0,False,0,Canciones Energeticas
1269,hallelujah,leonard cohen,canadian folk,1984,171,34,28,-13,13,23,277,72,3,67,rendimiento_medio,q3_medio_alto,1980,leonard cohen,hallelujah,1,1,True,1,Baladas Acusticas
1270,summer of '69,bryan adams,album rock,1984,139,83,51,-6,7,77,216,2,4,81,potencial_premium,q4_alto,1980,bryan adams,summer of 69,0,0,False,0,Canciones Energeticas
1271,radio ga ga - 2011 mix,queen,glam rock,1984,112,50,74,-8,19,66,348,18,4,66,rendimiento_medio,q3_medio_alto,1980,queen,radio ga ga 2011 mix,0,0,False,0,Canciones Energeticas
1272,the unforgettable fire - remastered 2009,u2,irish rock,1984,137,74,43,-9,10,23,294,0,3,46,zona_critica,q1_bajo,1980,u2,the unforgettable fire remastered 2009,18,18,True,0,Canciones Energeticas
1273,bad - remastered 2009,u2,irish rock,1984,99,68,37,-9,9,34,368,1,3,41,zona_critica,q1_bajo,1980,u2,bad remastered 2009,18,18,True,0,Canciones Energeticas
1274,i'm on fire,bruce springsteen,classic rock,1984,89,45,62,-14,7,87,156,59,3,74,potencial_premium,q4_alto,1980,bruce springsteen,i m on fire,13,13,True,1,Baladas Acusticas
1275,pride (in the name of love) - remastered 2009,u2,irish rock,1984,106,84,46,-7,78,71,228,0,3,59,rendimiento_medio,q2_medio_bajo,1980,u2,pride in the name of love remastered 2009,18,18,True,0,Canciones Energeticas
1276,fade to black (remastered),metallica,alternative metal,1984,113,93,26,-7,11,28,417,0,11,62,rendimiento_medio,q2_medio_bajo,1980,metallica,fade to black remastered,7,7,True,0,Canciones Energeticas
1277,dancing in the dark,bruce springsteen,classic rock,1984,149,94,53,-6,19,50,241,1,4,77,potencial_premium,q4_alto,1980,bruce springsteen,dancing in the dark,13,13,True,0,Canciones Energeticas
1278,forever young,alphaville,dance rock,1984,137,48,49,-9,24,33,227,42,3,74,potencial_premium,q4_alto,1980,alphaville,forever young,0,0,False,1,Baladas Acusticas
1279,when doves cry,prince,funk,1984,126,99,73,-5,44,84,353,1,5,70,rendimiento_medio,q3_medio_alto,1980,prince,when doves cry,3,3,True,0,Canciones Energeticas
1280,i want to know what love is - 1999 remaster,foreigner,album rock,1984,81,47,48,-10,13,42,305,19,3,77,potencial_premium,q4_alto,1980,foreigner,i want to know what love is 1999 remaster,0,0,False,1,Baladas Acusticas
1281,born in the u.s.a.,bruce springsteen,classic rock,1984,122,95,40,-6,10,58,279,0,6,75,potencial_premium,q4_alto,1980,bruce springsteen,born in the u s a,13,13,True,0,Canciones Energeticas
1282,vienna,ultravox,art rock,1984,81,61,58,-10,11,46,278,16,6,53,rendimiento_medio,q2_medio_bajo,1980,ultravox,vienna,0,0,False,0,Canciones Energeticas
1283,my hometown,bruce springsteen,classic rock,1984,117,34,65,-12,7,39,280,49,4,58,rendimiento_medio,q2_medio_bajo,1980,bruce springsteen,my hometown,13,13,True,1,Baladas Acusticas
1284,slippery people - live,talking heads,alternative rock,1984,111,85,64,-8,68,84,241,22,4,54,rendimiento_medio,q2_medio_bajo,1980,talking heads,slippery people live,0,0,False,0,Canciones Energeticas
1285,the power of love,frankie goes to hollywood,art rock,1984,123,16,46,-17,18,10,333,38,3,72,potencial_premium,q4_alto,1980,frankie goes to hollywood,the power of love,0,0,False,1,Baladas Acusticas
1286,the boys of summer,don henley,album rock,1984,177,55,52,-14,18,91,289,50,4,76,potencial_premium,q4_alto,1980,don henley,the boys of summer,2,2,True,1,Baladas Acusticas
1287,private dancer - 2015 remaster,tina turner,disco,1984,115,57,59,-10,9,47,434,36,4,59,rendimiento_medio,q2_medio_bajo,1980,tina turner,private dancer 2015 remaster,6,6,True,1,Baladas Acusticas
1288,easy lover,philip bailey,yacht rock,1984,129,92,74,-5,8,93,306,11,4,64,rendimiento_medio,q3_medio_alto,1980,philip bailey,easy lover,1,1,True,0,Canciones Energeticas
1289,be my number two,joe jackson,album rock,1984,110,31,40,-10,37,28,260,34,3,52,rendimiento_medio,q2_medio_bajo,1980,joe jackson,be my number two,1,1,True,1,Baladas Acusticas
1290,tinseltown in the rain,the blue nile,art rock,1984,118,82,78,-7,8,91,358,6,3,55,rendimiento_medio,q2_medio_bajo,1980,the blue nile,tinseltown in the rain,0,0,False,0,Canciones Energeticas
1291,glory days,bruce springsteen,classic rock,1984,117,96,57,-5,12,98,255,5,3,67,rendimiento_medio,q3_medio_alto,1980,bruce springsteen,glory days,13,13,True,0,Canciones Energeticas
1292,it's my life - 1997 remaster,talk talk,art rock,1984,126,80,63,-8,40,87,232,20,3,69,rendimiento_medio,q3_medio_alto,1980,talk talk,it s my life 1997 remaster,0,0,False,0,Canciones Energeticas
1293,heaven,bryan adams,album rock,1984,140,59,38,-7,12,34,243,5,3,76,potencial_premium,q4_alto,1980,bryan adams,heaven,0,0,False,0,Canciones Energeticas
1294,smalltown boy,bronski beat,dance rock,1984,135,58,69,-11,12,94,302,29,3,71,rendimiento_medio,q3_medio_alto,1980,bronski beat,smalltown boy,0,0,False,0,Canciones Energeticas
1295,i would die 4 u,prince,funk,1984,135,75,73,-10,20,64,179,9,3,60,rendimiento_medio,q2_medio_bajo,1980,prince,i would die 4 u,3,3,True,0,Canciones Energeticas
1296,thank god it's christmas - 2011 remaster,queen,glam rock,1984,86,42,30,-9,23,33,262,22,3,72,potencial_premium,q4_alto,1980,queen,thank god it s christmas 2011 remaster,0,0,False,1,Baladas Acusticas
1297,let's go crazy,prince,funk,1984,196,93,31,-6,11,38,280,2,13,62,rendimiento_medio,q2_medio_bajo,1980,prince,let s go crazy,3,3,True,0,Canciones Energeticas
1298,wake me up before you go-go,wham!,dance rock,1984,82,57,62,-12,6,90,231,27,4,79,potencial_premium,q4_alto,1980,wham,wake me up before you go go,0,0,False,0,Canciones Energeticas
1299,you'll never walk alone,lee towers,dutch pop,1984,79,27,34,-16,26,14,210,61,3,44,zona_critica,q1_bajo,1980,lee towers,you ll never walk alone,0,0,False,1,Baladas Acusticas
1300,run to you,bryan adams,album rock,1984,127,81,56,-6,29,64,233,1,3,65,rendimiento_medio,q3_medio_alto,1980,bryan adams,run to you,0,0,False,0,Canciones Energeticas
1301,perhaps love,john denver,adult standards,1984,81,25,39,-11,10,20,177,79,4,59,rendimiento_medio,q2_medio_bajo,1980,john denver,perhaps love,1,1,True,1,Baladas Acusticas
1302,don't answer me,the alan parsons project,album rock,1984,115,78,62,-9,22,63,252,7,3,57,rendimiento_medio,q2_medio_bajo,1980,the alan parsons project,don t answer me,0,0,False,0,Canciones Energeticas
1303,nightporter,japan,art pop,1984,110,8,52,-20,10,10,408,75,3,41,zona_critica,q1_bajo,1980,japan,nightporter,0,0,False,1,Baladas Acusticas
1304,big in japan,alphaville,dance rock,1984,98,41,75,-15,34,24,286,7,4,66,rendimiento_medio,q3_medio_alto,1980,alphaville,big in japan,0,0,False,1,Baladas Acusticas
1305,relax,frankie goes to hollywood,art rock,1984,115,70,68,-13,5,69,237,33,4,61,rendimiento_medio,q2_medio_bajo,1980,frankie goes to hollywood,relax,0,0,False,0,Canciones Energeticas
1306,two tribes,frankie goes to hollywood,art rock,1984,130,62,54,-13,37,20,208,0,4,54,rendimiento_medio,q2_medio_bajo,1980,frankie goes to hollywood,two tribes,0,0,False,1,Baladas Acusticas
1307,dancing with tears in my eyes,ultravox,art rock,1984,144,91,59,-8,60,93,244,15,4,59,rendimiento_medio,q2_medio_bajo,1980,ultravox,dancing with tears in my eyes,0,0,False,0,Canciones Energeticas
1308,that was yesterday,foreigner,album rock,1984,115,68,43,-7,21,51,229,5,3,54,rendimiento_medio,q2_medio_bajo,1980,foreigner,that was yesterday,0,0,False,0,Canciones Energeticas
1309,how soon is now? - 2011 remaster,the smiths,dance rock,1984,191,93,40,-7,9,73,408,0,6,70,rendimiento_medio,q3_medio_alto,1980,the smiths,how soon is now 2011 remaster,0,0,False,0,Canciones Energeticas
1310,no surrender,bruce springsteen,classic rock,1984,154,95,35,-5,56,86,240,0,5,52,rendimiento_medio,q2_medio_bajo,1980,bruce springsteen,no surrender,13,13,True,0,Canciones Energeticas
1311,brothers in arms,dire straits,album rock,1985,79,44,22,-9,12,13,419,50,4,52,rendimiento_medio,q2_medio_bajo,1980,dire straits,brothers in arms,2,2,True,1,Baladas Acusticas
1312,jeanny,falco,austropop,1985,106,66,65,-10,19,45,356,45,5,58,rendimiento_medio,q2_medio_bajo,1980,falco,jeanny,0,0,False,0,Canciones Energeticas
1313,money for nothing,dire straits,album rock,1985,134,66,67,-9,6,66,506,5,4,62,rendimiento_medio,q2_medio_bajo,1980,dire straits,money for nothing,2,2,True,0,Canciones Energeticas
1314,kronenburg park,frank boeijen groep,dutch cabaret,1985,90,55,50,-13,10,45,244,45,3,53,rendimiento_medio,q2_medio_bajo,1980,frank boeijen groep,kronenburg park,0,0,False,1,Baladas Acusticas
1315,walk of life,dire straits,album rock,1985,172,94,46,-7,12,80,252,44,11,61,rendimiento_medio,q2_medio_bajo,1980,dire straits,walk of life,2,2,True,0,Canciones Energeticas
1316,take on me,a-ha,dance rock,1985,84,90,57,-8,9,88,225,2,5,83,potencial_premium,q4_alto,1980,a ha,take on me,0,0,False,0,Canciones Energeticas
1317,groot hart,de dijk,dutch indie,1985,129,46,78,-14,22,66,195,46,4,26,zona_critica,q1_bajo,1980,de dijk,groot hart,0,0,False,1,Baladas Acusticas
1318,alive and kicking,simple minds,art rock,1985,103,91,57,-4,13,56,289,8,4,64,rendimiento_medio,q3_medio_alto,1980,simple minds,alive and kicking,0,0,False,0,Canciones Energeticas
1319,holding back the years - 2008 remaster,simply red,british soul,1985,86,51,71,-9,10,52,270,58,3,68,rendimiento_medio,q3_medio_alto,1980,simply red,holding back the years 2008 remaster,0,0,False,1,Baladas Acusticas
1320,running up that hill (a deal with god),kate bush,art pop,1985,108,55,63,-13,6,20,299,72,6,67,rendimiento_medio,q3_medio_alto,1980,kate bush,running up that hill a deal with god,0,0,False,1,Baladas Acusticas
1321,cloudbusting,kate bush,art pop,1985,113,25,68,-17,8,81,310,70,3,60,rendimiento_medio,q2_medio_bajo,1980,kate bush,cloudbusting,0,0,False,1,Baladas Acusticas
1322,binnen zonder kloppen,de dijk,dutch indie,1985,117,47,73,-13,14,58,284,17,4,26,zona_critica,q1_bajo,1980,de dijk,binnen zonder kloppen,0,0,False,0,Canciones Energeticas
1323,nikita,elton john,glam rock,1985,87,66,63,-9,7,75,343,12,3,68,rendimiento_medio,q3_medio_alto,1980,elton john,nikita,2,2,True,0,Canciones Energeticas
1324,everybody wants to rule the world,tears for fears,art rock,1985,112,80,65,-12,10,54,251,35,5,80,potencial_premium,q4_alto,1980,tears for fears,everybody wants to rule the world,0,0,False,0,Canciones Energeticas
1325,eye of the tiger,survivor,album rock,1985,109,60,82,-9,9,55,246,13,3,76,potencial_premium,q4_alto,1980,survivor,eye of the tiger,1,1,True,0,Canciones Energeticas
1326,russians,sting,permanent wave,1985,116,28,44,-18,18,20,238,46,4,50,rendimiento_medio,q2_medio_bajo,1980,sting,russians,8,8,True,1,Baladas Acusticas
1327,dancing in the street - 2002 remaster,david bowie,album rock,1985,131,82,60,-14,13,74,205,12,4,57,rendimiento_medio,q2_medio_bajo,1980,david bowie,dancing in the street 2002 remaster,3,3,True,0,Canciones Energeticas
1328,raspberry beret,prince,funk,1985,121,67,76,-13,7,91,215,21,4,69,rendimiento_medio,q3_medio_alto,1980,prince,raspberry beret,3,3,True,0,Canciones Energeticas
1329,your latest trick,dire straits,album rock,1985,123,41,70,-14,14,26,394,72,3,46,zona_critica,q1_bajo,1980,dire straits,your latest trick,2,2,True,1,Baladas Acusticas
1330,road to nowhere,talking heads,alternative rock,1985,110,71,66,-8,15,63,259,4,3,55,rendimiento_medio,q2_medio_bajo,1980,talking heads,road to nowhere,0,0,False,0,Canciones Energeticas
1331,why worry,dire straits,album rock,1985,94,13,60,-21,11,11,511,93,3,44,zona_critica,q1_bajo,1980,dire straits,why worry,2,2,True,1,Baladas Acusticas
1332,close to me - remastered,the cure,dance rock,1985,185,52,73,-11,8,96,203,7,12,60,rendimiento_medio,q2_medio_bajo,1980,the cure,close to me remastered,0,0,False,0,Canciones Energeticas
1333,so far away,dire straits,album rock,1985,114,46,69,-12,6,70,312,25,3,50,rendimiento_medio,q2_medio_bajo,1980,dire straits,so far away,2,2,True,0,Canciones Energeticas
1334,broken wings,mr. mister,album rock,1985,99,50,29,-14,11,44,344,13,4,60,rendimiento_medio,q2_medio_bajo,1980,mr mister,broken wings,0,0,False,1,Baladas Acusticas
1335,shout,tears for fears,art rock,1985,98,94,51,-10,14,50,394,17,4,71,rendimiento_medio,q3_medio_alto,1980,tears for fears,shout,0,0,False,0,Canciones Energeticas
1336,josephine,chris rea,art rock,1985,110,47,66,-16,5,66,238,2,3,57,rendimiento_medio,q2_medio_bajo,1980,chris rea,josephine,0,0,False,1,Baladas Acusticas
1337,greatest love of all,whitney houston,dance pop,1985,131,31,50,-16,12,25,291,48,3,66,rendimiento_medio,q3_medio_alto,1980,whitney houston,greatest love of all,6,6,True,1,Baladas Acusticas
1338,in between days - 2006 remaster,the cure,dance rock,1985,143,83,54,-6,17,71,178,11,3,54,rendimiento_medio,q2_medio_bajo,1980,the cure,in between days 2006 remaster,0,0,False,0,Canciones Energeticas
1339,i got you babe,ub40,reggae fusion,1985,174,61,76,-13,11,86,189,8,7,65,rendimiento_medio,q3_medio_alto,1980,ub40,i got you babe,0,0,False,0,Canciones Energeticas
1340,moon over bourbon street,sting,permanent wave,1985,125,6,41,-22,10,18,240,67,4,51,rendimiento_medio,q2_medio_bajo,1980,sting,moon over bourbon street,8,8,True,1,Baladas Acusticas
1341,we are the world,u.s.a. for africa,electro,1985,73,45,53,-15,7,29,427,19,4,70,rendimiento_medio,q3_medio_alto,1980,u s a for africa,we are the world,0,0,False,1,Baladas Acusticas
1342,out in the fields,gary moore,album rock,1985,180,95,44,-8,39,36,258,3,6,52,rendimiento_medio,q2_medio_bajo,1980,gary moore,out in the fields,0,0,False,0,Canciones Energeticas
1343,hunting high and low,a-ha,dance rock,1985,117,67,60,-8,11,30,224,4,3,37,zona_critica,q1_bajo,1980,a ha,hunting high and low,0,0,False,0,Canciones Energeticas
1344,take me home - 2016 remaster,phil collins,mellow gold,1985,119,81,62,-8,5,58,354,47,5,56,rendimiento_medio,q2_medio_bajo,1980,phil collins,take me home 2016 remaster,5,5,True,0,Canciones Energeticas
1345,master of puppets (remastered),metallica,alternative metal,1986,105,83,54,-9,15,56,515,0,4,67,rendimiento_medio,q3_medio_alto,1980,metallica,master of puppets remastered,7,7,True,0,Canciones Energeticas
1346,angel of death,slayer,alternative metal,1986,90,100,28,-4,15,10,291,0,16,57,rendimiento_medio,q2_medio_bajo,1980,slayer,angel of death,2,2,True,0,Canciones Energeticas
1347,livin' on a prayer,bon jovi,glam metal,1986,123,89,53,-4,29,80,249,8,3,83,potencial_premium,q4_alto,1980,bon jovi,livin on a prayer,0,0,False,0,Canciones Energeticas
1348,graceland,paul simon,classic rock,1986,118,71,73,-9,8,85,291,63,3,65,rendimiento_medio,q3_medio_alto,1980,paul simon,graceland,4,4,True,0,Canciones Energeticas
1349,don't give up - 2012 remaster,peter gabriel,album rock,1986,161,26,54,-16,8,36,394,83,5,45,zona_critica,q1_bajo,1980,peter gabriel,don t give up 2012 remaster,4,4,True,1,Baladas Acusticas
1350,sometimes it snows in april,prince,funk,1986,104,6,49,-24,10,6,409,83,4,53,rendimiento_medio,q2_medio_bajo,1980,prince,sometimes it snows in april,3,3,True,1,Baladas Acusticas
1351,a kind of magic - remastered 2011,queen,glam rock,1986,130,78,67,-6,12,70,264,2,4,54,rendimiento_medio,q2_medio_bajo,1980,queen,a kind of magic remastered 2011,0,0,False,0,Canciones Energeticas
1352,the final countdown,europe,album rock,1986,118,84,54,-7,6,19,310,6,6,75,potencial_premium,q4_alto,1980,europe,the final countdown,0,0,False,0,Canciones Energeticas
1353,de verzoening,frank boeijen groep,dutch cabaret,1986,101,31,61,-15,6,28,302,70,3,47,zona_critica,q1_bajo,1980,frank boeijen groep,de verzoening,0,0,False,1,Baladas Acusticas
1354,i want you,elvis costello & the attractions,art rock,1986,123,13,50,-18,36,21,401,35,8,51,rendimiento_medio,q2_medio_bajo,1980,elvis costello the attractions,i want you,0,0,False,1,Baladas Acusticas
1355,you can call me al,paul simon,classic rock,1986,128,76,78,-8,8,82,280,18,5,75,potencial_premium,q4_alto,1980,paul simon,you can call me al,4,4,True,0,Canciones Energeticas
1356,don't dream it's over,crowded house,australian pop,1986,82,42,44,-17,7,55,237,1,4,72,potencial_premium,q4_alto,1980,crowded house,don t dream it s over,0,0,False,1,Baladas Acusticas
1357,land of confusion - 2007 remaster,genesis,album rock,1986,115,91,63,-7,23,81,287,4,4,56,rendimiento_medio,q2_medio_bajo,1980,genesis,land of confusion 2007 remaster,1,1,True,0,Canciones Energeticas
1358,life's what you make it - 1997 remaster,talk talk,art rock,1986,92,80,53,-8,4,94,269,0,3,59,rendimiento_medio,q2_medio_bajo,1980,talk talk,life s what you make it 1997 remaster,0,0,False,0,Canciones Energeticas
1359,there is a light that never goes out - 2011 remaster,the smiths,dance rock,1986,136,77,52,-6,14,88,245,4,3,73,potencial_premium,q4_alto,1980,the smiths,there is a light that never goes out 2011 remaster,0,0,False,0,Canciones Energeticas
1360,you give love a bad name,bon jovi,glam metal,1986,123,96,54,-3,34,81,223,7,5,80,potencial_premium,q4_alto,1980,bon jovi,you give love a bad name,0,0,False,0,Canciones Energeticas
1361,the lady in red,chris de burgh,classic uk pop,1986,77,29,55,-17,4,49,256,33,3,74,potencial_premium,q4_alto,1980,chris de burgh,the lady in red,0,0,False,1,Baladas Acusticas
1362,one vision - remastered 2011,queen,glam rock,1986,120,92,46,-7,34,33,311,4,26,49,zona_critica,q1_bajo,1980,queen,one vision remastered 2011,0,0,False,0,Canciones Energeticas
1363,diamonds on the soles of her shoes,paul simon,classic rock,1986,111,68,79,-10,22,88,349,78,4,63,rendimiento_medio,q3_medio_alto,1980,paul simon,diamonds on the soles of her shoes,4,4,True,0,Canciones Energeticas
1364,absolute beginners - 2002 remaster,david bowie,album rock,1986,114,77,56,-9,21,43,338,7,4,46,zona_critica,q1_bajo,1980,david bowie,absolute beginners 2002 remaster,3,3,True,0,Canciones Energeticas
1365,friends will be friends - remastered 2011,queen,glam rock,1986,75,53,44,-8,34,35,247,4,3,50,rendimiento_medio,q2_medio_bajo,1980,queen,friends will be friends remastered 2011,0,0,False,0,Canciones Energeticas
1366,kiss,prince,funk,1986,111,27,90,-12,5,74,226,1,9,74,potencial_premium,q4_alto,1980,prince,kiss,3,3,True,0,Canciones Energeticas
1367,in a lifetime,clannad,celtic,1986,134,38,44,-16,7,30,192,66,3,32,zona_critica,q1_bajo,1980,clannad,in a lifetime,1,1,True,1,Baladas Acusticas
1368,wanted dead or alive,bon jovi,glam metal,1986,150,80,25,-4,31,25,309,13,4,73,potencial_premium,q4_alto,1980,bon jovi,wanted dead or alive,0,0,False,0,Canciones Energeticas
1369,true colors,cyndi lauper,dance pop,1986,172,14,39,-17,10,26,226,79,4,69,rendimiento_medio,q3_medio_alto,1980,cyndi lauper,true colors,0,0,False,1,Baladas Acusticas
1370,bigmouth strikes again - 2011 remaster,the smiths,dance rock,1986,135,90,40,-5,54,84,193,7,4,67,rendimiento_medio,q3_medio_alto,1980,the smiths,bigmouth strikes again 2011 remaster,0,0,False,0,Canciones Energeticas
1371,anne,herman van veen,dutch pop,1986,115,8,67,-27,17,28,228,67,4,42,zona_critica,q1_bajo,1980,herman van veen,anne,0,0,False,1,Baladas Acusticas
1372,you can leave your hat on,joe cocker,album rock,1986,174,54,65,-13,19,90,255,12,3,58,rendimiento_medio,q2_medio_bajo,1980,joe cocker,you can leave your hat on,0,0,False,0,Canciones Energeticas
1373,living in another world - 1997 remaster,talk talk,art rock,1986,111,86,56,-8,23,94,418,0,3,53,rendimiento_medio,q2_medio_bajo,1980,talk talk,living in another world 1997 remaster,0,0,False,0,Canciones Energeticas
1374,"fire - live at the winterland, san francisco, ca - december 1978",bruce springsteen,classic rock,1986,120,32,43,-21,98,52,193,20,17,41,zona_critica,q1_bajo,1980,bruce springsteen,fire live at the winterland san francisco ca december 1978,13,13,True,1,Baladas Acusticas
1375,sledgehammer - 2012 remaster,peter gabriel,album rock,1986,96,68,64,-8,4,47,312,4,4,57,rendimiento_medio,q2_medio_bajo,1980,peter gabriel,sledgehammer 2012 remaster,4,4,True,0,Canciones Energeticas
1376,don't leave me this way (with sarah jane morris),the communards,dance rock,1986,132,93,64,-6,13,90,271,14,3,64,rendimiento_medio,q3_medio_alto,1980,the communards,don t leave me this way with sarah jane morris,0,0,False,0,Canciones Energeticas
1377,the way it is,bruce hornsby,album rock,1986,111,69,58,-12,14,53,298,61,3,66,rendimiento_medio,q3_medio_alto,1980,bruce hornsby,the way it is,0,0,False,1,Baladas Acusticas
1378,walk this way (feat. aerosmith),run–d.m.c.,east coast hip hop,1986,106,58,76,-13,6,94,310,1,5,68,rendimiento_medio,q3_medio_alto,1980,run d m c,walk this way feat aerosmith,0,0,False,0,Canciones Energeticas
1379,i'll be over you,toto,album rock,1986,82,28,52,-18,26,41,230,6,3,68,rendimiento_medio,q3_medio_alto,1980,toto,i ll be over you,2,2,True,1,Baladas Acusticas
1380,why can't this be love,van halen,album rock,1986,88,63,53,-13,8,75,228,6,5,65,rendimiento_medio,q3_medio_alto,1980,van halen,why can t this be love,1,1,True,0,Canciones Energeticas
1381,in your eyes - 2012 remaster,peter gabriel,album rock,1986,89,65,62,-9,7,63,330,6,4,54,rendimiento_medio,q2_medio_bajo,1980,peter gabriel,in your eyes 2012 remaster,4,4,True,0,Canciones Energeticas
1382,fight for your right,beastie boys,alternative rock,1986,134,86,50,-6,8,42,209,1,7,68,rendimiento_medio,q3_medio_alto,1980,beastie boys,fight for your right,3,3,True,0,Canciones Energeticas
1383,homeless (with ladysmith black mambazo),paul simon,classic rock,1986,91,27,40,-16,26,29,228,88,7,49,zona_critica,q1_bajo,1980,paul simon,homeless with ladysmith black mambazo,4,4,True,1,Baladas Acusticas
1384,live to tell,madonna,dance pop,1986,110,31,67,-14,11,27,353,41,3,56,rendimiento_medio,q2_medio_bajo,1980,madonna,live to tell,6,6,True,1,Baladas Acusticas
1385,west end girls - 2001 remaster,pet shop boys,art pop,1986,113,95,65,-7,29,61,286,1,4,68,rendimiento_medio,q3_medio_alto,1980,pet shop boys,west end girls 2001 remaster,0,0,False,0,Canciones Energeticas
1386,invisible touch - 2007 remaster,genesis,album rock,1986,131,88,66,-6,7,84,210,34,3,60,rendimiento_medio,q2_medio_bajo,1980,genesis,invisible touch 2007 remaster,1,1,True,0,Canciones Energeticas
1387,over de muur,klein orkest,dutch indie,1987,96,32,61,-15,14,29,209,63,5,55,rendimiento_medio,q2_medio_bajo,1980,klein orkest,over de muur,0,0,False,1,Baladas Acusticas
1388,sweet child o' mine,guns n' roses,glam metal,1987,125,95,45,-5,11,62,356,9,5,73,potencial_premium,q4_alto,1980,guns n roses,sweet child o mine,0,0,False,0,Canciones Energeticas
1389,with or without you - remastered,u2,irish rock,1987,110,43,54,-12,14,11,296,0,3,80,potencial_premium,q4_alto,1980,u2,with or without you remastered,18,18,True,1,Baladas Acusticas
1390,where the streets have no name - remastered,u2,irish rock,1987,126,72,49,-10,16,29,338,1,4,66,rendimiento_medio,q3_medio_alto,1980,u2,where the streets have no name remastered,18,18,True,0,Canciones Energeticas
1391,i still haven't found what i'm looking for,u2,irish rock,1987,101,77,56,-9,9,66,277,1,4,76,potencial_premium,q4_alto,1980,u2,i still haven t found what i m looking for,18,18,True,0,Canciones Energeticas
1392,paradise city,guns n' roses,glam metal,1987,100,98,27,-6,18,40,406,2,10,71,rendimiento_medio,q3_medio_alto,1980,guns n roses,paradise city,0,0,False,0,Canciones Energeticas
1393,fragile,sting,permanent wave,1987,82,20,32,-21,9,29,236,91,4,62,rendimiento_medio,q2_medio_bajo,1980,sting,fragile,8,8,True,1,Baladas Acusticas
1394,englishman in new york,sting,permanent wave,1987,102,35,67,-18,9,65,267,40,4,71,rendimiento_medio,q3_medio_alto,1980,sting,englishman in new york,8,8,True,1,Baladas Acusticas
1395,troy,sinéad o'connor,folk,1987,116,31,32,-9,44,18,391,48,3,51,rendimiento_medio,q2_medio_bajo,1980,sin ad o connor,troy,1,1,True,1,Baladas Acusticas
1396,welcome to the jungle,guns n' roses,glam metal,1987,124,99,45,-4,27,32,273,2,9,72,potencial_premium,q4_alto,1980,guns n roses,welcome to the jungle,0,0,False,0,Canciones Energeticas
1397,tougher than the rest,bruce springsteen,classic rock,1987,99,51,60,-11,11,60,274,20,2,62,rendimiento_medio,q2_medio_bajo,1980,bruce springsteen,tougher than the rest,13,13,True,0,Canciones Energeticas
1398,smooth criminal - 2012 remaster,michael jackson,pop,1987,118,98,85,-4,31,60,258,25,8,76,potencial_premium,q4_alto,1980,michael jackson,smooth criminal 2012 remaster,9,9,True,0,Canciones Energeticas
1399,patience,guns n' roses,glam metal,1987,120,30,46,-13,11,33,355,69,3,66,rendimiento_medio,q3_medio_alto,1980,guns n roses,patience,0,0,False,1,Baladas Acusticas
1400,everywhere - 2017 remaster,fleetwood mac,album rock,1987,115,49,73,-11,9,73,227,26,3,78,potencial_premium,q4_alto,1980,fleetwood mac,everywhere 2017 remaster,1,1,True,0,Canciones Energeticas
1401,i will follow - live,u2,irish rock,1987,140,90,23,-7,96,49,239,0,6,42,zona_critica,q1_bajo,1980,u2,i will follow live,18,18,True,0,Canciones Energeticas
1402,alone,heart,album rock,1987,175,45,42,-13,10,17,219,64,4,73,potencial_premium,q4_alto,1980,heart,alone,0,0,False,1,Baladas Acusticas
1403,sign 'o' the times,prince,funk,1987,198,52,70,-7,8,55,303,1,10,54,rendimiento_medio,q2_medio_bajo,1980,prince,sign o the times,3,3,True,0,Canciones Energeticas
1404,in the dutch mountains,nits,dutch indie,1987,85,50,42,-11,6,27,206,55,3,44,zona_critica,q1_bajo,1980,nits,in the dutch mountains,0,0,False,1,Baladas Acusticas
1405,never tear us apart,inxs,australian rock,1987,97,69,67,-6,17,28,186,5,3,60,rendimiento_medio,q2_medio_bajo,1980,inxs,never tear us apart,0,0,False,0,Canciones Energeticas
1406,here i go again - 2018 remaster,whitesnake,album rock,1987,90,82,29,-7,16,24,275,1,4,65,rendimiento_medio,q3_medio_alto,1980,whitesnake,here i go again 2018 remaster,0,0,False,0,Canciones Energeticas
1407,liefde van later,herman van veen,dutch pop,1987,121,8,50,-22,11,13,252,97,5,41,zona_critica,q1_bajo,1980,herman van veen,liefde van later,0,0,False,1,Baladas Acusticas
1408,unchain my heart,joe cocker,album rock,1987,118,67,75,-13,32,70,304,2,4,62,rendimiento_medio,q2_medio_bajo,1980,joe cocker,unchain my heart,0,0,False,0,Canciones Energeticas
1409,"non, je ne regrette rien",édith piaf,chanson,1987,87,35,39,-7,17,44,142,86,3,64,rendimiento_medio,q3_medio_alto,1980,dith piaf,non je ne regrette rien,0,0,False,1,Baladas Acusticas
1410,never gonna give you up,rick astley,dance pop,1987,113,94,73,-12,15,92,213,14,4,66,rendimiento_medio,q3_medio_alto,1980,rick astley,never gonna give you up,0,0,False,0,Canciones Energeticas
1411,running to stand still,u2,irish rock,1987,95,20,54,-19,33,23,257,86,3,55,rendimiento_medio,q2_medio_bajo,1980,u2,running to stand still,18,18,True,1,Baladas Acusticas
1412,i wanna dance with somebody (who loves me),whitney houston,dance pop,1987,119,82,71,-9,9,87,291,21,5,81,potencial_premium,q4_alto,1980,whitney houston,i wanna dance with somebody who loves me,6,6,True,0,Canciones Energeticas
1413,have a little faith in me,john hiatt,alternative country,1987,156,41,45,-11,12,32,245,74,3,51,rendimiento_medio,q2_medio_bajo,1980,john hiatt,have a little faith in me,0,0,False,1,Baladas Acusticas
1414,suzanne,herman van veen,dutch pop,1987,129,16,63,-21,12,18,239,93,3,43,zona_critica,q1_bajo,1980,herman van veen,suzanne,0,0,False,1,Baladas Acusticas
1415,the way you make me feel - 2012 remaster,michael jackson,pop,1987,114,85,88,-5,14,54,298,5,15,72,potencial_premium,q4_alto,1980,michael jackson,the way you make me feel 2012 remaster,9,9,True,0,Canciones Energeticas
1416,the one i love - remastered,r.e.m.,alternative rock,1987,128,84,49,-5,35,56,198,0,4,63,rendimiento_medio,q3_medio_alto,1980,r e m,the one i love remastered,3,3,True,0,Canciones Energeticas
1417,bad - 2012 remaster,michael jackson,pop,1987,114,89,79,-4,7,39,247,0,4,68,rendimiento_medio,q3_medio_alto,1980,michael jackson,bad 2012 remaster,9,9,True,0,Canciones Energeticas
1418,apache,the shadows,adult standards,1987,134,45,60,-13,10,78,174,1,3,53,rendimiento_medio,q2_medio_bajo,1980,the shadows,apache,0,0,False,0,Canciones Energeticas
1419,the cross,prince,funk,1987,99,64,44,-7,64,25,286,53,6,42,zona_critica,q1_bajo,1980,prince,the cross,3,3,True,1,Baladas Acusticas
1420,luka,suzanne vega,folk,1987,125,70,63,-11,12,80,232,19,3,45,zona_critica,q1_bajo,1980,suzanne vega,luka,0,0,False,0,Canciones Energeticas
1421,seven wonders - 2017 remaster,fleetwood mac,album rock,1987,119,63,71,-10,10,63,222,3,3,63,rendimiento_medio,q3_medio_alto,1980,fleetwood mac,seven wonders 2017 remaster,1,1,True,0,Canciones Energeticas
1422,lessons in love,level 42,art rock,1987,113,84,71,-8,30,86,246,16,4,62,rendimiento_medio,q2_medio_bajo,1980,level 42,lessons in love,0,0,False,0,Canciones Energeticas
1423,brilliant disguise,bruce springsteen,classic rock,1987,126,73,70,-12,3,95,255,15,3,57,rendimiento_medio,q2_medio_bajo,1980,bruce springsteen,brilliant disguise,13,13,True,0,Canciones Energeticas
1424,it's a sin - 2001 remaster,pet shop boys,art pop,1987,127,86,54,-6,25,29,299,25,4,66,rendimiento_medio,q3_medio_alto,1980,pet shop boys,it s a sin 2001 remaster,0,0,False,0,Canciones Energeticas
1425,bullet the blue sky,u2,irish rock,1987,153,64,36,-10,13,45,272,1,4,55,rendimiento_medio,q2_medio_bajo,1980,u2,bullet the blue sky,18,18,True,0,Canciones Energeticas
1426,wonderful life,black,dance rock,1987,106,52,72,-12,21,82,288,71,3,64,rendimiento_medio,q3_medio_alto,1980,black,wonderful life,0,0,False,1,Baladas Acusticas
1427,it's the end of the world as we know it (and i feel fine),r.e.m.,alternative rock,1987,206,89,38,-9,3,80,247,3,4,67,rendimiento_medio,q3_medio_alto,1980,r e m,it s the end of the world as we know it and i feel fine,3,3,True,0,Canciones Energeticas
1428,is this love - 2018 remaster,whitesnake,album rock,1987,180,76,26,-7,23,43,284,6,4,58,rendimiento_medio,q2_medio_bajo,1980,whitesnake,is this love 2018 remaster,0,0,False,0,Canciones Energeticas
1429,laat mij maar alleen,klein orkest,dutch indie,1987,153,74,45,-10,23,94,201,2,6,40,zona_critica,q1_bajo,1980,klein orkest,laat mij maar alleen,0,0,False,0,Canciones Energeticas
1430,you win again,bee gees,adult standards,1987,169,83,55,-11,22,91,241,9,3,63,rendimiento_medio,q3_medio_alto,1980,bee gees,you win again,2,2,True,0,Canciones Energeticas
1431,liberian girl - 2012 remastered version,michael jackson,pop,1987,105,55,75,-7,13,45,233,46,10,59,rendimiento_medio,q2_medio_bajo,1980,michael jackson,liberian girl 2012 remastered version,9,9,True,0,Canciones Energeticas
1432,winter in hamburg,frank boeijen groep,dutch cabaret,1987,125,47,60,-14,11,53,318,70,3,37,zona_critica,q1_bajo,1980,frank boeijen groep,winter in hamburg,0,0,False,1,Baladas Acusticas
1433,one (remastered),metallica,alternative metal,1988,103,69,44,-9,42,43,446,0,6,67,rendimiento_medio,q3_medio_alto,1980,metallica,one remastered,7,7,True,0,Canciones Energeticas
1434,fast car,tracy chapman,folk,1988,104,29,71,-16,13,19,297,31,4,77,potencial_premium,q4_alto,1980,tracy chapman,fast car,2,2,True,1,Baladas Acusticas
1435,dreams,fleetwood mac,album rock,1988,120,34,82,-16,50,79,254,14,4,59,rendimiento_medio,q2_medio_bajo,1980,fleetwood mac,dreams,1,1,True,1,Baladas Acusticas
1436,sara,fleetwood mac,album rock,1988,127,39,74,-17,9,59,382,38,3,56,rendimiento_medio,q2_medio_bajo,1980,fleetwood mac,sara,1,1,True,1,Baladas Acusticas
1437,stop loving you,toto,album rock,1988,102,65,56,-13,6,60,269,23,3,63,rendimiento_medio,q3_medio_alto,1980,toto,stop loving you,2,2,True,0,Canciones Energeticas
1438,can i play with madness - 2015 remaster,iron maiden,album rock,1988,141,98,31,-3,26,63,211,9,10,42,zona_critica,q1_bajo,1980,iron maiden,can i play with madness 2015 remaster,1,1,True,0,Canciones Energeticas
1439,tonight (with david bowie) - live,tina turner,disco,1988,102,72,59,-13,93,72,255,20,5,44,zona_critica,q1_bajo,1980,tina turner,tonight with david bowie live,6,6,True,0,Canciones Energeticas
1440,tusk,fleetwood mac,album rock,1988,181,62,61,-17,45,96,210,24,8,54,rendimiento_medio,q2_medio_bajo,1980,fleetwood mac,tusk,1,1,True,0,Canciones Energeticas
1441,maid of orleans,orchestral manoeuvres in the dark,art rock,1988,110,53,52,-14,5,35,252,7,3,34,zona_critica,q1_bajo,1980,orchestral manoeuvres in the dark,maid of orleans,0,0,False,1,Baladas Acusticas
1442,like the way i do,melissa etheridge,folk,1988,101,84,60,-13,6,64,324,4,4,57,rendimiento_medio,q2_medio_bajo,1980,melissa etheridge,like the way i do,2,2,True,0,Canciones Energeticas
1443,little lies,fleetwood mac,album rock,1988,125,69,63,-10,16,89,218,12,3,59,rendimiento_medio,q2_medio_bajo,1980,fleetwood mac,little lies,1,1,True,0,Canciones Energeticas
1444,zwart wit,frank boeijen groep,dutch cabaret,1988,132,63,55,-12,37,79,186,3,3,46,zona_critica,q1_bajo,1980,frank boeijen groep,zwart wit,0,0,False,0,Canciones Energeticas
1445,all i want is you,u2,irish rock,1988,186,44,24,-11,7,40,390,11,3,63,rendimiento_medio,q3_medio_alto,1980,u2,all i want is you,18,18,True,1,Baladas Acusticas
1446,take this waltz,leonard cohen,canadian folk,1988,142,18,44,-16,24,35,358,84,3,40,zona_critica,q1_bajo,1980,leonard cohen,take this waltz,1,1,True,1,Baladas Acusticas
1447,musica è,eros ramazzotti,italian pop,1988,125,28,53,-14,18,6,659,24,3,38,zona_critica,q1_bajo,1980,eros ramazzotti,musica,0,0,False,1,Baladas Acusticas
1448,when love comes to town,u2,irish rock,1988,116,67,65,-11,13,59,254,5,4,50,rendimiento_medio,q2_medio_bajo,1980,u2,when love comes to town,18,18,True,0,Canciones Energeticas
1449,ich bin wie du,marianne rosenberg,classic schlager,1988,129,74,48,-10,5,60,218,1,8,45,zona_critica,q1_bajo,1980,marianne rosenberg,ich bin wie du,0,0,False,0,Canciones Energeticas
1450,pamela,toto,album rock,1988,98,41,58,-16,6,53,310,13,3,53,rendimiento_medio,q2_medio_bajo,1980,toto,pamela,2,2,True,1,Baladas Acusticas
1451,orinoco flow,enya,celtic,1988,115,31,69,-17,10,56,266,80,3,57,rendimiento_medio,q2_medio_bajo,1980,enya,orinoco flow,4,4,True,1,Baladas Acusticas
1452,listen to your heart,roxette,europop,1988,86,58,54,-5,11,34,328,11,3,76,potencial_premium,q4_alto,1980,roxette,listen to your heart,0,0,False,0,Canciones Energeticas
1453,fairytale of new york (feat. kirsty maccoll),the pogues,celtic punk,1988,119,65,32,-6,24,47,272,50,3,83,potencial_premium,q4_alto,1980,the pogues,fairytale of new york feat kirsty maccoll,0,0,False,0,Canciones Energeticas
1454,living years,mike & the mechanics,album rock,1988,98,42,52,-13,7,31,330,58,3,55,rendimiento_medio,q2_medio_bajo,1980,mike the mechanics,living years,0,0,False,1,Baladas Acusticas
1455,mushanga,toto,album rock,1988,122,31,72,-19,9,51,335,9,4,45,zona_critica,q1_bajo,1980,toto,mushanga,2,2,True,1,Baladas Acusticas
1456,baby can i hold you,tracy chapman,folk,1988,74,42,69,-11,8,47,193,8,3,72,potencial_premium,q4_alto,1980,tracy chapman,baby can i hold you,2,2,True,0,Canciones Energeticas
1457,big love,fleetwood mac,album rock,1988,125,76,64,-12,13,64,219,1,5,49,zona_critica,q1_bajo,1980,fleetwood mac,big love,1,1,True,0,Canciones Energeticas
1458,angel of harlem,u2,irish rock,1988,103,69,52,-11,11,93,229,10,3,59,rendimiento_medio,q2_medio_bajo,1980,u2,angel of harlem,18,18,True,0,Canciones Energeticas
1459,handle with care,traveling wilburys,album rock,1988,115,77,68,-6,25,71,200,11,3,63,rendimiento_medio,q3_medio_alto,1980,traveling wilburys,handle with care,1,1,True,0,Canciones Energeticas
1460,(something inside) so strong,labi siffre,classic uk pop,1988,82,38,68,-10,10,23,337,42,3,50,rendimiento_medio,q2_medio_bajo,1980,labi siffre,something inside so strong,0,0,False,1,Baladas Acusticas
1461,into temptation,crowded house,australian pop,1988,84,37,45,-16,8,26,274,48,3,49,zona_critica,q1_bajo,1980,crowded house,into temptation,0,0,False,1,Baladas Acusticas
1462,twist in my sobriety,tanita tikaram,new wave pop,1988,115,56,78,-11,7,94,292,7,3,46,zona_critica,q1_bajo,1980,tanita tikaram,twist in my sobriety,0,0,False,0,Canciones Energeticas
1463,sympathy for the devil,the rolling stones,album rock,1989,115,69,57,-11,5,57,377,60,28,56,rendimiento_medio,q2_medio_bajo,1980,the rolling stones,sympathy for the devil,3,3,True,1,Baladas Acusticas
1464,another day in paradise - 2016 remaster,phil collins,mellow gold,1989,102,56,78,-7,6,37,322,74,3,74,potencial_premium,q4_alto,1980,phil collins,another day in paradise 2016 remaster,5,5,True,1,Baladas Acusticas
1465,niemand in de stad,de dijk,dutch indie,1989,90,41,63,-13,31,70,291,6,3,41,zona_critica,q1_bajo,1980,de dijk,niemand in de stad,0,0,False,0,Canciones Energeticas
1466,rockin' in the free world,neil young,album rock,1989,132,88,49,-5,37,52,282,0,3,65,rendimiento_medio,q3_medio_alto,1980,neil young,rockin in the free world,0,0,False,0,Canciones Energeticas
1467,poison,alice cooper,album rock,1989,119,91,28,-6,18,26,270,3,11,70,rendimiento_medio,q3_medio_alto,1980,alice cooper,poison,0,0,False,0,Canciones Energeticas
1468,i want it all - remastered 2011,queen,glam rock,1989,92,84,41,-6,37,39,242,3,5,55,rendimiento_medio,q2_medio_bajo,1980,queen,i want it all remastered 2011,0,0,False,0,Canciones Energeticas
1469,ik kan het niet alleen,de dijk,dutch indie,1989,142,85,53,-12,30,91,239,31,4,52,rendimiento_medio,q2_medio_bajo,1980,de dijk,ik kan het niet alleen,0,0,False,0,Canciones Energeticas
1470,leningrad,billy joel,album rock,1989,139,52,51,-6,12,23,243,38,3,49,zona_critica,q1_bajo,1980,billy joel,leningrad,4,4,True,1,Baladas Acusticas
1471,have i told you lately,van morrison,classic rock,1989,144,48,34,-10,14,18,260,28,3,68,rendimiento_medio,q3_medio_alto,1980,van morrison,have i told you lately,0,0,False,1,Baladas Acusticas
1472,lullaby,the cure,dance rock,1989,94,56,72,-11,6,59,250,19,3,53,rendimiento_medio,q2_medio_bajo,1980,the cure,lullaby,0,0,False,0,Canciones Energeticas
1473,the best,tina turner,disco,1989,104,74,66,-10,12,75,330,11,3,64,rendimiento_medio,q3_medio_alto,1980,tina turner,the best,6,6,True,0,Canciones Energeticas
1474,breakthru - remastered 2011,queen,glam rock,1989,90,86,57,-6,36,31,248,6,9,48,zona_critica,q1_bajo,1980,queen,breakthru remastered 2011,0,0,False,0,Canciones Energeticas
1475,need your love so bad,fleetwood mac,album rock,1989,147,18,36,-19,10,25,233,13,3,49,zona_critica,q1_bajo,1980,fleetwood mac,need your love so bad,1,1,True,1,Baladas Acusticas
1476,daar gaat ze,clouseau,belgian rock,1989,87,33,63,-15,13,64,229,83,3,39,zona_critica,q1_bajo,1980,clouseau,daar gaat ze,0,0,False,1,Baladas Acusticas
1477,personal jesus - original seven inch version,depeche mode,dance rock,1989,130,68,64,-12,5,71,225,1,4,61,rendimiento_medio,q2_medio_bajo,1980,depeche mode,personal jesus original seven inch version,1,1,True,0,Canciones Energeticas
1478,kingston town,ub40,reggae fusion,1989,102,25,96,-13,4,80,228,16,6,49,zona_critica,q1_bajo,1980,ub40,kingston town,0,0,False,0,Canciones Energeticas
1479,woman in chains,tears for fears,art rock,1989,160,61,43,-8,6,37,391,2,3,66,rendimiento_medio,q3_medio_alto,1980,tears for fears,woman in chains,0,0,False,0,Canciones Energeticas
1480,nergens goed voor,de dijk,dutch indie,1989,102,59,77,-12,27,72,262,12,3,47,zona_critica,q1_bajo,1980,de dijk,nergens goed voor,0,0,False,0,Canciones Energeticas
1481,i wish it would rain down - 2016 remaster,phil collins,mellow gold,1989,126,67,51,-5,31,36,328,29,3,61,rendimiento_medio,q2_medio_bajo,1980,phil collins,i wish it would rain down 2016 remaster,5,5,True,0,Canciones Energeticas
1482,if you don't know me by now - 2008 remaster,simply red,british soul,1989,94,35,64,-9,11,20,204,49,3,72,potencial_premium,q4_alto,1980,simply red,if you don t know me by now 2008 remaster,0,0,False,1,Baladas Acusticas
1483,free fallin',tom petty,album rock,1989,84,45,62,-13,6,57,256,21,3,76,potencial_premium,q4_alto,1980,tom petty,free fallin,1,1,True,1,Baladas Acusticas
1484,let love rule,lenny kravitz,permanent wave,1989,153,45,69,-13,7,70,342,3,4,51,rendimiento_medio,q2_medio_bajo,1980,lenny kravitz,let love rule,4,4,True,0,Canciones Energeticas
1485,epic,faith no more,alternative metal,1989,174,89,36,-7,13,26,294,2,12,68,rendimiento_medio,q3_medio_alto,1980,faith no more,epic,0,0,False,0,Canciones Energeticas
1486,black velvet,alannah myles,classic canadian rock,1989,91,37,75,-10,11,47,287,27,3,71,rendimiento_medio,q3_medio_alto,1980,alannah myles,black velvet,1,1,True,1,Baladas Acusticas
1487,we didn't start the fire,billy joel,album rock,1989,145,97,71,-5,36,90,288,8,5,73,potencial_premium,q4_alto,1980,billy joel,we didn t start the fire,4,4,True,0,Canciones Energeticas
1488,sowing the seeds of love,tears for fears,art rock,1989,172,80,21,-7,36,68,377,1,4,62,rendimiento_medio,q2_medio_bajo,1980,tears for fears,sowing the seeds of love,0,0,False,0,Canciones Energeticas
1489,new york minute,don henley,album rock,1989,132,29,55,-12,4,12,395,33,3,55,rendimiento_medio,q2_medio_bajo,1980,don henley,new york minute,2,2,True,1,Baladas Acusticas
1490,something happened on the way to heaven - 2016 remaster,phil collins,mellow gold,1989,115,88,66,-4,27,88,292,18,3,57,rendimiento_medio,q2_medio_bajo,1980,phil collins,something happened on the way to heaven 2016 remaster,5,5,True,0,Canciones Energeticas
1491,lovesong,the cure,dance rock,1989,140,81,61,-8,22,82,210,34,3,60,rendimiento_medio,q2_medio_bajo,1980,the cure,lovesong,0,0,False,0,Canciones Energeticas
1492,monkey gone to heaven,pixies,alternative rock,1989,116,39,65,-12,32,60,177,2,3,61,rendimiento_medio,q2_medio_bajo,1980,pixies,monkey gone to heaven,0,0,False,0,Canciones Energeticas
1493,the miracle - remastered 2011,queen,glam rock,1989,92,65,48,-6,55,54,301,16,3,33,zona_critica,q1_bajo,1980,queen,the miracle remastered 2011,0,0,False,0,Canciones Energeticas
1494,the invisible man - remastered 2011,queen,glam rock,1989,120,79,70,-7,33,56,238,19,4,47,zona_critica,q1_bajo,1980,queen,the invisible man remastered 2011,0,0,False,0,Canciones Energeticas
1495,if i could turn back time,cher,dance pop,1989,108,57,66,-10,12,50,240,24,3,72,potencial_premium,q4_alto,1980,cher,if i could turn back time,1,1,True,0,Canciones Energeticas
1496,love shack,the b-52's,art rock,1989,134,82,72,-6,85,87,322,3,5,69,rendimiento_medio,q3_medio_alto,1980,the b 52 s,love shack,0,0,False,0,Canciones Energeticas
1497,thunderstruck,ac/dc,album rock,1990,134,89,50,-5,22,26,293,0,4,81,potencial_premium,q4_alto,1990,ac dc,thunderstruck,1,1,True,0,Canciones Energeticas
1498,papa,stef bos,christelijk,1990,120,32,74,-13,8,29,193,72,3,57,rendimiento_medio,q2_medio_bajo,1990,stef bos,papa,0,0,False,1,Baladas Acusticas
1499,enjoy the silence - single mix,depeche mode,dance rock,1990,113,81,64,-8,8,82,257,16,3,65,rendimiento_medio,q3_medio_alto,1990,depeche mode,enjoy the silence single mix,1,1,True,0,Canciones Energeticas
1500,still got the blues,gary moore,album rock,1990,170,39,19,-14,12,32,371,26,4,65,rendimiento_medio,q3_medio_alto,1990,gary moore,still got the blues,0,0,False,1,Baladas Acusticas
1501,wind of change,scorpions,album rock,1990,152,52,45,-10,10,25,312,32,4,77,potencial_premium,q4_alto,1990,scorpions,wind of change,0,0,False,1,Baladas Acusticas
1502,nothing compares 2 u,sinéad o'connor,folk,1990,120,57,51,-7,11,16,280,4,3,71,rendimiento_medio,q3_medio_alto,1990,sin ad o connor,nothing compares 2 u,1,1,True,0,Canciones Energeticas
1503,silent lucidity - remastered/2003,queensrÿche,album rock,1990,140,63,46,-6,12,10,348,5,3,61,rendimiento_medio,q2_medio_bajo,1990,queensr che,silent lucidity remastered 2003,0,0,False,0,Canciones Energeticas
1504,such a shame,talk talk,art rock,1990,112,68,60,-11,30,71,258,21,3,57,rendimiento_medio,q2_medio_bajo,1990,talk talk,such a shame,0,0,False,0,Canciones Energeticas
1505,hunger strike,temple of the dog,alternative metal,1990,138,57,37,-11,9,30,246,2,3,59,rendimiento_medio,q2_medio_bajo,1990,temple of the dog,hunger strike,0,0,False,1,Baladas Acusticas
1506,candy,iggy pop,alternative rock,1990,144,59,62,-11,5,65,253,4,3,60,rendimiento_medio,q2_medio_bajo,1990,iggy pop,candy,0,0,False,0,Canciones Energeticas
1507,send me an angel,scorpions,album rock,1990,81,42,15,-12,21,17,273,43,3,69,rendimiento_medio,q3_medio_alto,1990,scorpions,send me an angel,0,0,False,1,Baladas Acusticas
1508,don't go breaking my heart,elton john,glam rock,1990,131,86,74,-8,7,78,271,18,4,69,rendimiento_medio,q3_medio_alto,1990,elton john,don t go breaking my heart,2,2,True,0,Canciones Energeticas
1509,"night fever - from ""saturday night fever"" soundtrack",bee gees,adult standards,1990,109,51,74,-16,14,90,210,2,3,54,rendimiento_medio,q2_medio_bajo,1990,bee gees,night fever from saturday night fever soundtrack,2,2,True,0,Canciones Energeticas
1510,more than words,extreme,album rock,1990,92,13,63,-15,11,24,334,47,3,67,rendimiento_medio,q3_medio_alto,1990,extreme,more than words,0,0,False,1,Baladas Acusticas
1511,"it must have been love - from the film ""pretty woman""",roxette,europop,1990,81,65,52,-7,26,72,259,34,3,73,potencial_premium,q4_alto,1990,roxette,it must have been love from the film pretty woman,0,0,False,0,Canciones Energeticas
1512,domino,clouseau,belgian rock,1990,75,19,49,-16,22,21,248,72,4,31,zona_critica,q1_bajo,1990,clouseau,domino,0,0,False,1,Baladas Acusticas
1513,met hart en ziel,tröckener kecks,dutch indie,1990,167,61,38,-12,26,70,226,11,3,38,zona_critica,q1_bajo,1990,tr ckener kecks,met hart en ziel,0,0,False,0,Canciones Energeticas
1514,love rears its ugly head,living colour,alternative metal,1990,156,48,62,-9,23,73,259,6,9,50,rendimiento_medio,q2_medio_bajo,1990,living colour,love rears its ugly head,2,2,True,0,Canciones Energeticas
1515,hard to handle,the black crowes,album rock,1990,104,79,59,-4,31,96,188,0,4,68,rendimiento_medio,q3_medio_alto,1990,the black crowes,hard to handle,0,0,False,0,Canciones Energeticas
1516,black,pearl jam,alternative rock,1991,77,68,36,-6,34,20,343,32,3,75,potencial_premium,q4_alto,1990,pearl jam,black,1,1,True,0,Canciones Energeticas
1517,de boer is de keerl,normaal,dutch rock,1991,85,40,52,-13,8,63,221,21,3,51,rendimiento_medio,q2_medio_bajo,1990,normaal,de boer is de keerl,0,0,False,1,Baladas Acusticas
1518,november rain,guns n' roses,glam metal,1991,80,64,29,-9,11,23,536,2,3,80,potencial_premium,q4_alto,1990,guns n roses,november rain,0,0,False,0,Canciones Energeticas
1519,nothing else matters,metallica,alternative metal,1991,142,36,56,-11,8,17,389,5,3,69,rendimiento_medio,q3_medio_alto,1990,metallica,nothing else matters,7,7,True,1,Baladas Acusticas
1520,smells like teen spirit,nirvana,alternative rock,1991,117,91,50,-5,11,72,302,0,6,74,potencial_premium,q4_alto,1990,nirvana,smells like teen spirit,1,1,True,0,Canciones Energeticas
1521,innuendo - remastered 2011,queen,glam rock,1991,73,73,21,-6,30,17,393,18,6,49,zona_critica,q1_bajo,1990,queen,innuendo remastered 2011,0,0,False,0,Canciones Energeticas
1522,alive,pearl jam,alternative rock,1991,75,88,28,-6,40,60,341,1,4,75,potencial_premium,q4_alto,1990,pearl jam,alive,1,1,True,0,Canciones Energeticas
1523,enter sandman,metallica,alternative metal,1991,123,82,58,-9,6,64,332,0,3,74,potencial_premium,q4_alto,1990,metallica,enter sandman,7,7,True,0,Canciones Energeticas
1524,who wants to live forever - remastered 2011,queen,glam rock,1991,87,40,14,-9,12,4,295,58,4,51,rendimiento_medio,q2_medio_bajo,1990,queen,who wants to live forever remastered 2011,0,0,False,1,Baladas Acusticas
1525,under the bridge,red hot chili peppers,alternative rock,1991,85,35,56,-13,14,46,264,6,5,81,potencial_premium,q4_alto,1990,red hot chili peppers,under the bridge,3,3,True,1,Baladas Acusticas
1526,deurdonderen,normaal,dutch rock,1991,175,79,46,-10,11,86,234,1,8,49,zona_critica,q1_bajo,1990,normaal,deurdonderen,0,0,False,0,Canciones Energeticas
1527,the show must go on - 2011 mix,queen,glam rock,1991,83,69,31,-7,11,18,278,41,3,58,rendimiento_medio,q2_medio_bajo,1990,queen,the show must go on 2011 mix,0,0,False,1,Baladas Acusticas
1528,losing my religion,r.e.m.,alternative rock,1991,126,86,67,-5,10,80,268,18,3,81,potencial_premium,q4_alto,1990,r e m,losing my religion,3,3,True,0,Canciones Energeticas
1529,come as you are,nirvana,alternative rock,1991,120,82,50,-6,9,54,219,0,4,72,potencial_premium,q4_alto,1990,nirvana,come as you are,1,1,True,0,Canciones Energeticas
1530,jeremy,pearl jam,alternative rock,1991,109,85,28,-6,18,29,318,4,4,73,potencial_premium,q4_alto,1990,pearl jam,jeremy,1,1,True,0,Canciones Energeticas
1531,one,u2,irish rock,1991,181,53,39,-9,16,33,276,25,4,77,potencial_premium,q4_alto,1990,u2,one,18,18,True,1,Baladas Acusticas
1532,knockin' on heaven's door,guns n' roses,glam metal,1991,132,74,50,-7,11,38,336,2,4,77,potencial_premium,q4_alto,1990,guns n roses,knockin on heaven s door,0,0,False,0,Canciones Energeticas
1533,the unforgiven,metallica,alternative metal,1991,139,60,54,-10,13,25,387,1,3,65,rendimiento_medio,q3_medio_alto,1990,metallica,the unforgiven,7,7,True,0,Canciones Energeticas
1534,these are the days of our lives - 2011 remaster,queen,glam rock,1991,113,40,69,-10,6,55,255,37,3,49,zona_critica,q1_bajo,1990,queen,these are the days of our lives 2011 remaster,0,0,False,1,Baladas Acusticas
1535,lithium,nirvana,alternative rock,1991,123,66,68,-6,6,49,257,0,4,68,rendimiento_medio,q3_medio_alto,1990,nirvana,lithium,1,1,True,0,Canciones Energeticas
1536,lekker op de trekker ('n boerinnen-wervingslied),mannenkoor karrespoor,levenslied,1991,132,49,72,-12,11,97,216,73,4,39,zona_critica,q1_bajo,1990,mannenkoor karrespoor,lekker op de trekker n boerinnen wervingslied,0,0,False,1,Baladas Acusticas
1537,estranged,guns n' roses,glam metal,1991,89,76,36,-8,37,17,564,1,3,63,rendimiento_medio,q3_medio_alto,1990,guns n roses,estranged,0,0,False,0,Canciones Energeticas
1538,even flow,pearl jam,alternative rock,1991,105,94,39,-7,30,27,293,0,8,75,potencial_premium,q4_alto,1990,pearl jam,even flow,1,1,True,0,Canciones Energeticas
1539,hammer to fall - remastered 2011,queen,glam rock,1991,127,79,43,-5,13,51,218,32,9,55,rendimiento_medio,q2_medio_bajo,1990,queen,hammer to fall remastered 2011,0,0,False,0,Canciones Energeticas
1540,sad but true,metallica,alternative metal,1991,89,85,63,-6,6,43,325,0,3,63,rendimiento_medio,q3_medio_alto,1990,metallica,sad but true,7,7,True,0,Canciones Energeticas
1541,year of the cat - 2001 remaster,al stewart,album rock,1991,117,61,53,-10,12,53,401,1,3,61,rendimiento_medio,q2_medio_bajo,1990,al stewart,year of the cat 2001 remaster,0,0,False,0,Canciones Energeticas
1542,don't cry (original),guns n' roses,glam metal,1991,125,59,46,-9,10,24,284,0,3,74,potencial_premium,q4_alto,1990,guns n roses,don t cry original,0,0,False,0,Canciones Energeticas
1543,(everything i do) i do it for you,bryan adams,album rock,1991,131,37,53,-13,6,25,394,8,3,64,rendimiento_medio,q3_medio_alto,1990,bryan adams,everything i do i do it for you,0,0,False,1,Baladas Acusticas
1544,no more tears,ozzy osbourne,album rock,1991,103,75,35,-7,65,32,443,0,4,66,rendimiento_medio,q3_medio_alto,1990,ozzy osbourne,no more tears,1,1,True,0,Canciones Energeticas
1545,you,ten sharp,pop,1991,174,90,41,-8,19,67,273,43,3,61,rendimiento_medio,q2_medio_bajo,1990,ten sharp,you,0,0,False,0,Canciones Energeticas
1546,heal the world,michael jackson,pop,1991,81,49,53,-8,10,10,384,54,5,68,rendimiento_medio,q3_medio_alto,1990,michael jackson,heal the world,9,9,True,1,Baladas Acusticas
1547,bestel mar (edit),rowwen hèze,carnaval limburg,1991,160,85,58,-7,12,91,187,7,10,48,zona_critica,q1_bajo,1990,rowwen h ze,bestel mar edit,0,0,False,0,Canciones Energeticas
1548,on every street,dire straits,album rock,1991,132,27,32,-11,17,15,302,58,4,56,rendimiento_medio,q2_medio_bajo,1990,dire straits,on every street,2,2,True,1,Baladas Acusticas
1549,give it away,red hot chili peppers,alternative rock,1991,92,94,67,-10,15,78,283,0,5,73,potencial_premium,q4_alto,1990,red hot chili peppers,give it away,3,3,True,0,Canciones Energeticas
1550,four seasons in one day,crowded house,australian pop,1991,89,26,52,-17,9,49,170,82,3,51,rendimiento_medio,q2_medio_bajo,1990,crowded house,four seasons in one day,0,0,False,1,Baladas Acusticas
1551,walking in memphis,marc cohn,folk,1991,130,51,57,-9,30,33,253,55,4,69,rendimiento_medio,q3_medio_alto,1990,marc cohn,walking in memphis,0,0,False,1,Baladas Acusticas
1552,learning to fly,tom petty and the heartbreakers,album rock,1991,117,77,65,-10,36,95,242,21,3,71,rendimiento_medio,q3_medio_alto,1990,tom petty and the heartbreakers,learning to fly,0,0,False,0,Canciones Energeticas
1553,live and let die,guns n' roses,glam metal,1991,153,78,26,-9,12,26,183,1,6,68,rendimiento_medio,q3_medio_alto,1990,guns n roses,live and let die,0,0,False,0,Canciones Energeticas
1554,in bloom - nevermind version,nirvana,alternative rock,1991,157,88,44,-5,21,51,255,0,6,64,rendimiento_medio,q3_medio_alto,1990,nirvana,in bloom nevermind version,1,1,True,0,Canciones Energeticas
1555,weather with you,crowded house,australian pop,1991,94,61,64,-13,21,89,224,25,3,69,rendimiento_medio,q3_medio_alto,1990,crowded house,weather with you,0,0,False,0,Canciones Energeticas
1556,shiny happy people,r.e.m.,alternative rock,1991,125,91,45,-4,23,81,226,3,4,70,rendimiento_medio,q3_medio_alto,1990,r e m,shiny happy people,3,3,True,0,Canciones Energeticas
1557,stars,simply red,british soul,1991,104,82,72,-7,24,82,249,15,3,49,zona_critica,q1_bajo,1990,simply red,stars,0,0,False,0,Canciones Energeticas
1558,i'm going slightly mad - remastered 2011,queen,glam rock,1991,116,83,64,-6,19,31,263,57,5,48,zona_critica,q1_bajo,1990,queen,i m going slightly mad remastered 2011,0,0,False,0,Canciones Energeticas
1559,on the border - 2001 remaster,al stewart,album rock,1991,98,64,48,-12,8,73,202,6,3,49,zona_critica,q1_bajo,1990,al stewart,on the border 2001 remaster,0,0,False,0,Canciones Energeticas
1560,diamonds and pearls,prince,funk,1991,81,55,55,-10,7,29,285,5,3,47,zona_critica,q1_bajo,1990,prince,diamonds and pearls,3,3,True,0,Canciones Energeticas
1561,i can't dance - 2007 remaster,genesis,album rock,1991,108,53,91,-9,5,90,241,50,5,54,rendimiento_medio,q2_medio_bajo,1990,genesis,i can t dance 2007 remaster,1,1,True,0,Canciones Energeticas
1562,no son of mine - 2007 remaster,genesis,album rock,1991,104,60,66,-9,10,26,399,13,3,39,zona_critica,q1_bajo,1990,genesis,no son of mine 2007 remaster,1,1,True,0,Canciones Energeticas
1563,i can't make you love me,bonnie raitt,classic rock,1991,125,15,59,-17,24,11,333,85,3,66,rendimiento_medio,q3_medio_alto,1990,bonnie raitt,i can t make you love me,7,7,True,1,Baladas Acusticas
1564,love of the common people,paul young,album rock,1991,91,61,74,-11,6,89,221,9,8,55,rendimiento_medio,q2_medio_bajo,1990,paul young,love of the common people,0,0,False,0,Canciones Energeticas
1565,mysterious ways,u2,irish rock,1991,100,66,67,-8,11,70,244,0,3,63,rendimiento_medio,q3_medio_alto,1990,u2,mysterious ways,18,18,True,0,Canciones Energeticas
1566,we don't need another hero (thunderdome),tina turner,disco,1991,99,67,69,-6,12,71,255,20,5,61,rendimiento_medio,q2_medio_bajo,1990,tina turner,we don t need another hero thunderdome,6,6,True,0,Canciones Energeticas
1567,calling elvis,dire straits,album rock,1991,120,57,61,-12,16,39,385,9,3,54,rendimiento_medio,q2_medio_bajo,1990,dire straits,calling elvis,2,2,True,0,Canciones Energeticas
1568,killing in the name,rage against the machine,alternative metal,1992,89,83,47,-4,3,66,314,3,30,78,potencial_premium,q4_alto,1990,rage against the machine,killing in the name,2,2,True,0,Canciones Energeticas
1569,fear of the dark - 2015 remaster,iron maiden,album rock,1992,110,87,31,-6,23,23,438,0,6,55,rendimiento_medio,q2_medio_bajo,1990,iron maiden,fear of the dark 2015 remaster,1,1,True,0,Canciones Energeticas
1570,bed of roses,bon jovi,glam metal,1992,165,60,31,-6,21,16,394,10,3,73,potencial_premium,q4_alto,1990,bon jovi,bed of roses,0,0,False,0,Canciones Energeticas
1571,everybody hurts,r.e.m.,alternative rock,1992,94,32,47,-10,12,17,320,62,3,74,potencial_premium,q4_alto,1990,r e m,everybody hurts,3,3,True,1,Baladas Acusticas
1572,kayleigh,marillion,album rock,1992,106,67,56,-7,9,60,243,2,3,58,rendimiento_medio,q2_medio_bajo,1990,marillion,kayleigh,0,0,False,0,Canciones Energeticas
1573,"layla - acoustic; live at mtv unplugged, bray film studios, windsor, england, uk, 1/16/1992; 2013 remaster",eric clapton,album rock,1992,94,52,56,-12,94,64,289,32,5,70,rendimiento_medio,q3_medio_alto,1990,eric clapton,layla acoustic live at mtv unplugged bray film studios windsor england uk 1 16 1992 2013 remaster,10,10,True,1,Baladas Acusticas
1574,i will always love you,whitney houston,dance pop,1992,67,21,31,-13,8,11,271,84,4,77,potencial_premium,q4_alto,1990,whitney houston,i will always love you,6,6,True,1,Baladas Acusticas
1575,nightswimming,r.e.m.,alternative rock,1992,114,39,57,-11,10,57,258,80,3,62,rendimiento_medio,q2_medio_bajo,1990,r e m,nightswimming,3,3,True,1,Baladas Acusticas
1576,conquest of paradise,vangelis,cyberpunk,1992,74,30,43,-14,23,16,278,70,3,61,rendimiento_medio,q2_medio_bajo,1990,vangelis,conquest of paradise,0,0,False,1,Baladas Acusticas
1577,would?,alice in chains,alternative metal,1992,101,83,31,-8,9,59,207,0,4,71,rendimiento_medio,q3_medio_alto,1990,alice in chains,would,0,0,False,0,Canciones Energeticas
1578,friday i'm in love,the cure,dance rock,1992,136,76,53,-12,34,51,214,0,3,67,rendimiento_medio,q3_medio_alto,1990,the cure,friday i m in love,0,0,False,0,Canciones Energeticas
1579,sharp dressed man,zz top,album rock,1992,125,77,65,-8,10,40,252,0,3,53,rendimiento_medio,q2_medio_bajo,1990,zz top,sharp dressed man,0,0,False,0,Canciones Energeticas
1580,man on the moon,r.e.m.,alternative rock,1992,119,70,67,-8,20,66,314,42,3,67,rendimiento_medio,q3_medio_alto,1990,r e m,man on the moon,3,3,True,0,Canciones Energeticas
1581,gimme all your lovin',zz top,album rock,1992,120,79,66,-7,6,71,240,5,3,44,zona_critica,q1_bajo,1990,zz top,gimme all your lovin,0,0,False,0,Canciones Energeticas
1582,what's up?,4 non blondes,new wave pop,1992,134,56,56,-10,11,45,296,16,3,78,potencial_premium,q4_alto,1990,4 non blondes,what s up,0,0,False,0,Canciones Energeticas
1583,lavender,marillion,album rock,1992,138,55,33,-6,9,23,224,31,3,51,rendimiento_medio,q2_medio_bajo,1990,marillion,lavender,0,0,False,1,Baladas Acusticas
1584,plush - 2017 remaster,stone temple pilots,alternative metal,1992,144,94,43,-5,14,47,314,1,4,61,rendimiento_medio,q2_medio_bajo,1990,stone temple pilots,plush 2017 remaster,1,1,True,0,Canciones Energeticas
1585,eloise,barry ryan,bubblegum pop,1992,131,59,43,-12,36,46,345,22,3,45,zona_critica,q1_bajo,1990,barry ryan,eloise,0,0,False,1,Baladas Acusticas
1586,harvest moon,neil young,album rock,1992,113,31,65,-12,12,41,303,53,3,71,rendimiento_medio,q3_medio_alto,1990,neil young,harvest moon,0,0,False,1,Baladas Acusticas
1587,drive,r.e.m.,alternative rock,1992,143,43,47,-12,23,24,271,18,3,62,rendimiento_medio,q2_medio_bajo,1990,r e m,drive,3,3,True,1,Baladas Acusticas
1588,remedy,the black crowes,album rock,1992,160,98,41,-4,8,35,323,0,5,56,rendimiento_medio,q2_medio_bajo,1990,the black crowes,remedy,0,0,False,0,Canciones Energeticas
1589,i've got dreams to remember,otis redding,classic soul,1992,142,28,39,-13,14,40,196,50,3,49,zona_critica,q1_bajo,1990,otis redding,i ve got dreams to remember,1,1,True,1,Baladas Acusticas
1590,jump around,house of pain,gangster rap,1992,107,71,85,-6,17,82,215,1,8,74,potencial_premium,q4_alto,1990,house of pain,jump around,0,0,False,0,Canciones Energeticas
1591,human touch,bruce springsteen,classic rock,1992,115,52,65,-14,10,45,389,0,3,58,rendimiento_medio,q2_medio_bajo,1990,bruce springsteen,human touch,13,13,True,0,Canciones Energeticas
1592,vlieg met me mee - live,paul de leeuw,dutch cabaret,1992,176,47,35,-14,77,56,312,77,20,40,zona_critica,q1_bajo,1990,paul de leeuw,vlieg met me mee live,0,0,False,1,Baladas Acusticas
1593,in these arms,bon jovi,glam metal,1992,123,92,51,-3,21,46,319,1,6,59,rendimiento_medio,q2_medio_bajo,1990,bon jovi,in these arms,0,0,False,0,Canciones Energeticas
1594,out of space,the prodigy,big beat,1992,147,87,64,-11,11,61,298,0,6,48,zona_critica,q1_bajo,1990,the prodigy,out of space,0,0,False,0,Canciones Energeticas
1595,find the river,r.e.m.,alternative rock,1992,145,44,42,-9,14,30,230,22,3,58,rendimiento_medio,q2_medio_bajo,1990,r e m,find the river,3,3,True,1,Baladas Acusticas
1596,i have nothing,whitney houston,dance pop,1992,153,40,54,-10,16,24,289,58,4,73,potencial_premium,q4_alto,1990,whitney houston,i have nothing,6,6,True,1,Baladas Acusticas
1597,rosalyn,vitesse,nederpop,1992,102,51,49,-13,7,67,208,1,6,39,zona_critica,q1_bajo,1990,vitesse,rosalyn,0,0,False,0,Canciones Energeticas
1598,rooster,alice in chains,alternative metal,1992,144,55,27,-8,12,20,374,3,3,68,rendimiento_medio,q3_medio_alto,1990,alice in chains,rooster,0,0,False,0,Canciones Energeticas
1599,why,annie lennox,europop,1992,91,47,53,-9,13,12,294,28,2,64,rendimiento_medio,q3_medio_alto,1990,annie lennox,why,2,2,True,1,Baladas Acusticas
1600,rhythm is a dancer,snap!,diva house,1992,124,65,76,-15,9,86,332,21,3,57,rendimiento_medio,q2_medio_bajo,1990,snap,rhythm is a dancer,0,0,False,0,Canciones Energeticas
1601,keep the faith,bon jovi,glam metal,1992,118,97,57,-4,8,57,347,0,5,58,rendimiento_medio,q2_medio_bajo,1990,bon jovi,keep the faith,0,0,False,0,Canciones Energeticas
1602,no rain,blind melon,alternative metal,1992,148,48,39,-9,26,57,217,62,3,73,potencial_premium,q4_alto,1990,blind melon,no rain,0,0,False,1,Baladas Acusticas
1603,creep,radiohead,alternative rock,1993,92,43,52,-10,13,10,239,1,4,82,potencial_premium,q4_alto,1990,radiohead,creep,3,3,True,1,Baladas Acusticas
1604,proud mary,tina turner,disco,1993,171,50,40,-11,11,37,327,8,7,66,rendimiento_medio,q3_medio_alto,1990,tina turner,proud mary,6,6,True,1,Baladas Acusticas
1605,fields of gold,sting,permanent wave,1993,104,34,65,-12,7,32,222,37,2,69,rendimiento_medio,q3_medio_alto,1990,sting,fields of gold,8,8,True,1,Baladas Acusticas
1606,eagle - short version,abba,europop,1993,86,83,41,-8,17,65,263,0,3,41,zona_critica,q1_bajo,1990,abba,eagle short version,0,0,False,0,Canciones Energeticas
1607,linger,the cranberries,irish rock,1993,95,43,44,-15,14,20,275,8,3,75,potencial_premium,q4_alto,1990,the cranberries,linger,1,1,True,1,Baladas Acusticas
1608,alles geprobeerd,het goede doel,dutch pop,1993,76,56,59,-15,8,84,388,11,4,38,zona_critica,q1_bajo,1990,het goede doel,alles geprobeerd,0,0,False,0,Canciones Energeticas
1609,i'd do anything for love (but i won't do that) - single edit,meat loaf,album rock,1993,105,67,42,-6,41,30,316,62,9,59,rendimiento_medio,q2_medio_bajo,1990,meat loaf,i d do anything for love but i won t do that single edit,1,1,True,1,Baladas Acusticas
1610,shape of my heart,sting,permanent wave,1993,84,37,54,-10,8,24,279,69,3,72,potencial_premium,q4_alto,1990,sting,shape of my heart,8,8,True,1,Baladas Acusticas
1611,i will survive - single version,gloria gaynor,disco,1993,116,62,80,-13,32,64,199,2,5,60,rendimiento_medio,q2_medio_bajo,1990,gloria gaynor,i will survive single version,2,2,True,0,Canciones Energeticas
1612,ordinary world,duran duran,dance rock,1993,140,65,47,-10,14,40,340,1,3,72,potencial_premium,q4_alto,1990,duran duran,ordinary world,2,2,True,0,Canciones Energeticas
1613,disarm - remastered,the smashing pumpkins,alternative metal,1993,130,42,53,-10,14,22,197,14,3,62,rendimiento_medio,q2_medio_bajo,1990,the smashing pumpkins,disarm remastered,2,2,True,1,Baladas Acusticas
1614,mr. jones,counting crows,alternative rock,1993,142,82,58,-7,28,73,272,18,4,76,potencial_premium,q4_alto,1990,counting crows,mr jones,0,0,False,0,Canciones Energeticas
1615,heart-shaped box,nirvana,alternative rock,1993,203,64,26,-10,9,38,281,20,6,74,potencial_premium,q4_alto,1990,nirvana,heart shaped box,1,1,True,1,Baladas Acusticas
1616,daughter (remastered),pearl jam,alternative rock,1993,97,70,62,-10,6,73,234,1,3,68,rendimiento_medio,q3_medio_alto,1990,pearl jam,daughter remastered,1,1,True,0,Canciones Energeticas
1617,in-a-gadda-da-vida - single version,iron butterfly,art rock,1993,119,53,47,-10,18,77,174,0,3,57,rendimiento_medio,q2_medio_bajo,1990,iron butterfly,in a gadda da vida single version,0,0,False,0,Canciones Energeticas
1618,gaia,valensia,classical rock,1993,174,33,38,-13,21,20,331,74,3,39,zona_critica,q1_bajo,1990,valensia,gaia,0,0,False,1,Baladas Acusticas
1619,mull of kintyre - 1993 digital remaster,wings,album rock,1993,93,26,33,-15,12,42,283,0,3,56,rendimiento_medio,q2_medio_bajo,1990,wings,mull of kintyre 1993 digital remaster,0,0,False,1,Baladas Acusticas
1620,cose della vita,eros ramazzotti,italian pop,1993,176,60,50,-9,22,47,289,6,3,48,zona_critica,q1_bajo,1990,eros ramazzotti,cose della vita,0,0,False,0,Canciones Energeticas
1621,are you gonna go my way,lenny kravitz,permanent wave,1993,129,67,62,-10,33,78,212,0,4,72,potencial_premium,q4_alto,1990,lenny kravitz,are you gonna go my way,4,4,True,0,Canciones Energeticas
1622,what's love got to do with it,tina turner,disco,1993,98,41,85,-12,9,79,227,22,7,69,rendimiento_medio,q3_medio_alto,1990,tina turner,what s love got to do with it,6,6,True,0,Canciones Energeticas
1623,rearviewmirror (remastered),pearl jam,alternative rock,1993,159,96,37,-5,35,44,283,0,7,58,rendimiento_medio,q2_medio_bajo,1990,pearl jam,rearviewmirror remastered,1,1,True,0,Canciones Energeticas
1624,la solitudine,laura pausini,europop,1993,132,47,57,-6,15,26,241,74,4,57,rendimiento_medio,q2_medio_bajo,1990,laura pausini,la solitudine,1,1,True,1,Baladas Acusticas
1625,up where we belong,joe cocker,album rock,1993,139,43,57,-9,8,36,233,60,3,54,rendimiento_medio,q2_medio_bajo,1990,joe cocker,up where we belong,0,0,False,1,Baladas Acusticas
1626,rape me,nirvana,alternative rock,1993,112,75,42,-11,7,23,170,1,5,64,rendimiento_medio,q3_medio_alto,1990,nirvana,rape me,1,1,True,0,Canciones Energeticas
1627,round here,counting crows,alternative rock,1993,94,48,31,-9,8,19,331,14,3,61,rendimiento_medio,q2_medio_bajo,1990,counting crows,round here,0,0,False,1,Baladas Acusticas
1628,i want you back,the jackson 5,adult standards,1993,98,54,64,-13,28,94,181,49,3,65,rendimiento_medio,q3_medio_alto,1990,the jackson 5,i want you back,0,0,False,0,Canciones Energeticas
1629,younger days,the fatal flowers,dutch indie,1993,116,85,54,-7,31,31,188,2,4,42,zona_critica,q1_bajo,1990,the fatal flowers,younger days,0,0,False,0,Canciones Energeticas
1630,all apologies,nirvana,alternative rock,1993,113,63,45,-12,9,36,233,8,3,67,rendimiento_medio,q3_medio_alto,1990,nirvana,all apologies,1,1,True,0,Canciones Energeticas
1631,zombie,the cranberries,irish rock,1994,167,64,31,-9,37,31,306,2,3,80,potencial_premium,q4_alto,1990,the cranberries,zombie,1,1,True,0,Canciones Energeticas
1632,hallelujah,jeff buckley,alternative rock,1994,97,14,32,-10,18,8,414,93,3,73,potencial_premium,q4_alto,1990,jeff buckley,hallelujah,0,0,False,1,Baladas Acusticas
1633,oude maasweg,the amazing stroopwafels,dutch rock,1994,90,26,75,-15,12,13,206,70,4,45,zona_critica,q1_bajo,1990,the amazing stroopwafels,oude maasweg,0,0,False,1,Baladas Acusticas
1634,lightning crashes,live,alternative metal,1994,90,43,39,-9,11,43,326,24,4,64,rendimiento_medio,q3_medio_alto,1990,live,lightning crashes,0,0,False,1,Baladas Acusticas
1635,black hole sun,soundgarden,alternative metal,1994,105,83,35,-5,8,15,319,0,4,76,potencial_premium,q4_alto,1990,soundgarden,black hole sun,2,2,True,0,Canciones Energeticas
1636,the man who sold the world,nirvana,alternative rock,1994,115,75,48,-9,26,42,261,43,8,73,potencial_premium,q4_alto,1990,nirvana,the man who sold the world,1,1,True,0,Canciones Energeticas
1637,basket case,green day,modern rock,1994,85,94,44,-3,9,78,182,0,6,79,potencial_premium,q4_alto,1990,green day,basket case,4,4,True,0,Canciones Energeticas
1638,where did you sleep last night,nirvana,alternative rock,1994,109,59,57,-8,69,36,306,67,6,68,rendimiento_medio,q3_medio_alto,1990,nirvana,where did you sleep last night,1,1,True,1,Baladas Acusticas
1639,high hopes,pink floyd,album rock,1994,75,41,52,-13,35,28,511,20,3,59,rendimiento_medio,q2_medio_bajo,1990,pink floyd,high hopes,1,1,True,1,Baladas Acusticas
1640,kiss from a rose,seal,british soul,1994,132,53,58,-7,31,22,288,68,3,72,potencial_premium,q4_alto,1990,seal,kiss from a rose,2,2,True,1,Baladas Acusticas
1641,always,bon jovi,glam metal,1994,141,66,38,-6,8,33,353,12,3,76,potencial_premium,q4_alto,1990,bon jovi,always,0,0,False,0,Canciones Energeticas
1642,all i want for christmas is you,mariah carey,dance pop,1994,150,63,34,-7,7,35,241,16,4,95,potencial_premium,q4_alto,1990,mariah carey,all i want for christmas is you,3,3,True,0,Canciones Energeticas
1643,i alone,live,alternative metal,1994,90,82,40,-7,37,10,231,0,5,62,rendimiento_medio,q2_medio_bajo,1990,live,i alone,0,0,False,0,Canciones Energeticas
1644,sabotage,beastie boys,alternative rock,1994,168,94,32,-7,10,54,178,3,10,71,rendimiento_medio,q3_medio_alto,1990,beastie boys,sabotage,3,3,True,0,Canciones Energeticas
1645,smooth operator - single version,sade,british soul,1994,119,58,73,-7,3,96,259,24,3,66,rendimiento_medio,q3_medio_alto,1990,sade,smooth operator single version,3,3,True,0,Canciones Energeticas
1646,glory box,portishead,art pop,1994,120,43,51,-10,6,21,309,18,4,67,rendimiento_medio,q3_medio_alto,1990,portishead,glory box,0,0,False,1,Baladas Acusticas
1647,dromen zijn bedrog,marco borsato,dutch cabaret,1994,132,86,61,-9,26,64,243,3,4,56,rendimiento_medio,q2_medio_bajo,1990,marco borsato,dromen zijn bedrog,0,0,False,0,Canciones Energeticas
1648,ode to my family,the cranberries,irish rock,1994,94,45,36,-10,28,14,271,6,2,69,rendimiento_medio,q3_medio_alto,1990,the cranberries,ode to my family,1,1,True,1,Baladas Acusticas
1649,no good (start the dance) [remastered],the prodigy,big beat,1994,145,99,64,-7,16,17,378,1,5,56,rendimiento_medio,q2_medio_bajo,1990,the prodigy,no good start the dance remastered,0,0,False,0,Canciones Energeticas
1650,when i come around,green day,modern rock,1994,98,91,53,-4,23,81,178,2,3,75,potencial_premium,q4_alto,1990,green day,when i come around,4,4,True,0,Canciones Energeticas
1651,live forever - remastered,oasis,britpop,1994,84,79,10,-4,36,18,277,0,4,55,rendimiento_medio,q2_medio_bajo,1990,oasis,live forever remastered,0,0,False,0,Canciones Energeticas
1652,mmm mmm mmm mmm,crash test dummies,canadian rock,1994,93,57,58,-8,8,37,235,25,2,57,rendimiento_medio,q2_medio_bajo,1990,crash test dummies,mmm mmm mmm mmm,0,0,False,0,Canciones Energeticas
1653,annabel,hans de booij,dutch cabaret,1994,174,52,81,-14,10,59,213,6,30,45,zona_critica,q1_bajo,1990,hans de booij,annabel,0,0,False,0,Canciones Energeticas
1654,polly,nirvana,alternative rock,1994,115,39,62,-12,91,44,196,68,4,57,rendimiento_medio,q2_medio_bajo,1990,nirvana,polly,1,1,True,1,Baladas Acusticas
1655,grace,jeff buckley,alternative rock,1994,128,87,55,-4,22,19,322,3,4,59,rendimiento_medio,q2_medio_bajo,1990,jeff buckley,grace,0,0,False,0,Canciones Energeticas
1656,stil in mij,van dik hout,dutch cabaret,1995,99,65,59,-9,13,39,245,22,3,58,rendimiento_medio,q2_medio_bajo,1990,van dik hout,stil in mij,0,0,False,0,Canciones Energeticas
1657,wonderwall - remastered,oasis,britpop,1995,175,87,37,-5,23,48,259,0,4,71,rendimiento_medio,q3_medio_alto,1990,oasis,wonderwall remastered,0,0,False,0,Canciones Energeticas
1658,don't look back in anger - remastered,oasis,britpop,1995,163,92,33,-4,13,34,290,6,6,63,rendimiento_medio,q3_medio_alto,1990,oasis,don t look back in anger remastered,0,0,False,0,Canciones Energeticas
1659,streets of philadelphia - single edit,bruce springsteen,classic rock,1995,94,29,74,-13,9,44,195,29,3,70,rendimiento_medio,q3_medio_alto,1990,bruce springsteen,streets of philadelphia single edit,13,13,True,1,Baladas Acusticas
1660,earth song,michael jackson,pop,1995,138,44,50,-8,9,14,406,48,3,63,rendimiento_medio,q3_medio_alto,1990,michael jackson,earth song,9,9,True,1,Baladas Acusticas
1661,street spirit (fade out),radiohead,alternative rock,1995,138,45,49,-12,18,13,254,31,3,62,rendimiento_medio,q2_medio_bajo,1990,radiohead,street spirit fade out,3,3,True,1,Baladas Acusticas
1662,man in the mirror,michael jackson,pop,1995,100,80,79,-6,11,27,319,43,4,64,rendimiento_medio,q3_medio_alto,1990,michael jackson,man in the mirror,9,9,True,0,Canciones Energeticas
1663,aan de kust,bløf,dutch pop,1995,78,31,51,-10,13,22,223,93,5,47,zona_critica,q1_bajo,1990,bl f,aan de kust,0,0,False,1,Baladas Acusticas
1664,beat it,michael jackson,pop,1995,139,80,76,-6,17,91,258,3,4,60,rendimiento_medio,q2_medio_bajo,1990,michael jackson,beat it,9,9,True,0,Canciones Energeticas
1665,margherita,marco borsato,dutch cabaret,1995,119,25,54,-12,14,14,250,52,4,52,rendimiento_medio,q2_medio_bajo,1990,marco borsato,margherita,0,0,False,1,Baladas Acusticas
1666,vivo per lei,andrea bocelli,adult standards,1995,136,46,53,-6,18,29,266,70,3,64,rendimiento_medio,q3_medio_alto,1990,andrea bocelli,vivo per lei,1,1,True,1,Baladas Acusticas
1667,circle of life,elton john,glam rock,1995,160,61,28,-8,11,16,290,28,4,54,rendimiento_medio,q2_medio_bajo,1990,elton john,circle of life,2,2,True,1,Baladas Acusticas
1668,they don't care about us,michael jackson,pop,1995,90,91,86,-6,32,73,284,21,13,69,rendimiento_medio,q3_medio_alto,1990,michael jackson,they don t care about us,9,9,True,0,Canciones Energeticas
1669,champagne supernova - remastered,oasis,britpop,1995,150,80,29,-5,36,12,448,47,4,63,rendimiento_medio,q3_medio_alto,1990,oasis,champagne supernova remastered,0,0,False,0,Canciones Energeticas
1670,you do something to me,paul weller,britpop,1995,73,34,44,-13,11,30,219,48,3,58,rendimiento_medio,q2_medio_bajo,1990,paul weller,you do something to me,0,0,False,1,Baladas Acusticas
1671,lemon tree,fools garden,german pop rock,1995,143,48,66,-9,12,64,191,64,4,73,potencial_premium,q4_alto,1990,fools garden,lemon tree,0,0,False,1,Baladas Acusticas
1672,weak,skunk anansie,british alternative rock,1995,94,77,53,-6,26,45,212,1,3,24,zona_critica,q1_bajo,1990,skunk anansie,weak,0,0,False,0,Canciones Energeticas
1673,ik leef niet meer voor jou,marco borsato,dutch cabaret,1995,150,82,55,-9,4,57,217,2,5,60,rendimiento_medio,q2_medio_bajo,1990,marco borsato,ik leef niet meer voor jou,0,0,False,0,Canciones Energeticas
1674,gangsta's paradise,coolio,g funk,1995,80,51,65,-10,40,39,241,7,6,80,potencial_premium,q4_alto,1990,coolio,gangsta s paradise,1,1,True,0,Canciones Energeticas
1675,con te partirò,andrea bocelli,adult standards,1995,135,37,24,-8,9,30,251,84,3,66,rendimiento_medio,q3_medio_alto,1990,andrea bocelli,con te partir,1,1,True,1,Baladas Acusticas
1676,don't speak,no doubt,alternative rock,1995,76,71,52,-7,18,54,264,25,4,67,rendimiento_medio,q3_medio_alto,1990,no doubt,don t speak,2,2,True,0,Canciones Energeticas
1677,heaven for everyone - remastered 2011,queen,glam rock,1995,110,43,60,-10,17,27,336,29,3,49,zona_critica,q1_bajo,1990,queen,heaven for everyone remastered 2011,0,0,False,1,Baladas Acusticas
1678,fake plastic trees,radiohead,alternative rock,1995,74,23,45,-13,20,13,291,17,3,70,rendimiento_medio,q3_medio_alto,1990,radiohead,fake plastic trees,3,3,True,1,Baladas Acusticas
1679,too much love will kill you - 2011 remaster,queen,glam rock,1995,73,40,41,-8,16,21,259,58,3,49,zona_critica,q1_bajo,1990,queen,too much love will kill you 2011 remaster,0,0,False,1,Baladas Acusticas
1680,1979 - remastered 2012,the smashing pumpkins,alternative metal,1995,127,79,77,-10,5,96,266,2,3,74,potencial_premium,q4_alto,1990,the smashing pumpkins,1979 remastered 2012,2,2,True,0,Canciones Energeticas
1681,avalon,roxy music,album rock,1995,137,49,76,-11,21,88,257,67,3,46,zona_critica,q1_bajo,1990,roxy music,avalon,0,0,False,1,Baladas Acusticas
1682,you don't fool me - remastered 2011,queen,glam rock,1995,122,83,59,-6,38,58,325,10,4,45,zona_critica,q1_bajo,1990,queen,you don t fool me remastered 2011,0,0,False,0,Canciones Energeticas
1683,can you feel the love tonight,elton john,glam rock,1995,123,36,30,-9,10,15,240,81,3,58,rendimiento_medio,q2_medio_bajo,1990,elton john,can you feel the love tonight,2,2,True,1,Baladas Acusticas
1684,dear mama,2pac,g funk,1995,84,54,77,-7,13,32,280,37,10,72,potencial_premium,q4_alto,1990,2pac,dear mama,0,0,False,0,Canciones Energeticas
1685,diane,therapy?,alternative metal,1995,124,43,42,-12,25,4,300,68,4,44,zona_critica,q1_bajo,1990,therapy,diane,0,0,False,1,Baladas Acusticas
1686,stranger in moscow,michael jackson,pop,1995,130,47,80,-9,32,59,344,25,4,58,rendimiento_medio,q2_medio_bajo,1990,michael jackson,stranger in moscow,9,9,True,0,Canciones Energeticas
1687,an american trilogy,elvis presley,adult standards,1995,84,13,21,-14,96,17,272,73,3,31,zona_critica,q1_bajo,1990,elvis presley,an american trilogy,3,3,True,1,Baladas Acusticas
1688,secret garden,bruce springsteen,classic rock,1995,87,33,52,-14,12,12,267,58,3,61,rendimiento_medio,q2_medio_bajo,1990,bruce springsteen,secret garden,13,13,True,1,Baladas Acusticas
1689,"tonight, tonight - remastered 2012",the smashing pumpkins,alternative metal,1995,149,67,29,-9,24,22,255,0,4,68,rendimiento_medio,q3_medio_alto,1990,the smashing pumpkins,tonight tonight remastered 2012,2,2,True,0,Canciones Energeticas
1690,bullet with butterfly wings - remastered 2012,the smashing pumpkins,alternative metal,1995,122,72,40,-9,5,48,258,0,6,71,rendimiento_medio,q3_medio_alto,1990,the smashing pumpkins,bullet with butterfly wings remastered 2012,2,2,True,0,Canciones Energeticas
1691,a winter's tale - 2011 remaster,queen,glam rock,1995,54,56,36,-6,31,14,230,18,3,29,zona_critica,q1_bajo,1990,queen,a winter s tale 2011 remaster,0,0,False,0,Canciones Energeticas
1692,gold,prince,funk,1995,90,86,53,-3,13,44,443,0,3,46,zona_critica,q1_bajo,1990,prince,gold,3,3,True,0,Canciones Energeticas
1693,high and dry,radiohead,alternative rock,1995,88,38,42,-12,9,35,257,7,3,72,potencial_premium,q4_alto,1990,radiohead,high and dry,3,3,True,1,Baladas Acusticas
1694,fairground,simply red,british soul,1995,123,73,72,-6,8,62,333,21,4,56,rendimiento_medio,q2_medio_bajo,1990,simply red,fairground,0,0,False,0,Canciones Energeticas
1695,avond,boudewijn de groot,dutch indie,1996,98,37,48,-15,12,17,277,66,4,40,zona_critica,q1_bajo,1990,boudewijn de groot,avond,0,0,False,1,Baladas Acusticas
1696,she - tous les visages de l’amour,charles aznavour,chanson,1996,132,39,35,-10,15,36,153,22,3,60,rendimiento_medio,q2_medio_bajo,1990,charles aznavour,she tous les visages de l amour,0,0,False,1,Baladas Acusticas
1697,insomnia,faithless,big beat,1996,127,58,79,-10,17,26,527,18,4,55,rendimiento_medio,q2_medio_bajo,1990,faithless,insomnia,0,0,False,0,Canciones Energeticas
1698,jesus to a child,george michael,dance rock,1996,174,42,53,-12,8,19,411,31,3,62,rendimiento_medio,q2_medio_bajo,1990,george michael,jesus to a child,1,1,True,1,Baladas Acusticas
1699,down under,men at work,album rock,1996,107,79,75,-5,5,89,221,5,3,74,potencial_premium,q4_alto,1990,men at work,down under,0,0,False,0,Canciones Energeticas
1700,jump,van halen,album rock,1996,130,82,55,-7,6,77,240,7,3,57,rendimiento_medio,q2_medio_bajo,1990,van halen,jump,1,1,True,0,Canciones Energeticas
1701,het is een nacht... (levensecht),guus meeuwis,dutch pop,1996,138,62,63,-7,16,50,225,54,3,58,rendimiento_medio,q2_medio_bajo,1990,guus meeuwis,het is een nacht levensecht,0,0,False,0,Canciones Energeticas
1702,where the wild roses grow - 2011 - remaster,nick cave & the bad seeds,art rock,1996,155,47,34,-11,10,16,237,38,3,59,rendimiento_medio,q2_medio_bajo,1990,nick cave the bad seeds,where the wild roses grow 2011 remaster,0,0,False,1,Baladas Acusticas
1703,beautiful noise,neil diamond,adult standards,1996,127,35,53,-15,15,73,193,12,3,57,rendimiento_medio,q2_medio_bajo,1990,neil diamond,beautiful noise,0,0,False,1,Baladas Acusticas
1704,yesterday when i was young,charles aznavour,chanson,1996,68,51,33,-9,37,29,215,40,6,53,rendimiento_medio,q2_medio_bajo,1990,charles aznavour,yesterday when i was young,0,0,False,1,Baladas Acusticas
1705,de waarheid,marco borsato,dutch cabaret,1996,61,36,34,-11,33,9,312,11,3,50,rendimiento_medio,q2_medio_bajo,1990,marco borsato,de waarheid,0,0,False,1,Baladas Acusticas
1706,wereld zonder jou,marco borsato,dutch cabaret,1996,121,36,57,-10,17,9,236,51,3,55,rendimiento_medio,q2_medio_bajo,1990,marco borsato,wereld zonder jou,0,0,False,1,Baladas Acusticas
1707,wannabe,spice girls,dance pop,1996,110,86,77,-6,16,89,173,10,3,80,potencial_premium,q4_alto,1990,spice girls,wannabe,0,0,False,0,Canciones Energeticas
1708,hedonism (just because you feel good),skunk anansie,british alternative rock,1996,81,54,56,-9,16,31,207,9,3,32,zona_critica,q1_bajo,1990,skunk anansie,hedonism just because you feel good,0,0,False,0,Canciones Energeticas
1709,killing me softly with his song,fugees,east coast hip hop,1996,92,29,77,-17,57,51,299,3,14,74,potencial_premium,q4_alto,1990,fugees,killing me softly with his song,2,2,True,1,Baladas Acusticas
1710,you have been loved,george michael,dance rock,1996,137,24,61,-16,11,16,331,24,3,53,rendimiento_medio,q2_medio_bajo,1990,george michael,you have been loved,1,1,True,1,Baladas Acusticas
1711,children,robert miles,eurodance,1996,137,76,60,-11,6,39,243,0,3,67,rendimiento_medio,q3_medio_alto,1990,robert miles,children,0,0,False,0,Canciones Energeticas
1712,no diggity,blackstreet,boy band,1996,89,65,87,-5,28,67,305,30,29,76,potencial_premium,q4_alto,1990,blackstreet,no diggity,1,1,True,0,Canciones Energeticas
1713,"casser la voix - live ""si ce soir""",patrick bruel,chanson,1996,135,72,27,-10,84,34,455,2,6,35,zona_critica,q1_bajo,1990,patrick bruel,casser la voix live si ce soir,0,0,False,0,Canciones Energeticas
1714,beautiful goodbye,amanda marshall,canadian pop,1996,99,29,49,-8,18,4,317,65,3,37,zona_critica,q1_bajo,1990,amanda marshall,beautiful goodbye,0,0,False,1,Baladas Acusticas
1715,ain't nobody,chaka khan,dance pop,1996,104,88,80,-7,14,82,281,19,4,70,rendimiento_medio,q3_medio_alto,1990,chaka khan,ain t nobody,4,4,True,0,Canciones Energeticas
1716,a long december,counting crows,alternative rock,1996,71,58,39,-7,22,38,295,47,3,63,rendimiento_medio,q3_medio_alto,1990,counting crows,a long december,0,0,False,1,Baladas Acusticas
1717,novocaine for the soul,eels,alternative rock,1996,169,72,41,-8,8,31,189,0,4,54,rendimiento_medio,q2_medio_bajo,1990,eels,novocaine for the soul,0,0,False,0,Canciones Energeticas
1718,per spoor (kedeng kedeng),guus meeuwis,dutch pop,1996,126,88,58,-7,15,79,253,20,5,49,zona_critica,q1_bajo,1990,guus meeuwis,per spoor kedeng kedeng,0,0,False,0,Canciones Energeticas
1719,bitter sweet symphony,the verve,alternative rock,1997,171,92,36,-6,41,52,357,3,5,78,potencial_premium,q4_alto,1990,the verve,bitter sweet symphony,0,0,False,0,Canciones Energeticas
1720,zeg me dat het niet zo is,frank boeijen,dutch cabaret,1997,70,13,35,-14,17,29,161,85,4,48,zona_critica,q1_bajo,1990,frank boeijen,zeg me dat het niet zo is,0,0,False,1,Baladas Acusticas
1721,du hast,rammstein,alternative metal,1997,125,92,64,-6,33,72,234,0,4,67,rendimiento_medio,q3_medio_alto,1990,rammstein,du hast,0,0,False,0,Canciones Energeticas
1722,"take me home, country roads",john denver,adult standards,1997,164,43,26,-13,19,55,198,55,3,77,potencial_premium,q4_alto,1990,john denver,take me home country roads,1,1,True,1,Baladas Acusticas
1723,karma police,radiohead,alternative rock,1997,75,51,36,-9,17,32,264,6,3,74,potencial_premium,q4_alto,1990,radiohead,karma police,3,3,True,0,Canciones Energeticas
1724,everlong,foo fighters,alternative metal,1997,158,88,41,-6,8,36,251,0,4,77,potencial_premium,q4_alto,1990,foo fighters,everlong,10,10,True,0,Canciones Energeticas
1725,op fietse,skik,dutch indie,1997,104,86,53,-5,24,86,291,19,3,46,zona_critica,q1_bajo,1990,skik,op fietse,0,0,False,0,Canciones Energeticas
1726,paranoid android,radiohead,alternative rock,1997,164,85,25,-7,5,19,387,4,6,67,rendimiento_medio,q3_medio_alto,1990,radiohead,paranoid android,3,3,True,0,Canciones Energeticas
1727,lopen tot de zon komt,acda en de munnik,dutch cabaret,1997,100,33,43,-9,14,36,206,89,3,49,zona_critica,q1_bajo,1990,acda en de munnik,lopen tot de zon komt,0,0,False,1,Baladas Acusticas
1728,into my arms - 2011 remastered version,nick cave & the bad seeds,art rock,1997,94,9,48,-18,11,22,256,89,4,65,rendimiento_medio,q3_medio_alto,1990,nick cave the bad seeds,into my arms 2011 remastered version,0,0,False,1,Baladas Acusticas
1729,engel,rammstein,alternative metal,1997,96,66,64,-6,30,33,264,1,3,60,rendimiento_medio,q2_medio_bajo,1990,rammstein,engel,0,0,False,0,Canciones Energeticas
1730,k heb je lief,paul de leeuw,dutch cabaret,1997,136,37,53,-12,9,22,284,73,4,54,rendimiento_medio,q2_medio_bajo,1990,paul de leeuw,k heb je lief,0,0,False,1,Baladas Acusticas
1731,chan chan,buena vista social club,latin jazz,1997,166,50,40,-12,10,68,257,83,4,68,rendimiento_medio,q3_medio_alto,1990,buena vista social club,chan chan,0,0,False,1,Baladas Acusticas
1732,firestarter,the prodigy,big beat,1997,142,95,53,-5,16,38,280,0,8,64,rendimiento_medio,q3_medio_alto,1990,the prodigy,firestarter,0,0,False,0,Canciones Energeticas
1733,the unforgiven ii,metallica,alternative metal,1997,133,88,49,-5,27,25,396,0,4,55,rendimiento_medio,q2_medio_bajo,1990,metallica,the unforgiven ii,7,7,True,0,Canciones Energeticas
1734,smack my bitch up,the prodigy,big beat,1997,136,99,61,-5,11,23,343,0,15,65,rendimiento_medio,q3_medio_alto,1990,the prodigy,smack my bitch up,0,0,False,0,Canciones Energeticas
1735,you'll never walk alone,gerry & the pacemakers,adult standards,1997,113,37,47,-5,19,22,160,25,3,55,rendimiento_medio,q2_medio_bajo,1990,gerry the pacemakers,you ll never walk alone,0,0,False,1,Baladas Acusticas
1736,good riddance (time of your life),green day,modern rock,1997,95,43,48,-8,16,65,153,18,3,75,potencial_premium,q4_alto,1990,green day,good riddance time of your life,4,4,True,0,Canciones Energeticas
1737,candle in the wind 1997,elton john,glam rock,1997,126,31,45,-8,17,37,250,98,3,53,rendimiento_medio,q2_medio_bajo,1990,elton john,candle in the wind 1997,2,2,True,1,Baladas Acusticas
1738,no surprises,radiohead,alternative rock,1997,76,39,26,-11,11,12,229,6,3,71,rendimiento_medio,q3_medio_alto,1990,radiohead,no surprises,3,3,True,1,Baladas Acusticas
1739,als het vuur gedoofd is,acda en de munnik,dutch cabaret,1997,92,64,56,-8,14,61,234,49,3,42,zona_critica,q1_bajo,1990,acda en de munnik,als het vuur gedoofd is,0,0,False,0,Canciones Energeticas
1740,little green bag,george baker selection,classic uk pop,1997,103,61,71,-14,8,88,195,4,3,44,zona_critica,q1_bajo,1990,george baker selection,little green bag,0,0,False,0,Canciones Energeticas
1741,beds are burning - remastered,midnight oil,australian rock,1997,119,50,75,-9,9,34,258,1,4,63,rendimiento_medio,q3_medio_alto,1990,midnight oil,beds are burning remastered,0,0,False,0,Canciones Energeticas
1742,"my heart will go on - love theme from ""titanic""",céline dion,canadian pop,1997,99,28,43,-12,12,4,280,73,3,75,potencial_premium,q4_alto,1990,c line dion,my heart will go on love theme from titanic,0,0,False,1,Baladas Acusticas
1743,t dondert en 't bliksemt,guus meeuwis,dutch pop,1997,121,95,70,-4,9,89,192,64,7,50,rendimiento_medio,q2_medio_bajo,1990,guus meeuwis,t dondert en t bliksemt,0,0,False,0,Canciones Energeticas
1744,breathe,the prodigy,big beat,1997,130,82,68,-6,4,32,335,1,5,66,rendimiento_medio,q3_medio_alto,1990,the prodigy,breathe,0,0,False,0,Canciones Energeticas
1745,the memory remains,metallica,alternative metal,1997,144,90,43,-4,21,60,279,0,4,51,rendimiento_medio,q2_medio_bajo,1990,metallica,the memory remains,7,7,True,0,Canciones Energeticas
1746,n'oubliez jamais,joe cocker,album rock,1997,87,49,59,-8,6,35,283,14,2,35,zona_critica,q1_bajo,1990,joe cocker,n oubliez jamais,0,0,False,0,Canciones Energeticas
1747,tell him,barbra streisand,adult standards,1997,76,40,34,-9,11,7,291,76,4,47,zona_critica,q1_bajo,1990,barbra streisand,tell him,7,7,True,1,Baladas Acusticas
1748,mooi liedje,acda en de munnik,dutch cabaret,1997,177,21,49,-11,10,22,179,96,4,42,zona_critica,q1_bajo,1990,acda en de munnik,mooi liedje,0,0,False,1,Baladas Acusticas
1749,can't stand losing you,the police,album rock,1997,142,63,76,-10,4,93,181,35,31,45,zona_critica,q1_bajo,1990,the police,can t stand losing you,5,5,True,0,Canciones Energeticas
1750,songbird,eva cassidy,adult standards,1997,153,23,38,-12,13,15,225,85,3,61,rendimiento_medio,q2_medio_bajo,1990,eva cassidy,songbird,0,0,False,1,Baladas Acusticas
1751,hier komt de storm,frank boeijen groep,dutch cabaret,1997,89,77,41,-8,24,43,388,51,4,31,zona_critica,q1_bajo,1990,frank boeijen groep,hier komt de storm,0,0,False,0,Canciones Energeticas
1752,the drugs don't work,the verve,alternative rock,1997,77,52,44,-9,15,18,305,18,3,64,rendimiento_medio,q3_medio_alto,1990,the verve,the drugs don t work,0,0,False,1,Baladas Acusticas
1753,around the world,daft punk,electro,1997,121,80,96,-5,9,84,430,0,15,70,rendimiento_medio,q3_medio_alto,1990,daft punk,around the world,4,4,True,0,Canciones Energeticas
1754,somebody to love,george michael,dance rock,1998,110,86,33,-7,97,38,319,5,5,57,rendimiento_medio,q2_medio_bajo,1990,george michael,somebody to love,1,1,True,0,Canciones Energeticas
1755,nobody's wife,anouk,dutch indie,1998,98,91,51,-7,17,46,206,1,4,33,zona_critica,q1_bajo,1990,anouk,nobody s wife,0,0,False,0,Canciones Energeticas
1756,als ze er niet is,de dijk,dutch indie,1998,166,49,38,-12,11,21,211,24,6,50,rendimiento_medio,q2_medio_bajo,1990,de dijk,als ze er niet is,0,0,False,1,Baladas Acusticas
1757,careless whisper,george michael,dance rock,1998,153,63,57,-9,27,79,300,13,4,76,potencial_premium,q4_alto,1990,george michael,careless whisper,1,1,True,0,Canciones Energeticas
1758,whiskey in the jar,metallica,alternative metal,1998,133,97,51,-4,19,53,305,0,4,61,rendimiento_medio,q2_medio_bajo,1990,metallica,whiskey in the jar,7,7,True,0,Canciones Energeticas
1759,don't let the sun go down on me,george michael,dance rock,1998,135,55,44,-8,54,26,347,49,3,66,rendimiento_medio,q3_medio_alto,1990,george michael,don t let the sun go down on me,1,1,True,1,Baladas Acusticas
1760,the whole of the moon,the waterboys,art rock,1998,106,85,54,-6,60,60,299,7,3,59,rendimiento_medio,q2_medio_bajo,1990,the waterboys,the whole of the moon,0,0,False,0,Canciones Energeticas
1761,liefs uit londen,bløf,dutch pop,1998,77,13,44,-19,18,13,239,81,4,51,rendimiento_medio,q2_medio_bajo,1990,bl f,liefs uit londen,0,0,False,1,Baladas Acusticas
1762,narcotic - long version,liquido,german alternative rock,1998,102,59,59,-7,8,36,278,0,3,42,zona_critica,q1_bajo,1990,liquido,narcotic long version,0,0,False,0,Canciones Energeticas
1763,new year's day,u2,irish rock,1998,133,80,52,-6,61,63,257,0,3,58,rendimiento_medio,q2_medio_bajo,1990,u2,new year s day,18,18,True,0,Canciones Energeticas
1764,cowboys and angels,george michael,dance rock,1998,128,51,57,-13,13,28,435,4,3,43,zona_critica,q1_bajo,1990,george michael,cowboys and angels,1,1,True,1,Baladas Acusticas
1765,zelfs je naam is mooi,henk westbroek,alternative pop rock,1998,94,46,56,-7,21,45,270,38,2,49,zona_critica,q1_bajo,1990,henk westbroek,zelfs je naam is mooi,0,0,False,0,Canciones Energeticas
1766,toen ik je zag - single version,hero,pop,1998,81,20,37,-14,30,14,205,71,4,47,zona_critica,q1_bajo,1990,hero,toen ik je zag single version,0,0,False,1,Baladas Acusticas
1767,"i don't want to miss a thing - from ""armageddon"" soundtrack",aerosmith,album rock,1998,121,66,38,-5,25,14,299,17,3,76,potencial_premium,q4_alto,1990,aerosmith,i don t want to miss a thing from armageddon soundtrack,4,4,True,0,Canciones Energeticas
1768,fields of gold,eva cassidy,adult standards,1998,80,9,46,-15,8,31,282,97,3,62,rendimiento_medio,q2_medio_bajo,1990,eva cassidy,fields of gold,0,0,False,1,Baladas Acusticas
1769,a different corner,george michael,dance rock,1998,99,29,27,-10,11,15,244,86,3,58,rendimiento_medio,q2_medio_bajo,1990,george michael,a different corner,1,1,True,1,Baladas Acusticas
1770,teardrop,massive attack,big beat,1998,77,42,62,-9,14,22,331,2,4,69,rendimiento_medio,q3_medio_alto,1990,massive attack,teardrop,0,0,False,0,Canciones Energeticas
1771,faith,george michael,dance rock,1998,96,50,92,-10,7,56,194,1,10,46,zona_critica,q1_bajo,1990,george michael,faith,1,1,True,0,Canciones Energeticas
1772,father figure,george michael,dance rock,1998,102,39,48,-11,8,25,340,23,3,51,rendimiento_medio,q2_medio_bajo,1990,george michael,father figure,1,1,True,1,Baladas Acusticas
1773,niet of nooit geweest,acda en de munnik,dutch cabaret,1998,122,51,48,-10,17,51,242,38,4,54,rendimiento_medio,q2_medio_bajo,1990,acda en de munnik,niet of nooit geweest,0,0,False,1,Baladas Acusticas
1774,is dit nu later,stef bos,christelijk,1998,134,51,41,-9,69,38,257,52,4,39,zona_critica,q1_bajo,1990,stef bos,is dit nu later,0,0,False,1,Baladas Acusticas
1775,de bestemming,marco borsato,dutch cabaret,1998,109,50,27,-9,10,13,266,28,3,50,rendimiento_medio,q2_medio_bajo,1990,marco borsato,de bestemming,0,0,False,1,Baladas Acusticas
1776,freak on a leash,korn,alternative metal,1998,103,90,35,-6,39,53,256,0,5,73,potencial_premium,q4_alto,1990,korn,freak on a leash,2,2,True,0,Canciones Energeticas
1777,onderuit,de dijk,dutch indie,1998,118,57,68,-9,9,65,313,10,3,35,zona_critica,q1_bajo,1990,de dijk,onderuit,0,0,False,0,Canciones Energeticas
1778,non non rien n'a changé,les poppys,alternative pop rock,1998,84,48,50,-8,20,47,190,48,9,50,rendimiento_medio,q2_medio_bajo,1990,les poppys,non non rien n a chang,0,0,False,1,Baladas Acusticas
1779,i'm not so tough,ilse delange,dutch americana,1998,117,58,73,-8,10,55,268,2,3,40,zona_critica,q1_bajo,1990,ilse delange,i m not so tough,0,0,False,0,Canciones Energeticas
1780,killer / papa was a rollin' stone,george michael,dance rock,1998,122,98,71,-7,76,58,255,3,5,51,rendimiento_medio,q2_medio_bajo,1990,george michael,killer papa was a rollin stone,1,1,True,0,Canciones Energeticas
1781,i knew you were waiting (for me),george michael,dance rock,1998,108,84,72,-5,24,68,238,26,5,63,rendimiento_medio,q3_medio_alto,1990,george michael,i knew you were waiting for me,1,1,True,0,Canciones Energeticas
1782,if you tolerate this your children will be next,manic street preachers,alternative rock,1998,96,80,22,-6,9,26,291,0,4,37,zona_critica,q1_bajo,1990,manic street preachers,if you tolerate this your children will be next,0,0,False,0,Canciones Energeticas
1783,praying for time,george michael,dance rock,1998,128,80,57,-8,9,21,281,2,3,45,zona_critica,q1_bajo,1990,george michael,praying for time,1,1,True,0,Canciones Energeticas
1784,hilversum 3,herman van veen,dutch pop,1998,91,22,69,-15,11,47,233,92,6,39,zona_critica,q1_bajo,1990,herman van veen,hilversum 3,0,0,False,1,Baladas Acusticas
1785,the reflex,duran duran,dance rock,1998,127,90,56,-6,57,80,267,12,10,50,rendimiento_medio,q2_medio_bajo,1990,duran duran,the reflex,2,2,True,0,Canciones Energeticas
1786,world of hurt,ilse delange,dutch americana,1998,99,47,87,-10,13,64,234,62,4,40,zona_critica,q1_bajo,1990,ilse delange,world of hurt,0,0,False,0,Canciones Energeticas
1787,as,george michael,dance rock,1998,93,74,67,-8,20,77,282,14,19,61,rendimiento_medio,q2_medio_bajo,1990,george michael,as,1,1,True,0,Canciones Energeticas
1788,pure morning,placebo,alternative rock,1998,81,90,39,-7,11,20,255,4,7,60,rendimiento_medio,q2_medio_bajo,1990,placebo,pure morning,0,0,False,0,Canciones Energeticas
1789,she's the one,robbie williams,dance pop,1998,167,61,24,-8,22,33,258,66,3,68,rendimiento_medio,q3_medio_alto,1990,robbie williams,she s the one,0,0,False,1,Baladas Acusticas
1790,ik heb je lief,stef bos,christelijk,1998,131,48,30,-12,73,24,231,77,6,44,zona_critica,q1_bajo,1990,stef bos,ik heb je lief,0,0,False,1,Baladas Acusticas
1791,pretty fly (for a white guy),the offspring,alternative metal,1998,143,90,72,-4,7,96,189,9,10,72,potencial_premium,q4_alto,1990,the offspring,pretty fly for a white guy,0,0,False,0,Canciones Energeticas
1792,i can't make you love me,george michael,dance rock,1998,116,19,56,-13,11,12,321,73,3,53,rendimiento_medio,q2_medio_bajo,1990,george michael,i can t make you love me,1,1,True,1,Baladas Acusticas
1793,praise you,fatboy slim,big beat,1998,110,89,60,-9,17,53,323,10,5,44,zona_critica,q1_bajo,1990,fatboy slim,praise you,0,0,False,0,Canciones Energeticas
1794,sacrifice,anouk,dutch indie,1998,136,17,54,-13,9,24,238,74,5,11,zona_critica,q1_bajo,1990,anouk,sacrifice,0,0,False,1,Baladas Acusticas
1795,toveren,herman van veen,dutch pop,1998,145,28,81,-15,21,81,206,58,3,44,zona_critica,q1_bajo,1990,herman van veen,toveren,0,0,False,1,Baladas Acusticas
1796,kissing a fool,george michael,dance rock,1998,117,27,39,-14,11,17,275,17,3,56,rendimiento_medio,q2_medio_bajo,1990,george michael,kissing a fool,1,1,True,1,Baladas Acusticas
1797,hijo de la luna,mecano,latin,1998,179,54,45,-7,6,61,266,68,3,62,rendimiento_medio,q2_medio_bajo,1990,mecano,hijo de la luna,0,0,False,1,Baladas Acusticas
1798,"slaap zacht , elisabeth",acda en de munnik,dutch cabaret,1998,174,38,44,-11,10,19,263,36,3,37,zona_critica,q1_bajo,1990,acda en de munnik,slaap zacht elisabeth,0,0,False,1,Baladas Acusticas
1799,angels,robbie williams,dance pop,1999,150,59,44,-7,10,25,266,15,3,50,rendimiento_medio,q2_medio_bajo,1990,robbie williams,angels,0,0,False,0,Canciones Energeticas
1800,tears in heaven,eric clapton,album rock,1999,154,24,50,-12,13,31,272,84,3,61,rendimiento_medio,q2_medio_bajo,1990,eric clapton,tears in heaven,10,10,True,1,Baladas Acusticas
1801,californication,red hot chili peppers,alternative rock,1999,96,77,59,-3,13,33,330,0,3,81,potencial_premium,q4_alto,1990,red hot chili peppers,californication,3,3,True,0,Canciones Energeticas
1802,harder dan ik hebben kan,bløf,dutch pop,1999,90,40,62,-10,15,35,254,9,2,57,rendimiento_medio,q2_medio_bajo,1990,bl f,harder dan ik hebben kan,0,0,False,0,Canciones Energeticas
1803,learn to fly,foo fighters,alternative metal,1999,136,92,47,-4,26,54,235,0,4,74,potencial_premium,q4_alto,1990,foo fighters,learn to fly,10,10,True,0,Canciones Energeticas
1804,total eclipse of the heart,bonnie tyler,europop,1999,130,66,44,-8,10,18,270,20,7,75,potencial_premium,q4_alto,1990,bonnie tyler,total eclipse of the heart,0,0,False,0,Canciones Energeticas
1805,scar tissue,red hot chili peppers,alternative rock,1999,89,72,60,-5,11,55,216,8,3,77,potencial_premium,q4_alto,1990,red hot chili peppers,scar tissue,3,3,True,0,Canciones Energeticas
1806,otherside,red hot chili peppers,alternative rock,1999,123,80,46,-3,8,51,255,0,6,78,potencial_premium,q4_alto,1990,red hot chili peppers,otherside,3,3,True,0,Canciones Energeticas
1807,"you'll be in my heart - from ""tarzan""/soundtrack version",phil collins,mellow gold,1999,97,74,57,-6,9,66,258,6,3,62,rendimiento_medio,q2_medio_bajo,1990,phil collins,you ll be in my heart from tarzan soundtrack version,5,5,True,0,Canciones Energeticas
1808,let me entertain you,robbie williams,dance pop,1999,125,96,46,-5,9,37,261,0,7,44,zona_critica,q1_bajo,1990,robbie williams,let me entertain you,0,0,False,0,Canciones Energeticas
1809,road trippin',red hot chili peppers,alternative rock,1999,204,47,24,-8,12,39,205,31,4,62,rendimiento_medio,q2_medio_bajo,1990,red hot chili peppers,road trippin,3,3,True,1,Baladas Acusticas
1810,jesus he knows me,genesis,album rock,1999,95,87,60,-7,8,65,256,57,4,18,zona_critica,q1_bajo,1990,genesis,jesus he knows me,1,1,True,0,Canciones Energeticas
1811,the family tree,venice,alternative rock,1999,127,10,34,-16,10,26,205,81,3,41,zona_critica,q1_bajo,1990,venice,the family tree,0,0,False,1,Baladas Acusticas
1812,porcelain,moby,downtempo,1999,95,64,30,-8,25,33,241,0,3,54,rendimiento_medio,q2_medio_bajo,1990,moby,porcelain,0,0,False,0,Canciones Energeticas
1813,unintended,muse,modern rock,1999,139,28,49,-12,11,16,237,65,3,61,rendimiento_medio,q2_medio_bajo,1990,muse,unintended,2,2,True,1,Baladas Acusticas
1814,la song,beth hart,blues rock,1999,130,62,77,-8,9,51,217,10,4,41,zona_critica,q1_bajo,1990,beth hart,la song,0,0,False,0,Canciones Energeticas
1815,the dolphin's cry,live,alternative metal,1999,150,79,34,-6,14,43,264,0,4,56,rendimiento_medio,q2_medio_bajo,1990,live,the dolphin s cry,0,0,False,0,Canciones Energeticas
1816,all star,smash mouth,alternative rock,1999,104,87,73,-6,9,78,200,4,3,80,potencial_premium,q4_alto,1990,smash mouth,all star,0,0,False,0,Canciones Energeticas
1817,why does my heart feel so bad?,moby,downtempo,1999,98,62,60,-7,8,5,265,0,3,45,zona_critica,q1_bajo,1990,moby,why does my heart feel so bad,0,0,False,0,Canciones Energeticas
1818,il volo,zucchero,classic italian pop,1999,150,40,45,-12,6,17,332,3,3,24,zona_critica,q1_bajo,1990,zucchero,il volo,0,0,False,1,Baladas Acusticas
1819,the next episode,dr. dre,g funk,1999,95,91,92,-2,9,31,162,3,27,70,rendimiento_medio,q3_medio_alto,1990,dr dre,the next episode,1,1,True,0,Canciones Energeticas
1820,geen kind meer,karin bloemen,dutch cabaret,1999,77,17,50,-16,14,25,263,95,3,38,zona_critica,q1_bajo,1990,karin bloemen,geen kind meer,0,0,False,1,Baladas Acusticas
1821,all the small things,blink-182,pop punk,1999,149,90,43,-5,61,68,167,1,5,79,potencial_premium,q4_alto,1990,blink 182,all the small things,0,0,False,0,Canciones Energeticas
1822,run to the water,live,alternative metal,1999,181,85,15,-5,9,29,268,0,5,48,zona_critica,q1_bajo,1990,live,run to the water,0,0,False,0,Canciones Energeticas
1823,hart van mijn gevoel,de kast,dutch pop,1999,140,43,44,-10,14,26,269,54,3,44,zona_critica,q1_bajo,1990,de kast,hart van mijn gevoel,0,0,False,1,Baladas Acusticas
1824,smooth (feat. rob thomas),santana,blues rock,1999,116,92,61,-4,30,96,295,16,3,70,rendimiento_medio,q3_medio_alto,1990,santana,smooth feat rob thomas,4,4,True,0,Canciones Energeticas
1825,my name is,eminem,detroit hip hop,1999,86,68,87,-6,9,82,268,4,32,72,potencial_premium,q4_alto,1990,eminem,my name is,11,11,True,0,Canciones Energeticas
1826,desert rose,sting,permanent wave,1999,112,65,58,-8,11,13,286,1,3,52,rendimiento_medio,q2_medio_bajo,1990,sting,desert rose,8,8,True,0,Canciones Energeticas
1827,hey boy hey girl,the chemical brothers,alternative dance,1999,127,92,63,-5,11,36,290,12,5,65,rendimiento_medio,q3_medio_alto,1990,the chemical brothers,hey boy hey girl,6,6,True,0,Canciones Energeticas
1828,at last,etta james,adult standards,1960,87,35,27,-9,33,33,180,55,3,74,potencial_premium,q4_alto,1960,etta james,at last,3,3,True,1,Baladas Acusticas
1829,can't help falling in love,elvis presley,adult standards,1961,100,29,40,-14,11,34,182,94,3,78,potencial_premium,q4_alto,1960,elvis presley,can t help falling in love,3,3,True,1,Baladas Acusticas
1830,fly me to the moon (in other words),frank sinatra,adult standards,1962,119,26,67,-14,6,37,147,45,5,77,potencial_premium,q4_alto,1960,frank sinatra,fly me to the moon in other words,8,8,True,1,Baladas Acusticas
1831,stand by me,ben e. king,adult standards,1962,118,31,65,-9,7,61,180,57,4,77,potencial_premium,q4_alto,1960,ben e king,stand by me,0,0,False,1,Baladas Acusticas
1832,"oh, pretty woman",roy orbison,adult standards,1962,127,60,62,-9,7,96,179,72,3,73,potencial_premium,q4_alto,1960,roy orbison,oh pretty woman,1,1,True,0,Canciones Energeticas
1833,ring of fire,johnny cash,arkansas country,1963,104,59,66,-8,35,78,158,62,3,71,rendimiento_medio,q3_medio_alto,1960,johnny cash,ring of fire,8,8,True,0,Canciones Energeticas
1834,blowin' in the wind,bob dylan,album rock,1963,175,10,38,-21,6,44,165,91,5,69,rendimiento_medio,q3_medio_alto,1960,bob dylan,blowin in the wind,9,9,True,1,Baladas Acusticas
1835,in dreams,roy orbison,adult standards,1963,108,44,50,-10,13,71,169,67,3,57,rendimiento_medio,q2_medio_bajo,1960,roy orbison,in dreams,1,1,True,1,Baladas Acusticas
1836,twist and shout - remastered 2009,the beatles,british invasion,1963,125,85,48,-9,4,94,155,64,5,74,potencial_premium,q4_alto,1960,the beatles,twist and shout remastered 2009,8,8,True,0,Canciones Energeticas
1837,are you lonesome tonight,elvis presley,adult standards,1963,66,9,36,-18,11,19,187,92,5,59,rendimiento_medio,q2_medio_bajo,1960,elvis presley,are you lonesome tonight,3,3,True,1,Baladas Acusticas
1838,i saw her standing there - remastered 2009,the beatles,british invasion,1963,160,80,49,-10,7,97,174,27,4,71,rendimiento_medio,q3_medio_alto,1960,the beatles,i saw her standing there remastered 2009,8,8,True,0,Canciones Energeticas
1839,"don't think twice, it's all right",bob dylan,album rock,1963,111,24,60,-17,25,47,217,89,4,65,rendimiento_medio,q3_medio_alto,1960,bob dylan,don t think twice it s all right,9,9,True,1,Baladas Acusticas
1840,the sound of silence - acoustic version,simon & garfunkel,classic rock,1964,107,22,53,-14,11,33,185,84,3,75,potencial_premium,q4_alto,1960,simon garfunkel,the sound of silence acoustic version,0,0,False,1,Baladas Acusticas
1841,house of the rising sun,the animals,album rock,1964,117,58,30,-7,10,23,271,0,3,69,rendimiento_medio,q3_medio_alto,1960,the animals,house of the rising sun,0,0,False,0,Canciones Energeticas
1842,folsom prison blues,johnny cash,arkansas country,1964,111,53,69,-10,28,78,156,19,3,58,rendimiento_medio,q2_medio_bajo,1960,johnny cash,folsom prison blues,8,8,True,0,Canciones Energeticas
1843,the times they are a-changin',bob dylan,album rock,1964,172,40,39,-8,8,59,192,89,3,69,rendimiento_medio,q3_medio_alto,1960,bob dylan,the times they are a changin,9,9,True,1,Baladas Acusticas
1844,a change is gonna come,sam cooke,adult standards,1964,174,38,21,-10,30,45,191,72,3,66,rendimiento_medio,q3_medio_alto,1960,sam cooke,a change is gonna come,1,1,True,1,Baladas Acusticas
1845,a hard day's night - remastered 2009,the beatles,british invasion,1964,139,81,59,-6,10,80,154,14,4,69,rendimiento_medio,q3_medio_alto,1960,the beatles,a hard day s night remastered 2009,8,8,True,0,Canciones Energeticas
1846,nathalie,gilbert bécaud,chanson,1964,135,63,42,-7,59,81,245,75,8,53,rendimiento_medio,q2_medio_bajo,1960,gilbert b caud,nathalie,0,0,False,1,Baladas Acusticas
1847,eight days a week - remastered 2009,the beatles,british invasion,1964,138,58,65,-8,12,74,164,41,4,66,rendimiento_medio,q3_medio_alto,1960,the beatles,eight days a week remastered 2009,8,8,True,0,Canciones Energeticas
1848,it's all over now - mono version,the rolling stones,album rock,1964,99,69,60,-11,33,76,206,2,3,46,zona_critica,q1_bajo,1960,the rolling stones,it s all over now mono version,3,3,True,0,Canciones Energeticas
1849,yesterday - remastered 2009,the beatles,british invasion,1965,97,18,33,-12,9,32,126,88,3,78,potencial_premium,q4_alto,1960,the beatles,yesterday remastered 2009,8,8,True,1,Baladas Acusticas
1850,(i can't get no) satisfaction - mono version,the rolling stones,album rock,1965,136,86,72,-8,13,93,223,4,3,77,potencial_premium,q4_alto,1960,the rolling stones,i can t get no satisfaction mono version,3,3,True,0,Canciones Energeticas
1851,like a rolling stone,bob dylan,album rock,1965,95,72,48,-7,19,56,370,73,3,71,rendimiento_medio,q3_medio_alto,1960,bob dylan,like a rolling stone,9,9,True,1,Baladas Acusticas
1852,norwegian wood (this bird has flown) - remastered 2009,the beatles,british invasion,1965,177,37,43,-12,11,65,125,18,4,69,rendimiento_medio,q3_medio_alto,1960,the beatles,norwegian wood this bird has flown remastered 2009,8,8,True,1,Baladas Acusticas
1853,help! - remastered 2009,the beatles,british invasion,1965,95,73,53,-8,10,76,140,19,3,73,potencial_premium,q4_alto,1960,the beatles,help remastered 2009,8,8,True,0,Canciones Energeticas
1854,unchained melody,the righteous brothers,adult standards,1965,99,21,34,-17,18,29,218,40,3,70,rendimiento_medio,q3_medio_alto,1960,the righteous brothers,unchained melody,0,0,False,1,Baladas Acusticas
1855,michelle - remastered 2009,the beatles,british invasion,1965,117,29,58,-13,11,67,162,65,3,67,rendimiento_medio,q3_medio_alto,1960,the beatles,michelle remastered 2009,8,8,True,1,Baladas Acusticas
1856,feeling good,nina simone,adult standards,1965,79,33,40,-9,19,55,174,86,4,74,potencial_premium,q4_alto,1960,nina simone,feeling good,0,0,False,1,Baladas Acusticas
1857,my generation - stereo version,the who,album rock,1965,97,78,41,-9,8,71,199,31,6,71,rendimiento_medio,q3_medio_alto,1960,the who,my generation stereo version,0,0,False,0,Canciones Energeticas
1858,in my life - remastered 2009,the beatles,british invasion,1965,103,44,69,-11,11,44,146,45,3,74,potencial_premium,q4_alto,1960,the beatles,in my life remastered 2009,8,8,True,1,Baladas Acusticas
1859,as tears go by - mono version,the rolling stones,album rock,1965,113,28,33,-11,18,37,165,72,3,53,rendimiento_medio,q2_medio_bajo,1960,the rolling stones,as tears go by mono version,3,3,True,1,Baladas Acusticas
1860,it was a very good year,frank sinatra,adult standards,1965,80,14,22,-15,11,13,267,86,3,62,rendimiento_medio,q2_medio_bajo,1960,frank sinatra,it was a very good year,8,8,True,1,Baladas Acusticas
1861,time is on my side - mono version,the rolling stones,album rock,1965,100,65,53,-9,11,42,179,29,4,53,rendimiento_medio,q2_medio_bajo,1960,the rolling stones,time is on my side mono version,3,3,True,0,Canciones Energeticas
1862,little red rooster - mono version,the rolling stones,album rock,1965,109,43,72,-12,10,67,186,7,4,47,zona_critica,q1_bajo,1960,the rolling stones,little red rooster mono version,3,3,True,0,Canciones Energeticas
1863,mr. tambourine man,the byrds,art rock,1965,120,47,46,-10,44,64,149,51,3,62,rendimiento_medio,q2_medio_bajo,1960,the byrds,mr tambourine man,0,0,False,1,Baladas Acusticas
1864,"paint it, black",the rolling stones,album rock,1966,159,80,46,-9,40,61,202,5,9,78,potencial_premium,q4_alto,1960,the rolling stones,paint it black,3,3,True,0,Canciones Energeticas
1865,god only knows - remastered,the beach boys,baroque pop,1966,117,49,52,-8,6,48,173,25,3,72,potencial_premium,q4_alto,1960,the beach boys,god only knows remastered,0,0,False,1,Baladas Acusticas
1866,california dreamin' - single version,the mamas & the papas,adult standards,1966,112,61,55,-10,5,64,162,35,3,76,potencial_premium,q4_alto,1960,the mamas the papas,california dreamin single version,0,0,False,0,Canciones Energeticas
1867,eleanor rigby - remastered 2009,the beatles,british invasion,1966,138,28,58,-9,31,81,127,94,4,71,rendimiento_medio,q3_medio_alto,1960,the beatles,eleanor rigby remastered 2009,8,8,True,1,Baladas Acusticas
1868,river deep - mountain high,ike & tina turner,brill building pop,1966,83,75,39,-7,14,27,215,78,4,57,rendimiento_medio,q2_medio_bajo,1960,ike tina turner,river deep mountain high,1,1,True,1,Baladas Acusticas
1869,that's life,frank sinatra,adult standards,1966,112,44,55,-14,44,63,187,53,7,75,potencial_premium,q4_alto,1960,frank sinatra,that s life,8,8,True,1,Baladas Acusticas
1870,jumpin' jack flash - mono,the rolling stones,album rock,1966,137,90,60,-7,7,62,219,4,5,65,rendimiento_medio,q3_medio_alto,1960,the rolling stones,jumpin jack flash mono,3,3,True,0,Canciones Energeticas
1871,scarborough fair / canticle,simon & garfunkel,classic rock,1966,129,25,34,-16,11,30,190,65,3,63,rendimiento_medio,q3_medio_alto,1960,simon garfunkel,scarborough fair canticle,0,0,False,1,Baladas Acusticas
1872,sloop john b - remastered,the beach boys,baroque pop,1966,126,75,57,-5,9,90,180,40,3,61,rendimiento_medio,q2_medio_bajo,1960,the beach boys,sloop john b remastered,0,0,False,0,Canciones Energeticas
1873,homeward bound,simon & garfunkel,classic rock,1966,93,38,49,-12,10,53,150,83,3,65,rendimiento_medio,q3_medio_alto,1960,simon garfunkel,homeward bound,0,0,False,1,Baladas Acusticas
1874,under my thumb,the rolling stones,album rock,1966,127,49,73,-14,9,80,222,30,4,64,rendimiento_medio,q3_medio_alto,1960,the rolling stones,under my thumb,3,3,True,1,Baladas Acusticas
1875,i want you,bob dylan,album rock,1966,100,68,51,-8,8,79,185,36,4,58,rendimiento_medio,q2_medio_bajo,1960,bob dylan,i want you,9,9,True,0,Canciones Energeticas
1876,when a man loves a woman,percy sledge,classic soul,1966,97,15,52,-20,12,21,174,13,3,66,rendimiento_medio,q3_medio_alto,1960,percy sledge,when a man loves a woman,0,0,False,1,Baladas Acusticas
1877,sunny afternoon - mono mix,the kinks,album rock,1966,125,47,60,-8,6,49,211,10,3,67,rendimiento_medio,q3_medio_alto,1960,the kinks,sunny afternoon mono mix,0,0,False,0,Canciones Energeticas
1878,how can we hang on to a dream,tim hardin,classic uk pop,1966,127,18,56,-15,15,37,123,83,4,48,zona_critica,q1_bajo,1960,tim hardin,how can we hang on to a dream,0,0,False,1,Baladas Acusticas
1879,"monday, monday - single version",the mamas & the papas,adult standards,1966,110,46,49,-9,57,71,208,74,3,62,rendimiento_medio,q2_medio_bajo,1960,the mamas the papas,monday monday single version,0,0,False,1,Baladas Acusticas
1880,for no one - remastered 2009,the beatles,british invasion,1966,81,35,48,-10,12,71,120,78,3,63,rendimiento_medio,q3_medio_alto,1960,the beatles,for no one remastered 2009,8,8,True,1,Baladas Acusticas
1881,"it's a man's, man's, man's world",james brown & the famous flames,motown,1966,81,24,54,-17,13,57,167,69,4,63,rendimiento_medio,q3_medio_alto,1960,james brown the famous flames,it s a man s man s man s world,0,0,False,1,Baladas Acusticas
1882,try a little tenderness,otis redding,classic soul,1966,103,13,59,-15,26,7,202,19,6,64,rendimiento_medio,q3_medio_alto,1960,otis redding,try a little tenderness,1,1,True,1,Baladas Acusticas
1883,wouldn't it be nice - stereo mix,the beach boys,baroque pop,1966,125,63,39,-7,13,72,153,72,3,72,potencial_premium,q4_alto,1960,the beach boys,wouldn t it be nice stereo mix,0,0,False,1,Baladas Acusticas
1884,nights in white satin - single version / mono mix,the moody blues,album rock,1967,85,48,20,-5,7,17,269,47,3,68,rendimiento_medio,q3_medio_alto,1960,the moody blues,nights in white satin single version mono mix,0,0,False,1,Baladas Acusticas
1885,the end,the doors,album rock,1967,106,30,35,-12,14,3,703,16,3,61,rendimiento_medio,q2_medio_bajo,1960,the doors,the end,1,1,True,1,Baladas Acusticas
1886,a day in the life - remastered 2009,the beatles,british invasion,1967,163,46,36,-14,92,18,337,29,7,67,rendimiento_medio,q3_medio_alto,1960,the beatles,a day in the life remastered 2009,8,8,True,1,Baladas Acusticas
1887,brown eyed girl,van morrison,classic rock,1967,151,58,49,-11,41,91,183,18,4,79,potencial_premium,q4_alto,1960,van morrison,brown eyed girl,0,0,False,0,Canciones Energeticas
1888,respect,aretha franklin,adult standards,1967,115,56,81,-5,5,97,148,16,4,73,potencial_premium,q4_alto,1960,aretha franklin,respect,16,16,True,0,Canciones Energeticas
1889,white rabbit,jefferson airplane,album rock,1967,107,29,55,-13,9,32,151,49,3,69,rendimiento_medio,q3_medio_alto,1960,jefferson airplane,white rabbit,0,0,False,1,Baladas Acusticas
1890,penny lane,the beatles,british invasion,1967,114,39,63,-10,10,65,182,41,4,45,zona_critica,q1_bajo,1960,the beatles,penny lane,8,8,True,1,Baladas Acusticas
1891,suzanne,leonard cohen,canadian folk,1967,132,17,41,-16,11,35,229,92,4,66,rendimiento_medio,q3_medio_alto,1960,leonard cohen,suzanne,1,1,True,1,Baladas Acusticas
1892,hey joe,jimi hendrix,album rock,1967,169,77,35,-6,2,53,210,1,4,71,rendimiento_medio,q3_medio_alto,1960,jimi hendrix,hey joe,1,1,True,0,Canciones Energeticas
1893,good vibrations - remastered,the beach boys,baroque pop,1967,133,47,40,-8,11,39,219,33,3,71,rendimiento_medio,q3_medio_alto,1960,the beach boys,good vibrations remastered,0,0,False,1,Baladas Acusticas
1894,light my fire,the doors,album rock,1967,125,73,41,-6,9,44,430,37,3,72,potencial_premium,q4_alto,1960,the doors,light my fire,1,1,True,0,Canciones Energeticas
1895,strawberry fields forever - remastered 2009,the beatles,british invasion,1967,98,50,39,-12,7,29,247,34,18,70,rendimiento_medio,q3_medio_alto,1960,the beatles,strawberry fields forever remastered 2009,8,8,True,1,Baladas Acusticas
1896,"so long, marianne",leonard cohen,canadian folk,1967,95,40,54,-11,10,23,341,70,3,62,rendimiento_medio,q2_medio_bajo,1960,leonard cohen,so long marianne,1,1,True,1,Baladas Acusticas
1897,little wing,jimi hendrix,album rock,1967,71,53,52,-8,5,43,146,18,8,69,rendimiento_medio,q3_medio_alto,1960,jimi hendrix,little wing,1,1,True,0,Canciones Energeticas
1898,the fool on the hill - remastered 2009,the beatles,british invasion,1967,144,26,36,-11,11,49,179,91,3,58,rendimiento_medio,q2_medio_bajo,1960,the beatles,the fool on the hill remastered 2009,8,8,True,1,Baladas Acusticas
1899,people are strange,the doors,album rock,1967,119,47,70,-9,32,76,130,69,4,70,rendimiento_medio,q3_medio_alto,1960,the doors,people are strange,1,1,True,1,Baladas Acusticas
1900,the wind cries mary,jimi hendrix,album rock,1967,80,50,50,-11,20,34,201,35,5,63,rendimiento_medio,q3_medio_alto,1960,jimi hendrix,the wind cries mary,1,1,True,1,Baladas Acusticas
1901,sgt. pepper's lonely hearts club band - remastered 2009,the beatles,british invasion,1967,96,67,45,-9,80,58,123,9,7,65,rendimiento_medio,q3_medio_alto,1960,the beatles,sgt pepper s lonely hearts club band remastered 2009,8,8,True,0,Canciones Energeticas
1902,lucy in the sky with diamonds - remastered 2009,the beatles,british invasion,1967,65,33,31,-9,14,67,208,5,3,69,rendimiento_medio,q3_medio_alto,1960,the beatles,lucy in the sky with diamonds remastered 2009,8,8,True,1,Baladas Acusticas
1903,purple haze,jimi hendrix,album rock,1967,109,91,53,-5,7,49,171,1,8,72,potencial_premium,q4_alto,1960,jimi hendrix,purple haze,1,1,True,0,Canciones Energeticas
1904,ruby tuesday,the rolling stones,album rock,1967,105,55,52,-11,17,52,196,83,3,63,rendimiento_medio,q3_medio_alto,1960,the rolling stones,ruby tuesday,3,3,True,1,Baladas Acusticas
1905,all you need is love - remastered 2009,the beatles,british invasion,1967,103,48,40,-8,16,65,230,35,3,68,rendimiento_medio,q3_medio_alto,1960,the beatles,all you need is love remastered 2009,8,8,True,1,Baladas Acusticas
1906,"he ain't heavy, he's my brother",the hollies,adult standards,1967,76,44,31,-7,51,22,258,41,3,50,rendimiento_medio,q2_medio_bajo,1960,the hollies,he ain t heavy he s my brother,0,0,False,1,Baladas Acusticas
1907,when i'm sixty four - remastered 2009,the beatles,british invasion,1967,140,24,70,-13,9,66,158,63,5,65,rendimiento_medio,q3_medio_alto,1960,the beatles,when i m sixty four remastered 2009,8,8,True,1,Baladas Acusticas
1908,somebody will know someday,cuby & the blizzards,dutch indie,1967,82,24,55,-14,12,33,413,18,4,37,zona_critica,q1_bajo,1960,cuby the blizzards,somebody will know someday,0,0,False,1,Baladas Acusticas
1909,i am the walrus - remastered 2009,the beatles,british invasion,1967,85,56,40,-11,59,65,276,8,5,65,rendimiento_medio,q3_medio_alto,1960,the beatles,i am the walrus remastered 2009,8,8,True,0,Canciones Energeticas
1910,guitar man,elvis presley,adult standards,1967,114,66,60,-13,7,91,139,54,6,41,zona_critica,q1_bajo,1960,elvis presley,guitar man,3,3,True,1,Baladas Acusticas
1911,ain't no mountain high enough,marvin gaye,classic soul,1967,130,60,66,-11,18,80,152,43,3,80,potencial_premium,q4_alto,1960,marvin gaye,ain t no mountain high enough,2,2,True,0,Canciones Energeticas
1912,san francisco (be sure to wear some flowers in your hair),scott mckenzie,bubblegum pop,1967,112,67,50,-6,22,48,179,5,3,53,rendimiento_medio,q2_medio_bajo,1960,scott mckenzie,san francisco be sure to wear some flowers in your hair,0,0,False,0,Canciones Energeticas
1913,she's leaving home - remastered 2009,the beatles,british invasion,1967,128,21,38,-12,11,39,215,94,3,63,rendimiento_medio,q3_medio_alto,1960,the beatles,she s leaving home remastered 2009,8,8,True,1,Baladas Acusticas
1914,i'm a believer - 2006 remaster,the monkees,brill building pop,1967,80,78,53,-6,22,96,167,71,4,73,potencial_premium,q4_alto,1960,the monkees,i m a believer 2006 remaster,0,0,False,0,Canciones Energeticas
1915,waterloo sunset - mono mix,the kinks,album rock,1967,108,69,51,-7,17,42,194,16,2,66,rendimiento_medio,q3_medio_alto,1960,the kinks,waterloo sunset mono mix,0,0,False,0,Canciones Energeticas
1916,sunshine of your love,cream,album rock,1967,115,48,68,-13,12,78,250,48,4,74,potencial_premium,q4_alto,1960,cream,sunshine of your love,0,0,False,1,Baladas Acusticas
1917,break on through (to the other side),the doors,album rock,1967,90,75,42,-10,17,79,146,20,5,72,potencial_premium,q4_alto,1960,the doors,break on through to the other side,1,1,True,0,Canciones Energeticas
1918,somebody to love,jefferson airplane,album rock,1967,132,58,50,-9,32,65,175,41,3,69,rendimiento_medio,q3_medio_alto,1960,jefferson airplane,somebody to love,0,0,False,1,Baladas Acusticas
1919,green green grass of home,tom jones,adult standards,1967,95,41,54,-13,10,82,185,16,3,62,rendimiento_medio,q2_medio_bajo,1960,tom jones,green green grass of home,0,0,False,1,Baladas Acusticas
1920,to love somebody,bee gees,adult standards,1967,90,38,42,-13,27,52,182,73,3,66,rendimiento_medio,q3_medio_alto,1960,bee gees,to love somebody,2,2,True,1,Baladas Acusticas
1921,pastorale - remastered,liesbeth list,dutch rock,1968,112,52,46,-9,28,35,256,65,3,45,zona_critica,q1_bajo,1960,liesbeth list,pastorale remastered,0,0,False,1,Baladas Acusticas
1922,(sittin' on) the dock of the bay,otis redding,classic soul,1968,104,37,77,-11,8,54,164,68,3,73,potencial_premium,q4_alto,1960,otis redding,sittin on the dock of the bay,1,1,True,1,Baladas Acusticas
1923,blackbird - remastered 2009,the beatles,british invasion,1968,94,13,69,-14,6,37,138,75,3,74,potencial_premium,q4_alto,1960,the beatles,blackbird remastered 2009,8,8,True,1,Baladas Acusticas
1924,i put a spell on you,creedence clearwater revival,album rock,1968,100,73,39,-8,10,62,272,0,3,60,rendimiento_medio,q2_medio_bajo,1960,creedence clearwater revival,i put a spell on you,0,0,False,0,Canciones Energeticas
1925,while my guitar gently weeps - remastered 2009,the beatles,british invasion,1968,115,65,45,-9,17,70,285,2,3,70,rendimiento_medio,q3_medio_alto,1960,the beatles,while my guitar gently weeps remastered 2009,8,8,True,0,Canciones Energeticas
1926,all along the watchtower,jimi hendrix,album rock,1968,113,81,44,-6,8,56,241,0,6,77,potencial_premium,q4_alto,1960,jimi hendrix,all along the watchtower,1,1,True,0,Canciones Energeticas
1927,"window of my eyes - from ""the american"" soundtrack",cuby & the blizzards,dutch indie,1968,184,53,41,-9,31,41,206,19,3,43,zona_critica,q1_bajo,1960,cuby the blizzards,window of my eyes from the american soundtrack,0,0,False,1,Baladas Acusticas
1928,i say a little prayer,aretha franklin,adult standards,1968,133,36,59,-14,6,50,217,48,4,75,potencial_premium,q4_alto,1960,aretha franklin,i say a little prayer,16,16,True,1,Baladas Acusticas
1929,(you make me feel like) a natural woman,aretha franklin,adult standards,1968,111,32,65,-9,19,28,167,21,3,69,rendimiento_medio,q3_medio_alto,1960,aretha franklin,you make me feel like a natural woman,16,16,True,1,Baladas Acusticas
1930,white room,cream,album rock,1968,110,58,55,-13,4,46,298,19,3,74,potencial_premium,q4_alto,1960,cream,white room,0,0,False,1,Baladas Acusticas
1931,"mrs. robinson - from ""the graduate"" soundtrack",simon & garfunkel,classic rock,1968,92,46,61,-14,7,81,244,71,5,76,potencial_premium,q4_alto,1960,simon garfunkel,mrs robinson from the graduate soundtrack,0,0,False,1,Baladas Acusticas
1932,what a wonderful world - single version,louis armstrong,adult standards,1968,77,17,27,-21,12,20,139,73,4,68,rendimiento_medio,q3_medio_alto,1960,louis armstrong,what a wonderful world single version,1,1,True,1,Baladas Acusticas
1933,lea,the cats,classic uk pop,1968,167,52,18,-8,6,42,222,39,3,48,zona_critica,q1_bajo,1960,the cats,lea,0,0,False,1,Baladas Acusticas
1934,the weight - remastered,the band,album rock,1968,144,55,63,-9,10,52,274,37,5,72,potencial_premium,q4_alto,1960,the band,the weight remastered,0,0,False,0,Canciones Energeticas
1935,ain't got no - i got life - remastered,nina simone,adult standards,1968,122,72,62,-10,76,89,176,20,4,48,zona_critica,q1_bajo,1960,nina simone,ain t got no i got life remastered,0,0,False,0,Canciones Energeticas
1936,voodoo child (slight return),jimi hendrix,album rock,1968,176,91,21,-7,5,45,313,48,39,67,rendimiento_medio,q3_medio_alto,1960,jimi hendrix,voodoo child slight return,1,1,True,0,Canciones Energeticas
1937,suzie q,creedence clearwater revival,album rock,1968,130,62,44,-11,17,70,517,6,3,56,rendimiento_medio,q2_medio_bajo,1960,creedence clearwater revival,suzie q,0,0,False,0,Canciones Energeticas
1938,born to be wild - single version,steppenwolf,album rock,1968,146,73,44,-12,24,54,213,26,10,67,rendimiento_medio,q3_medio_alto,1960,steppenwolf,born to be wild single version,0,0,False,0,Canciones Energeticas
1939,words,bee gees,adult standards,1968,80,29,26,-10,16,25,198,14,3,59,rendimiento_medio,q2_medio_bajo,1960,bee gees,words,2,2,True,1,Baladas Acusticas
1940,massachussetts,bee gees,adult standards,1968,102,44,48,-14,6,42,148,1,3,57,rendimiento_medio,q2_medio_bajo,1960,bee gees,massachussetts,2,2,True,1,Baladas Acusticas
1941,times were when,the cats,classic uk pop,1968,99,56,45,-9,5,61,191,24,3,43,zona_critica,q1_bajo,1960,the cats,times were when,0,0,False,0,Canciones Energeticas
1942,i started a joke,bee gees,adult standards,1968,145,46,31,-9,13,43,188,16,3,66,rendimiento_medio,q3_medio_alto,1960,bee gees,i started a joke,2,2,True,1,Baladas Acusticas
1943,macarthur park,richard harris,pop,1968,170,34,25,-16,14,37,450,80,3,36,zona_critica,q1_bajo,1960,richard harris,macarthur park,1,1,True,1,Baladas Acusticas
1944,i'd rather go blind,etta james,adult standards,1968,83,43,48,-6,15,61,157,69,2,67,rendimiento_medio,q3_medio_alto,1960,etta james,i d rather go blind,3,3,True,1,Baladas Acusticas
1945,daydream believer,the monkees,brill building pop,1968,126,49,51,-10,11,65,180,26,3,69,rendimiento_medio,q3_medio_alto,1960,the monkees,daydream believer,0,0,False,1,Baladas Acusticas
1946,back in the u.s.s.r. - remastered 2009,the beatles,british invasion,1968,142,97,48,-7,6,49,163,7,9,66,rendimiento_medio,q3_medio_alto,1960,the beatles,back in the u s s r remastered 2009,8,8,True,0,Canciones Energeticas
1947,"girl, you'll be a woman soon",neil diamond,adult standards,1968,110,64,52,-6,32,66,180,57,3,59,rendimiento_medio,q2_medio_bajo,1960,neil diamond,girl you ll be a woman soon,0,0,False,0,Canciones Energeticas
1948,here comes the sun - remastered 2009,the beatles,british invasion,1969,129,54,56,-10,18,39,186,3,3,82,potencial_premium,q4_alto,1960,the beatles,here comes the sun remastered 2009,8,8,True,0,Canciones Energeticas
1949,space oddity - 2015 remaster,david bowie,album rock,1969,140,44,30,-13,18,43,319,7,3,73,potencial_premium,q4_alto,1960,david bowie,space oddity 2015 remaster,3,3,True,1,Baladas Acusticas
1950,gimme shelter,the rolling stones,album rock,1969,119,63,63,-8,17,49,271,45,3,76,potencial_premium,q4_alto,1960,the rolling stones,gimme shelter,3,3,True,0,Canciones Energeticas
1951,suspicious minds,elvis presley,adult standards,1969,117,38,49,-11,41,71,261,4,3,72,potencial_premium,q4_alto,1960,elvis presley,suspicious minds,3,3,True,1,Baladas Acusticas
1952,whole lotta love - 1990 remaster,led zeppelin,album rock,1969,90,90,41,-12,41,42,334,5,41,76,potencial_premium,q4_alto,1960,led zeppelin,whole lotta love 1990 remaster,1,1,True,0,Canciones Energeticas
1953,sweet caroline,neil diamond,adult standards,1969,63,13,53,-16,24,58,204,61,3,78,potencial_premium,q4_alto,1960,neil diamond,sweet caroline,0,0,False,1,Baladas Acusticas
1954,fortunate son,creedence clearwater revival,album rock,1969,133,66,64,-8,15,66,141,20,4,80,potencial_premium,q4_alto,1960,creedence clearwater revival,fortunate son,0,0,False,0,Canciones Energeticas
1955,in the ghetto,elvis presley,adult standards,1969,89,27,40,-17,11,49,167,72,3,63,rendimiento_medio,q3_medio_alto,1960,elvis presley,in the ghetto,3,3,True,1,Baladas Acusticas
1956,bad moon rising,creedence clearwater revival,album rock,1969,179,77,51,-6,6,94,142,6,3,77,potencial_premium,q4_alto,1960,creedence clearwater revival,bad moon rising,0,0,False,0,Canciones Energeticas
1957,you can't always get what you want,the rolling stones,album rock,1969,86,62,32,-10,25,47,449,64,6,67,rendimiento_medio,q3_medio_alto,1960,the rolling stones,you can t always get what you want,3,3,True,1,Baladas Acusticas
1958,with a little help from my friends,joe cocker,album rock,1969,145,43,31,-11,10,31,312,29,6,69,rendimiento_medio,q3_medio_alto,1960,joe cocker,with a little help from my friends,0,0,False,1,Baladas Acusticas
1959,my way,frank sinatra,adult standards,1969,75,38,40,-7,12,23,277,70,3,73,potencial_premium,q4_alto,1960,frank sinatra,my way,8,8,True,1,Baladas Acusticas
1960,come together - remastered 2009,the beatles,british invasion,1969,165,38,53,-12,9,19,260,3,4,79,potencial_premium,q4_alto,1960,the beatles,come together remastered 2009,8,8,True,1,Baladas Acusticas
1961,something - remastered 2009,the beatles,british invasion,1969,134,34,40,-11,14,38,182,20,3,72,potencial_premium,q4_alto,1960,the beatles,something remastered 2009,8,8,True,1,Baladas Acusticas
1962,albatross - 2018 remaster,fleetwood mac,album rock,1969,136,6,32,-22,14,26,191,83,4,50,rendimiento_medio,q2_medio_bajo,1960,fleetwood mac,albatross 2018 remaster,1,1,True,1,Baladas Acusticas
1963,just a little bit of peace in my heart,golden earring,album rock,1969,95,72,27,-6,6,26,320,1,3,42,zona_critica,q1_bajo,1960,golden earring,just a little bit of peace in my heart,0,0,False,0,Canciones Energeticas
1964,venus,shocking blue,classic rock,1969,128,76,69,-6,8,96,188,46,4,59,rendimiento_medio,q2_medio_bajo,1960,shocking blue,venus,0,0,False,0,Canciones Energeticas
1965,son of a preacher man,dusty springfield,adult standards,1969,182,50,40,-11,13,82,149,39,8,61,rendimiento_medio,q2_medio_bajo,1960,dusty springfield,son of a preacher man,0,0,False,1,Baladas Acusticas
1966,pinball wizard,the who,album rock,1969,124,72,54,-9,26,47,181,2,4,69,rendimiento_medio,q3_medio_alto,1960,the who,pinball wizard,0,0,False,0,Canciones Energeticas
1967,marian,the cats,classic uk pop,1969,80,45,39,-10,19,39,240,0,3,46,zona_critica,q1_bajo,1960,the cats,marian,0,0,False,1,Baladas Acusticas
1968,proud mary,creedence clearwater revival,album rock,1969,121,39,72,-17,5,79,187,16,3,60,rendimiento_medio,q2_medio_bajo,1960,creedence clearwater revival,proud mary,0,0,False,1,Baladas Acusticas
1969,beautiful people,melanie,classic uk pop,1969,129,44,54,-9,40,37,215,61,5,44,zona_critica,q1_bajo,1960,melanie,beautiful people,0,0,False,1,Baladas Acusticas
1970,oh well (pt. 1) - 2013 remaster,fleetwood mac,album rock,1969,103,59,47,-10,14,22,202,20,14,41,zona_critica,q1_bajo,1960,fleetwood mac,oh well pt 1 2013 remaster,1,1,True,1,Baladas Acusticas
1971,born on the bayou,creedence clearwater revival,album rock,1969,117,39,68,-16,11,55,315,7,5,59,rendimiento_medio,q2_medio_bajo,1960,creedence clearwater revival,born on the bayou,0,0,False,1,Baladas Acusticas
1972,scarlet ribbons,the cats,classic uk pop,1969,101,42,48,-10,14,47,197,9,3,44,zona_critica,q1_bajo,1960,the cats,scarlet ribbons,0,0,False,1,Baladas Acusticas
1973,the thrill is gone,b.b. king,blues,1969,91,46,55,-9,10,54,325,34,3,60,rendimiento_medio,q2_medio_bajo,1960,b b king,the thrill is gone,11,11,True,1,Baladas Acusticas
1974,dazed and confused,led zeppelin,album rock,1969,87,55,27,-10,10,43,386,4,5,63,rendimiento_medio,q3_medio_alto,1960,led zeppelin,dazed and confused,1,1,True,1,Baladas Acusticas
1975,overture,the who,album rock,1969,118,62,48,-10,14,19,320,6,3,43,zona_critica,q1_bajo,1960,the who,overture,0,0,False,1,Baladas Acusticas
1976,streets of london,ralph mctell,british folk,1969,156,30,40,-15,10,19,249,63,3,57,rendimiento_medio,q2_medio_bajo,1960,ralph mctell,streets of london,0,0,False,1,Baladas Acusticas
1977,down on the corner,creedence clearwater revival,album rock,1969,108,54,86,-9,7,87,166,58,8,73,potencial_premium,q4_alto,1960,creedence clearwater revival,down on the corner,0,0,False,0,Canciones Energeticas
1978,appleknockers flophouse,cuby & the blizzards,dutch indie,1969,197,71,31,-9,26,67,151,0,10,34,zona_critica,q1_bajo,1960,cuby the blizzards,appleknockers flophouse,0,0,False,0,Canciones Energeticas
1979,the first time ever i saw your face,roberta flack,adult standards,1969,121,3,31,-22,16,14,261,73,4,64,rendimiento_medio,q3_medio_alto,1960,roberta flack,the first time ever i saw your face,3,3,True,1,Baladas Acusticas
1980,touch me,the doors,album rock,1969,109,90,43,-5,12,77,190,41,7,68,rendimiento_medio,q3_medio_alto,1960,the doors,touch me,1,1,True,0,Canciones Energeticas
1981,summertime,brainbox,dutch prog,1969,89,55,38,-9,31,25,263,4,3,36,zona_critica,q1_bajo,1960,brainbox,summertime,0,0,False,1,Baladas Acusticas
1982,midnight rambler,the rolling stones,album rock,1969,75,66,40,-10,17,51,413,77,12,50,rendimiento_medio,q2_medio_bajo,1960,the rolling stones,midnight rambler,3,3,True,1,Baladas Acusticas
1983,get ready,rare earth,blues rock,1969,127,87,41,-6,83,65,1292,0,4,45,zona_critica,q1_bajo,1960,rare earth,get ready,0,0,False,0,Canciones Energeticas
1984,black magic woman - 2018 remaster,fleetwood mac,album rock,1969,129,41,46,-11,28,44,173,5,4,48,zona_critica,q1_bajo,1960,fleetwood mac,black magic woman 2018 remaster,1,1,True,1,Baladas Acusticas
1985,suite: judy blue eyes - remastered,"crosby, stills & nash",album rock,1969,154,36,45,-13,20,30,444,47,4,67,rendimiento_medio,q3_medio_alto,1960,crosby stills nash,suite judy blue eyes remastered,0,0,False,1,Baladas Acusticas
1986,blue suede shoes,elvis presley,adult standards,1956,95,66,56,-8,14,96,119,65,6,62,rendimiento_medio,q2_medio_bajo,1950,elvis presley,blue suede shoes,3,3,True,0,Canciones Energeticas
1987,jailhouse rock,elvis presley,adult standards,1958,167,58,65,-10,7,92,146,41,8,73,potencial_premium,q4_alto,1950,elvis presley,jailhouse rock,3,3,True,0,Canciones Energeticas
1988,my baby just cares for me - 2013 remastered version,nina simone,adult standards,1958,119,24,75,-15,9,43,216,83,12,68,rendimiento_medio,q3_medio_alto,1950,nina simone,my baby just cares for me 2013 remastered version,0,0,False,1,Baladas Acusticas
1989,summertime,louis armstrong,adult standards,1958,168,7,17,-21,14,10,298,92,3,66,rendimiento_medio,q3_medio_alto,1950,louis armstrong,summertime,1,1,True,1,Baladas Acusticas
1990,heartbreak hotel,elvis presley,adult standards,1958,94,21,70,-12,11,72,128,84,7,63,rendimiento_medio,q3_medio_alto,1950,elvis presley,heartbreak hotel,3,3,True,1,Baladas Acusticas
1991,hound dog,elvis presley,adult standards,1958,175,76,36,-8,76,95,136,73,6,69,rendimiento_medio,q3_medio_alto,1950,elvis presley,hound dog,3,3,True,0,Canciones Energeticas
1992,johnny b. goode,chuck berry,blues rock,1959,168,80,53,-9,31,97,162,74,7,74,potencial_premium,q4_alto,1950,chuck berry,johnny b goode,0,0,False,0,Canciones Energeticas
1993,take five,the dave brubeck quartet,bebop,1959,174,26,45,-13,7,60,324,54,4,65,rendimiento_medio,q3_medio_alto,1950,the dave brubeck quartet,take five,0,0,False,1,Baladas Acusticas
1994,blueberry hill,fats domino,adult standards,1959,133,50,49,-10,16,83,148,74,3,56,rendimiento_medio,q2_medio_bajo,1950,fats domino,blueberry hill,0,0,False,1,Baladas Acusticas
